"AB10",57.135201,-2.120427
"AB11",57.139131,-2.092889
"AB12",57.102091,-2.112728
"AB13",57.108239,-2.23697
"AB14",57.100423,-2.27139
"AB15",57.137524,-2.168202
"AB16",57.160094,-2.156673
"AB21",57.209564,-2.201884
"AB22",57.186555,-2.122274
"AB23",57.213425,-2.089219
"AB24",57.163925,-2.107928
"AB25",57.152708,-2.114032
"AB30",56.846956,-2.477701
"AB31",57.073105,-2.522599
"AB32",57.155085,-2.318361
"AB33",57.225616,-2.740774
"AB34",57.093749,-2.811659
"AB35",57.038276,-3.150851
"AB36",57.19741,-3.068684
"AB37",57.327531,-3.352623
"AB38",57.486333,-3.2265
"AB39",56.979228,-2.217192
"AB41",57.37383,-2.104037
"AB42",57.501082,-1.89235
"AB43",57.636466,-2.05877
"AB44",57.668262,-2.492264
"AB45",57.651555,-2.567599
"AB51",57.287678,-2.403611
"AB52",57.343587,-2.609067
"AB53",57.52504,-2.393764
"AB54",57.454276,-2.761594
"AB55",57.488126,-3.010784
"AB56",57.67441,-2.928788
"AB99",57.11134,-2.093992
"AL1",51.748908,-0.323706
"AL10",51.76038,-0.23251
"AL2",51.719128,-0.335482
"AL3",51.780399,-0.377552
"AL4",51.774017,-0.294998
"AL5",51.815209,-0.351957
"AL6",51.832174,-0.199863
"AL7",51.796844,-0.187122
"AL8",51.803661,-0.211688
"AL9",51.744691,-0.197818
"B1",52.48,-1.909155
"B10",52.469587,-1.852353
"B11",52.454495,-1.858058
"B12",52.460662,-1.883534
"B13",52.437523,-1.878972
"B14",52.417341,-1.88982
"B15",52.466112,-1.923512
"B16",52.477153,-1.934298
"B17",52.46123,-1.958673
"B18",52.491346,-1.925718
"B19",52.497155,-1.905798
"B2",52.489966,-1.896299
"B20",52.5155,-1.919195
"B21",52.506939,-1.941564
"B23",52.528514,-1.855217
"B24",52.519615,-1.827144
"B25",52.465291,-1.821643
"B26",52.461597,-1.788773
"B27",52.44456,-1.822812
"B28",52.427201,-1.843215
"B29",52.437642,-1.947992
"B3",52.485085,-1.902389
"B30",52.421961,-1.927762
"B31",52.408075,-1.973406
"B32",52.448466,-1.994534
"B33",52.480268,-1.788414
"B34",52.496419,-1.781715
"B35",52.518847,-1.789063
"B36",52.504201,-1.77847
"B37",52.478424,-1.742185
"B38",52.399912,-1.934777
"B4",52.485796,-1.892818
"B40",52.456909,-1.72258
"B42",52.53463,-1.912751
"B43",52.548523,-1.930811
"B44",52.545665,-1.885101
"B45",52.388508,-2.009106
"B46",52.508892,-1.694956
"B47",52.385459,-1.880112
"B48",52.354774,-1.946964
"B49",52.217742,-1.867272
"B5",52.469591,-1.89755
"B50",52.16834,-1.856219
"B6",52.505289,-1.885983
"B60",52.324304,-2.049417
"B61",52.346425,-2.068352
"B62",52.457061,-2.033699
"B63",52.451476,-2.069918
"B64",52.472588,-2.069224
"B65",52.483647,-2.043824
"B66",52.492666,-1.964748
"B67",52.485601,-1.978804
"B68",52.478571,-2.001389
"B69",52.502762,-2.030518
"B7",52.494166,-1.872404
"B70",52.520845,-2.004324
"B71",52.536027,-1.990473
"B72",52.550167,-1.82199
"B73",52.553521,-1.842097
"B74",52.584253,-1.86207
"B75",52.578752,-1.808528
"B76",52.543501,-1.782709
"B77",52.61852,-1.668743
"B78",52.605307,-1.67328
"B79",52.650759,-1.681998
"B8",52.491127,-1.841322
"B80",52.273488,-1.892222
"B9",52.478178,-1.8509
"B90",52.399193,-1.826287
"B91",52.413998,-1.783377
"B92",52.437304,-1.774262
"B93",52.380486,-1.743881
"B94",52.349527,-1.793896
"B95",52.285884,-1.780707
"B96",52.251756,-1.960366
"B97",52.299446,-1.954793
"B98",52.302244,-1.9132
"B99",52.495926,-1.894259
"BA1",51.392872,-2.361197
"BA10",51.113169,-2.447873
"BA11",51.233189,-2.324653
"BA12",51.170875,-2.188806
"BA13",51.262115,-2.181826
"BA14",51.319256,-2.201941
"BA15",51.348284,-2.258126
"BA16",51.124221,-2.745726
"BA2",51.35923,-2.379306
"BA20",50.938049,-2.645106
"BA21",50.952095,-2.633719
"BA22",50.969303,-2.638064
"BA3",51.2717,-2.478577
"BA4",51.172502,-2.531838
"BA5",51.212626,-2.655124
"BA6",51.142037,-2.707854
"BA7",51.089331,-2.519436
"BA8",50.996164,-2.411669
"BA9",51.057702,-2.410045
"BB1",53.756782,-2.462978
"BB10",53.799579,-2.219589
"BB11",53.782671,-2.253857
"BB12",53.803468,-2.292702
"BB18",53.914558,-2.172025
"BB2",53.741634,-2.501833
"BB3",53.698018,-2.466344
"BB4",53.703728,-2.291915
"BB5",53.754316,-2.373419
"BB6",53.792908,-2.417571
"BB7",53.87107,-2.388965
"BB8",53.857966,-2.163512
"BB9",53.837401,-2.215623
"BB94",53.915243,-2.138033
"BD1",53.796675,-1.7545
"BD10",53.832909,-1.724777
"BD11",53.752228,-1.675761
"BD12",53.745674,-1.762671
"BD13",53.786758,-1.861443
"BD14",53.782185,-1.818337
"BD15",53.810094,-1.838326
"BD16",53.84852,-1.833315
"BD17",53.847565,-1.768364
"BD18",53.830636,-1.776957
"BD19",53.727337,-1.714116
"BD2",53.815236,-1.734597
"BD20",53.898295,-1.949854
"BD21",53.864213,-1.907663
"BD22",53.84583,-1.955427
"BD23",53.993272,-2.056491
"BD24",54.080129,-2.284141
"BD3",53.798489,-1.726682
"BD4",53.776351,-1.718751
"BD5",53.778148,-1.759129
"BD6",53.764524,-1.786206
"BD7",53.783441,-1.785697
"BD8",53.801728,-1.784001
"BD9",53.812877,-1.792317
"BD97",53.826472,-1.796732
"BD98",50.779307,-6.109201
"BD99",53.79476,-1.766368
"BH1",50.724906,-1.860322
"BH10",50.75958,-1.892939
"BH11",50.762149,-1.919632
"BH12",50.737402,-1.927466
"BH13",50.708815,-1.92051
"BH14",50.721375,-1.944478
"BH15",50.722364,-1.985441
"BH16",50.740122,-2.04766
"BH17",50.74688,-1.980087
"BH18",50.759584,-1.998558
"BH19",50.611521,-1.970883
"BH2",50.721073,-1.88406
"BH20",50.687077,-2.149117
"BH21",50.81273,-1.974459
"BH22",50.805318,-1.888582
"BH23",50.747578,-1.754277
"BH24",50.843115,-1.789135
"BH25",50.752823,-1.657981
"BH3",50.73658,-1.883356
"BH31",50.87597,-1.872535
"BH4",50.721283,-1.899731
"BH5",50.725301,-1.83228
"BH6",50.727645,-1.801926
"BH7",50.736373,-1.82645
"BH8",50.742077,-1.851882
"BH9",50.749618,-1.872752
"BL0",53.648421,-2.316983
"BL1",53.590521,-2.444842
"BL11",53.572258,-2.425381
"BL2",53.588518,-2.395009
"BL3",53.564685,-2.432177
"BL4",53.546235,-2.401575
"BL5",53.548189,-2.515447
"BL6",53.591796,-2.540873
"BL7",53.631767,-2.422374
"BL78",53.564115,-2.410658
"BL8",53.604763,-2.327509
"BL9",53.591802,-2.287044
"BN1",50.842346,-0.139502
"BN10",50.79594,0.001182
"BN11",50.81357,-0.377155
"BN12",50.813975,-0.429338
"BN13",50.832673,-0.411342
"BN14",50.83406,-0.381732
"BN15",50.830348,-0.325705
"BN16",50.814502,-0.495664
"BN17",50.814885,-0.540003
"BN18",50.847829,-0.583663
"BN2",50.825035,-0.10097
"BN20",50.774801,0.251913
"BN21",50.772685,0.27656
"BN22",50.789595,0.283828
"BN23",50.797598,0.312527
"BN24",50.816805,0.326569
"BN25",50.776562,0.108324
"BN26",50.821176,0.222677
"BN27",50.87186,0.263445
"BN3",50.835288,-0.177722
"BN41",50.841587,-0.217603
"BN42",50.837616,-0.234736
"BN43",50.836079,-0.266882
"BN44",50.891192,-0.322071
"BN45",50.896706,-0.190226
"BN5",50.927344,-0.268882
"BN50",50.826334,-0.140818
"BN51",50.804823,-0.058672
"BN52",50.834409,-0.168063
"BN6",50.931072,-0.155648
"BN7",50.877349,-0.00095
"BN8",50.91673,0.052909
"BN88",50.827485,-0.140057
"BN9",50.795682,0.049764
"BN91",49.766807,-7.55716
"BN95",50.823161,-0.330051
"BN99",50.823016,-0.350022
"BR1",51.412006,0.020872
"BR2",51.387284,0.022403
"BR3",51.404599,-0.030532
"BR4",51.375,-0.008361
"BR5",51.391709,0.103364
"BR6",51.365158,0.091204
"BR7",51.414827,0.064265
"BR8",51.398562,0.174368
"BS1",51.453359,-2.593395
"BS10",51.506701,-2.610845
"BS11",51.497304,-2.675304
"BS13",51.412108,-2.611985
"BS14",51.412979,-2.562901
"BS15",51.459602,-2.506871
"BS16",51.486768,-2.509867
"BS2",51.460015,-2.582064
"BS20",51.480601,-2.75343
"BS21",51.435046,-2.849854
"BS22",51.36106,-2.929355
"BS23",51.343097,-2.971993
"BS24",51.330208,-2.929362
"BS25",51.319779,-2.820469
"BS26",51.278966,-2.85656
"BS27",51.272194,-2.771776
"BS28",51.226096,-2.815115
"BS29",51.330206,-2.87439
"BS3",51.438653,-2.603078
"BS30",51.444713,-2.471446
"BS31",51.40872,-2.492495
"BS32",51.544438,-2.55762
"BS34",51.52146,-2.572508
"BS35",51.597751,-2.54887
"BS36",51.525758,-2.486479
"BS37",51.540765,-2.414124
"BS39",51.328342,-2.533573
"BS4",51.43531,-2.563423
"BS40",51.346524,-2.691664
"BS41",51.422046,-2.653476
"BS48",51.425146,-2.747865
"BS49",51.382795,-2.812009
"BS5",51.462048,-2.551715
"BS6",51.470776,-2.600417
"BS7",51.48697,-2.581472
"BS8",51.457548,-2.622202
"BS9",51.487313,-2.626769
"BS98",51.45975,-2.588964
"BS99",51.445057,-2.595615
"CA1",54.885855,-2.91233
"CA10",54.6116,-2.658434
"CA11",54.664456,-2.784419
"CA12",54.602529,-3.134547
"CA13",54.659737,-3.368273
"CA14",54.634665,-3.5379
"CA15",54.712186,-3.481006
"CA16",54.574086,-2.483883
"CA17",54.480226,-2.350918
"CA18",54.354309,-3.391111
"CA19",54.38691,-3.383933
"CA2",54.883964,-2.951336
"CA20",54.410495,-3.462187
"CA21",54.445414,-3.516413
"CA22",54.48064,-3.53287
"CA23",54.515127,-3.493482
"CA24",54.515459,-3.543588
"CA25",54.523093,-3.519182
"CA26",54.54459,-3.482504
"CA27",54.491002,-3.593522
"CA28",54.543619,-3.5785
"CA3",54.909222,-2.940291
"CA4",54.846996,-2.83167
"CA5",54.854703,-3.019209
"CA6",54.993516,-2.894688
"CA7",54.807585,-3.239235
"CA8",54.939331,-2.686121
"CA9",54.800918,-2.413627
"CA95",54.644668,-3.56645
"CB1",52.195401,0.142111
"CB10",52.028717,0.263038
"CB11",51.99928,0.212022
"CB2",52.185897,0.123205
"CB21",52.127852,0.281812
"CB22",52.128399,0.135186
"CB23",52.215376,-0.03237
"CB24",52.278102,0.082115
"CB25",52.26092,0.253696
"CB3",52.212282,0.098245
"CB4",52.222903,0.129847
"CB5",52.212341,0.153803
"CB6",52.404756,0.221899
"CB7",52.361709,0.324299
"CB8",52.229966,0.427831
"CB9",52.083325,0.439782
"CF10",51.474671,-3.173407
"CF11",51.472452,-3.192203
"CF14",51.51985,-3.204317
"CF15",51.533598,-3.272052
"CF23",51.514448,-3.155215
"CF24",51.487981,-3.162006
"CF3",51.520343,-3.111083
"CF30",51.519626,-3.119562
"CF31",51.508853,-3.578499
"CF32",51.559949,-3.584253
"CF33",51.525565,-3.693186
"CF34",51.610557,-3.652073
"CF35",51.522633,-3.525468
"CF36",51.485054,-3.699497
"CF37",51.603365,-3.334291
"CF38",51.560569,-3.33278
"CF39",51.600091,-3.425433
"CF40",51.620348,-3.451612
"CF41",51.647368,-3.482008
"CF42",51.667349,-3.523851
"CF43",51.657616,-3.450059
"CF44",51.718413,-3.459118
"CF45",51.669615,-3.362278
"CF46",51.664772,-3.300627
"CF47",51.751567,-3.375018
"CF48",51.741577,-3.371511
"CF5",51.482834,-3.24452
"CF61",51.408385,-3.481205
"CF62",51.403985,-3.311088
"CF63",51.412274,-3.2572
"CF64",51.43331,-3.191715
"CF71",51.460848,-3.459152
"CF72",51.529894,-3.401573
"CF81",51.701718,-3.244612
"CF82",51.651052,-3.237948
"CF83",51.586689,-3.218808
"CF91",51.465565,-3.193989
"CF95",51.481196,-3.171039
"CF99",51.464504,-3.161341
"CH1",53.202108,-2.908116
"CH2",53.217853,-2.868863
"CH25",53.397057,-3.01145
"CH26",53.365688,-3.065906
"CH27",53.419621,-3.036424
"CH28",53.400577,-3.111945
"CH29",53.390158,-3.179431
"CH3",53.16475,-2.819806
"CH30",53.37894,-3.098393
"CH31",53.329667,-3.098808
"CH32",53.361964,-2.997605
"CH33",53.29055,-3.062639
"CH34",53.278797,-2.904834
"CH4",53.169487,-2.908718
"CH41",53.394194,-3.032641
"CH42",53.37389,-3.02277
"CH43",53.384324,-3.059662
"CH44",53.415297,-3.037094
"CH45",53.428916,-3.051729
"CH46",53.403986,-3.110864
"CH47",53.396483,-3.169178
"CH48",53.370159,-3.169379
"CH49",53.381098,-3.10396
"CH60",53.326484,-3.096086
"CH61",53.349075,-3.102005
"CH62",53.33425,-2.981561
"CH63",53.344296,-3.012464
"CH64",53.288183,-3.047758
"CH65",53.27703,-2.901818
"CH66",53.277436,-2.936374
"CH70",53.192744,-2.922557
"CH88",53.194591,-2.874551
"CH99",53.176375,-2.89487
"CH1",53.201088,-2.957516
"CH4",53.161608,-2.988588
"CH5",53.203913,-3.042326
"CH6",53.249396,-3.144673
"CH7",53.169986,-3.132267
"CH8",53.282934,-3.24636
"CM0",51.662969,0.834574
"CM1",51.7467,0.457301
"CM11",51.623634,0.445977
"CM12",51.628259,0.414456
"CM13",51.615376,0.338354
"CM14",51.618692,0.292055
"CM15",51.644328,0.303589
"CM16",51.700238,0.120075
"CM17",51.772844,0.14647
"CM18",51.755304,0.106033
"CM19",51.759455,0.071173
"CM2",51.720805,0.48662
"CM20",51.775484,0.102779
"CM21",51.812268,0.145024
"CM22",51.865804,0.22694
"CM23",51.872398,0.158441
"CM24",51.899119,0.204126
"CM3",51.720917,0.584208
"CM4",51.675085,0.390362
"CM5",51.72179,0.248224
"CM6",51.878277,0.365866
"CM7",51.897357,0.537333
"CM77",51.866775,0.552309
"CM8",51.805403,0.637396
"CM9",51.740986,0.701205
"CM92",51.769357,0.061253
"CM98",51.752102,0.518427
"CM99",51.742492,0.500602
"CO1",51.883963,0.896331
"CO10",52.058557,0.720742
"CO11",51.942036,1.076775
"CO12",51.931325,1.253025
"CO13",51.83897,1.236793
"CO14",51.850283,1.267185
"CO15",51.79637,1.154822
"CO16",51.822004,1.12264
"CO2",51.869772,0.894379
"CO3",51.884493,0.856457
"CO4",51.909119,0.919681
"CO5",51.815189,0.82021
"CO6",51.925286,0.792286
"CO7",51.881842,1.005024
"CO8",51.973465,0.765645
"CO9",51.96918,0.609193
"CR0",51.373202,-0.07747
"CR2",51.347847,-0.081852
"CR3",51.288158,-0.082509
"CR4",51.40441,-0.15916
"CR44",51.382348,-0.132875
"CR5",51.311071,-0.141445
"CR6",51.309086,-0.052842
"CR7",51.399163,-0.106753
"CR8",51.331825,-0.113833
"CR9",51.374123,-0.098472
"CR90",51.378068,-0.113291
"CT1",51.277622,1.085904
"CT10",51.363166,1.429415
"CT11",51.3361,1.413232
"CT12",51.34338,1.369436
"CT13",51.266447,1.327009
"CT14",51.216764,1.385395
"CT15",51.172506,1.281894
"CT16",51.142055,1.299251
"CT17",51.129115,1.293772
"CT18",51.115633,1.149284
"CT19",51.089093,1.167986
"CT2",51.293677,1.079948
"CT20",51.079838,1.163338
"CT21",51.072628,1.07623
"CT3",51.276955,1.211765
"CT4",51.223883,1.064616
"CT5",51.353446,1.03492
"CT50",51.079534,1.143559
"CT6",51.364428,1.129609
"CT7",51.370544,1.296524
"CT8",51.379905,1.336683
"CT9",51.38344,1.38932
"CV1",52.409452,-1.506354
"CV10",52.526088,-1.50186
"CV11",52.519673,-1.45337
"CV12",52.478986,-1.472391
"CV13",52.617307,-1.412867
"CV2",52.42452,-1.463574
"CV21",52.376842,-1.250552
"CV22",52.359101,-1.278413
"CV23",52.368611,-1.285193
"CV3",52.391034,-1.478239
"CV31",52.277731,-1.524715
"CV32",52.297943,-1.531541
"CV33",52.255754,-1.487077
"CV34",52.281752,-1.578916
"CV35",52.221397,-1.593181
"CV36",52.059138,-1.621912
"CV37",52.182852,-1.715133
"CV4",52.397137,-1.570929
"CV47",52.235374,-1.385368
"CV5",52.412428,-1.55535
"CV6",52.434186,-1.507591
"CV7",52.446577,-1.569668
"CV8",52.352025,-1.542167
"CV9",52.585699,-1.561481
"CW1",53.103563,-2.435994
"CW10",53.188798,-2.44366
"CW11",53.14325,-2.367411
"CW12",53.165744,-2.213568
"CW2",53.079867,-2.446673
"CW3",52.99794,-2.408442
"CW4",53.208829,-2.355132
"CW5",53.061904,-2.522198
"CW6",53.162358,-2.667135
"CW7",53.189917,-2.529127
"CW8",53.25357,-2.5649
"CW9",53.258533,-2.502071
"CW98",53.088659,-2.431145
"DA1",51.448118,0.209382
"DA10",51.441768,0.304904
"DA11",51.434593,0.350635
"DA12",51.427794,0.387186
"DA13",51.378507,0.351825
"DA14",51.425019,0.111752
"DA15",51.441448,0.098195
"DA16",51.464855,0.106265
"DA17",51.486066,0.149292
"DA18",51.494313,0.136072
"DA2",51.432154,0.233307
"DA3",51.384115,0.308374
"DA4",51.388587,0.232218
"DA5",51.440686,0.146034
"DA6",51.455172,0.138665
"DA7",51.465614,0.146008
"DA8",51.475751,0.175983
"DA9",51.448131,0.278344
"DD1",56.461019,-2.976427
"DD10",56.748394,-2.427095
"DD11",56.573613,-2.599104
"DD2",56.470312,-3.031837
"DD3",56.483154,-2.989882
"DD4",56.482073,-2.935754
"DD5",56.479894,-2.857942
"DD6",56.436351,-2.926057
"DD7",56.502911,-2.719483
"DD8",56.655854,-2.92195
"DD9",56.748162,-2.668418
"DE1",52.92227,-1.477684
"DE11",52.772696,-1.556631
"DE12",52.723291,-1.55381
"DE13",52.807502,-1.693482
"DE14",52.804991,-1.643025
"DE15",52.798202,-1.608833
"DE21",52.934081,-1.432023
"DE22",52.934039,-1.49971
"DE23",52.900403,-1.497752
"DE24",52.889202,-1.452994
"DE3",52.909686,-1.542347
"DE4",53.126884,-1.565638
"DE45",53.214766,-1.678195
"DE5",53.044963,-1.402801
"DE55",53.102418,-1.372237
"DE56",53.021824,-1.475088
"DE6",52.992616,-1.717853
"DE65",52.866944,-1.610793
"DE7",52.973433,-1.323211
"DE72",52.893233,-1.35879
"DE73",52.847115,-1.438109
"DE74",52.839448,-1.32608
"DE75",53.013059,-1.354244
"DE99",52.91492,-1.46562
"DG16",54.997514,-3.04265
"DG1",55.073607,-3.581677
"DG10",55.320074,-3.438126
"DG11",55.11361,-3.338865
"DG12",54.990135,-3.251579
"DG13",55.173263,-3.030523
"DG14",55.081953,-2.982709
"DG16",54.997147,-3.069503
"DG2",55.064672,-3.658794
"DG3",55.23748,-3.799298
"DG4",55.375566,-3.952936
"DG5",54.921278,-3.811132
"DG6",54.780607,-4.094647
"DG7",54.968492,-4.013864
"DG8",54.872311,-4.516366
"DG9",54.877766,-5.022766
"DH1",54.782059,-1.565557
"DH2",54.859733,-1.599552
"DH3",54.872816,-1.568073
"DH4",54.854078,-1.492533
"DH5",54.823275,-1.455189
"DH6",54.752963,-1.463617
"DH7",54.789697,-1.665934
"DH8",54.857026,-1.850694
"DH9",54.868468,-1.710964
"DH97",54.792717,-1.53502
"DH98",54.887333,-1.588409
"DH99",54.788231,-1.549364
"DL1",54.529458,-1.538807
"DL10",54.413939,-1.691438
"DL11",54.439471,-1.876632
"DL12",54.572156,-1.985587
"DL13",54.717046,-1.957527
"DL14",54.651528,-1.692016
"DL15",54.710982,-1.73035
"DL16",54.698952,-1.605639
"DL17",54.680478,-1.541098
"DL2",54.528017,-1.597532
"DL3",54.532491,-1.571552
"DL4",54.630216,-1.644382
"DL5",54.617708,-1.578324
"DL6",54.371207,-1.390288
"DL7",54.337922,-1.485685
"DL8",54.292775,-1.786585
"DL9",54.375396,-1.707519
"DL98",54.527511,-1.5597
"DN1",53.521649,-1.130676
"DN10",53.424516,-0.935224
"DN11",53.44889,-1.082174
"DN12",53.482623,-1.224192
"DN14",53.708481,-0.941785
"DN15",53.614402,-0.65216
"DN16",53.56745,-0.639716
"DN17",53.572714,-0.705659
"DN18",53.681164,-0.447788
"DN19",53.684114,-0.360479
"DN2",53.53366,-1.102614
"DN20",53.558088,-0.506434
"DN21",53.420068,-0.702217
"DN22",53.323787,-0.928236
"DN3",53.546128,-1.059365
"DN31",53.569992,-0.089091
"DN32",53.562094,-0.070175
"DN33",53.539449,-0.099071
"DN34",53.557395,-0.113355
"DN35",53.554553,-0.036345
"DN36",53.511605,-0.040007
"DN37",53.539969,-0.138438
"DN38",53.560491,-0.391151
"DN39",53.616511,-0.335422
"DN4",53.505012,-1.121113
"DN40",53.621101,-0.226662
"DN41",53.581196,-0.195479
"DN5",53.538354,-1.17444
"DN55",53.512922,-1.125721
"DN6",53.597953,-1.178526
"DN7",53.583384,-1.013255
"DN8",53.615263,-0.955194
"DN9",53.505934,-0.892687
"DT1",50.711852,-2.44476
"DT10",50.937427,-2.334166
"DT11",50.86165,-2.183365
"DT2",50.749811,-2.450857
"DT3",50.642257,-2.468275
"DT4",50.609568,-2.465454
"DT5",50.548818,-2.442466
"DT6",50.739193,-2.77552
"DT7",50.729432,-2.94747
"DT8",50.819951,-2.75895
"DT9",50.94197,-2.516176
"DY1",52.516444,-2.096588
"DY10",52.386135,-2.224058
"DY11",52.38448,-2.262126
"DY12",52.386445,-2.33267
"DY13",52.336706,-2.281341
"DY14",52.380518,-2.468588
"DY2",52.496304,-2.081461
"DY3",52.530861,-2.13102
"DY4",52.532862,-2.055264
"DY5",52.48042,-2.123925
"DY6",52.49845,-2.164484
"DY7",52.466359,-2.230881
"DY8",52.46085,-2.155816
"DY9",52.433225,-2.122477
"E1",51.517387,-0.0595
"E10",51.567972,-0.014396
"E11",51.568763,0.013612
"E12",51.550735,0.053012
"E13",51.527798,0.026597
"E14",51.506148,-0.018491
"E15",51.540405,0.003493
"E16",51.510602,0.029073
"E17",51.586923,-0.02073
"E18",51.592762,0.024941
"E1W",51.509178,-0.058926
"E2",51.529584,-0.062642
"E20",51.546484,-0.01017
"E3",51.527935,-0.02527
"E4",51.621736,-0.005781
"E5",51.558878,-0.053759
"E6",51.526568,0.053935
"E7",51.547129,0.027598
"E8",51.543722,-0.066148
"E9",51.544122,-0.042955
"E98",51.508026,-0.064443
"EC1A",51.520314,-0.103908
"EC1M",51.521306,-0.102239
"EC1N",51.519868,-0.10882
"EC1P",51.524565,-0.112042
"EC1R",51.524962,-0.10837
"EC1V",51.526801,-0.09783
"EC1Y",51.52305,-0.092429
"EC2A",51.523662,-0.085565
"EC2M",51.518693,-0.086735
"EC2N",51.515785,-0.085507
"EC2P",51.524202,-0.110716
"EC2R",51.516053,-0.090962
"EC2V",51.515616,-0.09393
"EC2Y",51.519426,-0.093484
"EC3A",51.514808,-0.080145
"EC3M",51.511814,-0.082183
"EC3N",51.511929,-0.076979
"EC3P",51.524049,-0.110519
"EC3R",51.510451,-0.083402
"EC3V",51.512975,-0.08588
"EC4A",51.515786,-0.108262
"EC4M",51.514278,-0.099378
"EC4N",51.512884,-0.091481
"EC4P",51.524565,-0.112042
"EC4R",51.510821,-0.090427
"EC4V",51.512536,-0.099943
"EC4Y",51.512945,-0.10879
"EH1",55.950644,-3.192916
"EH10",55.919846,-3.211095
"EH11",55.932696,-3.25172
"EH12",55.942023,-3.278923
"EH13",55.90678,-3.242953
"EH14",55.908922,-3.285934
"EH15",55.946201,-3.112547
"EH16",55.922476,-3.152928
"EH17",55.905769,-3.143695
"EH18",55.876826,-3.12249
"EH19",55.872407,-3.105086
"EH2",55.952279,-3.202203
"EH20",55.878825,-3.157266
"EH21",55.938518,-3.046241
"EH22",55.884911,-3.06062
"EH23",55.839457,-3.05093
"EH24",55.849695,-3.136935
"EH25",55.86136,-3.174648
"EH26",55.833448,-3.224253
"EH27",55.890658,-3.416513
"EH28",55.929533,-3.390596
"EH29",55.956841,-3.403403
"EH3",55.952156,-3.20639
"EH30",55.985462,-3.39271
"EH31",56.036528,-2.826838
"EH32",55.967471,-2.950848
"EH33",55.941552,-2.945887
"EH34",55.908255,-2.880909
"EH35",55.910932,-2.944652
"EH36",55.855448,-2.854294
"EH37",55.86133,-2.959858
"EH38",55.777335,-2.952776
"EH39",56.047086,-2.73432
"EH4",55.96243,-3.260916
"EH40",55.989646,-2.661096
"EH41",55.948515,-2.776642
"EH42",55.870869,-2.624642
"EH43",55.623844,-3.011361
"EH44",55.619153,-3.063554
"EH45",55.654447,-3.190603
"EH46",55.740476,-3.356717
"EH47",55.858629,-3.666092
"EH48",55.89899,-3.664851
"EH49",55.97594,-3.597854
"EH5",55.975992,-3.222185
"EH51",56.011001,-3.605484
"EH52",55.938252,-3.485369
"EH53",55.894528,-3.473077
"EH54",55.892456,-3.524458
"EH55",55.846374,-3.575508
"EH6",55.972473,-3.175364
"EH7",55.960224,-3.164517
"EH77",49.766807,-7.55716
"EH8",55.948708,-3.164189
"EH9",55.933004,-3.185322
"EH91",55.924978,-3.2986
"EH95",55.97862,-3.25352
"EH99",55.947641,-3.203772
"EN1",51.654205,-0.068088
"EN10",51.738197,-0.023058
"EN11",51.765577,-0.009095
"EN2",51.659989,-0.094216
"EN3",51.660378,-0.036679
"EN4",51.649047,-0.160808
"EN5",51.649946,-0.197537
"EN6",51.699495,-0.176683
"EN7",51.71231,-0.069638
"EN77",49.766807,-7.55716
"EN8",51.699306,-0.033862
"EN9",51.696104,0.014981
"EX1",50.727921,-3.500603
"EX10",50.693172,-3.246618
"EX11",50.746764,-3.289541
"EX12",50.706881,-3.081901
"EX13",50.78713,-3.007185
"EX14",50.814084,-3.19124
"EX15",50.877599,-3.340402
"EX16",50.922694,-3.491673
"EX17",50.8117,-3.705468
"EX18",50.901953,-3.887716
"EX19",50.878027,-4.005615
"EX2",50.709558,-3.514553
"EX20",50.751747,-4.018937
"EX21",50.805742,-4.208503
"EX22",50.827795,-4.367922
"EX23",50.824167,-4.53279
"EX24",50.740459,-3.089482
"EX3",50.686113,-3.459562
"EX31",51.085707,-4.068337
"EX32",51.071867,-4.020164
"EX33",51.115234,-4.174332
"EX34",51.1983,-4.105546
"EX35",51.223978,-3.827285
"EX36",51.016591,-3.795836
"EX37",50.978551,-3.953536
"EX38",50.943942,-4.152138
"EX39",51.015347,-4.245912
"EX4",50.731304,-3.526778
"EX5",50.756112,-3.435179
"EX6",50.676514,-3.597376
"EX7",50.584237,-3.470269
"EX8",50.629815,-3.401734
"EX9",50.639465,-3.324009
"FK1",55.984994,-3.794817
"FK10",56.11582,-3.783111
"FK11",56.1499,-3.851711
"FK12",56.152563,-3.801755
"FK13",56.151897,-3.739878
"FK14",56.167155,-3.655643
"FK15",56.203326,-3.950265
"FK16",56.191109,-4.061367
"FK17",56.23993,-4.219918
"FK18",56.324599,-4.329127
"FK19",56.37061,-4.312953
"FK2",56.004707,-3.755742
"FK20",56.405409,-4.640141
"FK21",56.465943,-4.321013
"FK3",56.01073,-3.720844
"FK4",55.996478,-3.907532
"FK5",56.027256,-3.822454
"FK6",56.021234,-3.915426
"FK7",56.096256,-3.917857
"FK8",56.131682,-4.059095
"FK9",56.144816,-3.943446
"FY1",53.815268,-3.047049
"FY2",53.845916,-3.039701
"FY3",53.821275,-3.020458
"FY4",53.790941,-3.027714
"FY5",53.87529,-3.02205
"FY6",53.867909,-2.981533
"FY7",53.915978,-3.027427
"FY8",53.750779,-3.0024
"G1",55.858835,-4.248896
"G11",55.87332,-4.312961
"G12",55.880543,-4.300638
"G13",55.893621,-4.347764
"G14",55.880448,-4.350778
"G15",55.90926,-4.366203
"G2",55.862853,-4.256409
"G20",55.885856,-4.282639
"G21",55.88223,-4.220133
"G22",55.890723,-4.252026
"G23",55.902481,-4.285092
"G3",55.865834,-4.277812
"G31",55.856546,-4.208012
"G32",55.848891,-4.165515
"G33",55.874143,-4.165253
"G34",55.867912,-4.112121
"G4",55.867616,-4.252422
"G40",55.847571,-4.221047
"G41",55.837615,-4.284452
"G42",55.832066,-4.257461
"G43",55.818495,-4.291812
"G44",55.814191,-4.25559
"G45",55.804963,-4.232838
"G46",55.803303,-4.307881
"G5",55.847672,-4.251793
"G51",55.857738,-4.316542
"G52",55.84774,-4.350085
"G53",55.821139,-4.352674
"G58",55.842364,-4.290693
"G60",55.92189,-4.453856
"G61",55.919123,-4.331711
"G62",55.942715,-4.320766
"G63",56.042875,-4.364571
"G64",55.911414,-4.216984
"G65",55.973479,-4.057669
"G66",55.940506,-4.153915
"G67",55.946615,-3.98728
"G68",55.952984,-4.016065
"G69",55.87546,-4.101117
"G70",55.949874,-3.98798
"G71",55.822336,-4.074787
"G72",55.804155,-4.129506
"G73",55.819422,-4.206862
"G74",55.768902,-4.175024
"G75",55.750788,-4.198433
"G76",55.777075,-4.273032
"G77",55.774053,-4.331699
"G78",55.79284,-4.410042
"G79",55.771004,-4.223076
"G81",55.913872,-4.407744
"G82",55.95176,-4.57404
"G83",56.012227,-4.587052
"G84",56.014167,-4.755664
"G9",55.86874,-4.243492
"G90",55.86899,-4.24106
"GL1",51.859358,-2.243724
"GL10",51.743559,-2.286648
"GL11",51.689795,-2.357187
"GL12",51.624321,-2.388753
"GL13",51.692512,-2.46132
"GL14",51.81813,-2.482561
"GL15",51.737125,-2.551338
"GL16",51.795544,-2.612684
"GL17",51.855054,-2.510236
"GL18",51.941714,-2.414953
"GL19",51.945744,-2.290519
"GL2",51.843126,-2.270495
"GL20",52.002279,-2.132207
"GL3",51.862035,-2.176156
"GL4",51.840704,-2.218888
"GL5",51.738165,-2.221019
"GL50",51.900618,-2.081841
"GL51",51.899033,-2.110473
"GL52",51.918997,-2.058117
"GL53",51.879617,-2.067506
"GL54",51.896365,-1.84555
"GL55",52.064048,-1.769535
"GL56",51.989545,-1.703561
"GL6",51.734348,-2.193875
"GL7",51.711453,-1.896883
"GL8",51.642533,-2.170924
"GL9",51.555592,-2.303335
"GL16",51.808116,-2.678258
"GU1",51.243048,-0.56496
"GU10",51.196524,-0.797994
"GU11",51.248891,-0.763407
"GU12",51.25183,-0.729816
"GU14",51.293968,-0.763564
"GU15",51.335535,-0.73747
"GU16",51.309751,-0.726431
"GU17",51.328979,-0.78917
"GU18",51.348259,-0.66919
"GU19",51.359663,-0.691238
"GU2",51.245764,-0.59423
"GU20",51.368761,-0.657917
"GU21",51.321046,-0.580504
"GU22",51.312176,-0.551778
"GU23",51.294118,-0.505905
"GU24",51.330449,-0.628156
"GU25",51.401078,-0.571994
"GU26",51.114408,-0.750429
"GU27",51.081353,-0.721768
"GU28",50.991097,-0.632959
"GU29",50.984664,-0.74782
"GU3",51.246507,-0.628909
"GU30",51.075461,-0.804201
"GU31",50.997,-0.903477
"GU32",51.009031,-0.968225
"GU33",51.051809,-0.890226
"GU34",51.138979,-0.987117
"GU35",51.116726,-0.849019
"GU4",51.243263,-0.540274
"GU46",51.338528,-0.831996
"GU47",51.349402,-0.792025
"GU5",51.198936,-0.509602
"GU51",51.284329,-0.842356
"GU52",51.263511,-0.838867
"GU6",51.140572,-0.484109
"GU7",51.18962,-0.612101
"GU8",51.14877,-0.645143
"GU9",51.219126,-0.794222
"HA0",51.551289,-0.305678
"HA1",51.579908,-0.338262
"HA2",51.573652,-0.361254
"HA3",51.59378,-0.320939
"HA4",51.570399,-0.410794
"HA5",51.594985,-0.386283
"HA6",51.611886,-0.422465
"HA7",51.611309,-0.310611
"HA8",51.611369,-0.273933
"HA9",51.560827,-0.285831
"HD1",53.646882,-1.788939
"HD2",53.668845,-1.776561
"HD3",53.653559,-1.832017
"HD4",53.625627,-1.797783
"HD5",53.647437,-1.746218
"HD6",53.702417,-1.78438
"HD7",53.623912,-1.877978
"HD8",53.599693,-1.67543
"HD9",53.580462,-1.797294
"HG1",53.999952,-1.535514
"HG2",53.985629,-1.528619
"HG3",54.030324,-1.618358
"HG4",54.157003,-1.566752
"HG5",54.013502,-1.457928
"HP1",51.756615,-0.487215
"HP10",51.608352,-0.697278
"HP11",51.623839,-0.745354
"HP12",51.625827,-0.779574
"HP13",51.634466,-0.740462
"HP14",51.652329,-0.838667
"HP15",51.658579,-0.711649
"HP16",51.702229,-0.719782
"HP17",51.777013,-0.883979
"HP18",51.820292,-0.969342
"HP19",51.823653,-0.828136
"HP2",51.764331,-0.452303
"HP20",51.820075,-0.805314
"HP21",51.805245,-0.805865
"HP22",51.807365,-0.768995
"HP23",51.795539,-0.661035
"HP27",51.720933,-0.832113
"HP3",51.73601,-0.470558
"HP4",51.767874,-0.568536
"HP5",51.712841,-0.608506
"HP6",51.678403,-0.599183
"HP7",51.664515,-0.610097
"HP8",51.638449,-0.570026
"HP9",51.610306,-0.640703
"HR1",52.060625,-2.676979
"HR2",52.009774,-2.785334
"HR3",52.115514,-3.024135
"HR4",52.090521,-2.771489
"HR5",52.201483,-3.016433
"HR6",52.233528,-2.773508
"HR7",52.185599,-2.523693
"HR8",52.044959,-2.445466
"HR9",51.907861,-2.582556
"HR3",52.070515,-3.154003
"HR5",52.169959,-3.140688
"HS1",58.212617,-6.381472
"HS2",58.248417,-6.46276
"HS3",57.877421,-6.851187
"HS4",57.870767,-6.69633
"HS5",57.76545,-7.011325
"HS6",57.60189,-7.301113
"HS7",57.446641,-7.339922
"HS8",57.235238,-7.347042
"HS9",56.973005,-7.472301
"HU1",53.742802,-0.337916
"HU10",53.751525,-0.441818
"HU11",53.827238,-0.222457
"HU12",53.72397,-0.127071
"HU13",53.725562,-0.438548
"HU14",53.728245,-0.499778
"HU15",53.748604,-0.619976
"HU16",53.781508,-0.421913
"HU17",53.847051,-0.429017
"HU18",53.909893,-0.168967
"HU19",53.723345,0.034377
"HU2",53.750758,-0.340675
"HU20",53.787947,-0.511882
"HU3",53.74233,-0.367685
"HU4",53.736131,-0.404151
"HU5",53.759942,-0.37614
"HU6",53.781012,-0.371357
"HU7",53.790845,-0.3291
"HU8",53.769402,-0.29969
"HU9",53.756115,-0.289121
"HX1",53.72101,-1.871626
"HX2",53.738551,-1.906627
"HX3",53.726762,-1.844324
"HX4",53.677063,-1.882653
"HX5",53.684593,-1.835294
"HX6",53.696891,-1.927413
"HX7",53.739276,-2.008558
"IG1",51.559436,0.073398
"IG10",51.64838,0.066191
"IG11",51.535002,0.093358
"IG2",51.576017,0.081498
"IG3",51.563117,0.102924
"IG4",51.580046,0.051194
"IG5",51.591064,0.063522
"IG6",51.596006,0.087617
"IG7",51.614301,0.0955
"IG8",51.609848,0.037875
"IG9",51.625926,0.040419
"IP1",52.066875,1.139574
"IP10",52.019234,1.270131
"IP11",51.967552,1.341155
"IP12",52.09337,1.369701
"IP13",52.188983,1.320504
"IP14",52.206064,1.031845
"IP15",52.156261,1.595468
"IP16",52.204149,1.584394
"IP17",52.230464,1.50188
"IP18",52.330475,1.670716
"IP19",52.340225,1.494124
"IP2",52.045272,1.133761
"IP20",52.406477,1.319213
"IP21",52.364854,1.236715
"IP22",52.37603,1.052791
"IP23",52.30737,1.120434
"IP24",52.419819,0.757869
"IP25",52.586581,0.839092
"IP26",52.507443,0.572532
"IP27",52.430114,0.581741
"IP28",52.330987,0.527921
"IP29",52.190904,0.658746
"IP3",52.041358,1.188011
"IP30",52.209256,0.846087
"IP31",52.293423,0.835338
"IP32",52.254564,0.719446
"IP33",52.242874,0.708715
"IP4",52.060427,1.18021
"IP5",52.061942,1.245372
"IP6",52.132683,1.110961
"IP7",52.068662,0.942502
"IP8",52.063163,1.079328
"IP9",51.98922,1.14709
"IP98",52.376595,1.110928
"IV1",57.484051,-4.234754
"IV10",57.584578,-4.126436
"IV11",57.677216,-4.039025
"IV12",57.574363,-3.864435
"IV13",57.341809,-4.020858
"IV14",57.585614,-4.549494
"IV15",57.599325,-4.431504
"IV16",57.663506,-4.339566
"IV17",57.698943,-4.259803
"IV18",57.702429,-4.154832
"IV19",57.804013,-4.062794
"IV2",57.468026,-4.186358
"IV20",57.788096,-3.904048
"IV21",57.724818,-5.72148
"IV22",57.738722,-5.513741
"IV23",57.767512,-5.009485
"IV24",57.891241,-4.355877
"IV25",57.889018,-4.041963
"IV26",57.926759,-5.193862
"IV27",58.275835,-4.79697
"IV28",58.009705,-4.158176
"IV3",57.476474,-4.247944
"IV30",57.652759,-3.325471
"IV31",57.716949,-3.290744
"IV32",57.631007,-3.104754
"IV36",57.609783,-3.607475
"IV4",57.450816,-4.52413
"IV40",57.274383,-5.647634
"IV41",57.272802,-5.736139
"IV42",57.238976,-5.830897
"IV43",57.155754,-5.810791
"IV44",57.108779,-5.883017
"IV45",57.071724,-5.906563
"IV46",57.111871,-5.983996
"IV47",57.295213,-6.344424
"IV48",57.311143,-6.112805
"IV49",57.228937,-5.943241
"IV5",57.468495,-4.410826
"IV51",57.441347,-6.249491
"IV52",57.336614,-5.652914
"IV53",57.344388,-5.554467
"IV54",57.430373,-5.619749
"IV55",57.45621,-6.609814
"IV56",57.366125,-6.431031
"IV6",57.525496,-4.458867
"IV63",57.304798,-4.532595
"IV7",57.583242,-4.386732
"IV8",57.554188,-4.265668
"IV9",57.569024,-4.17865
"IV99",57.481332,-4.22395
"KA1",55.595345,-4.497093
"KA10",55.550437,-4.647685
"KA11",55.618579,-4.627658
"KA12",55.619131,-4.665207
"KA13",55.655658,-4.700162
"KA14",55.740133,-4.673341
"KA15",55.748446,-4.626335
"KA16",55.607541,-4.328136
"KA17",55.610668,-4.279176
"KA18",55.451365,-4.242447
"KA19",55.346084,-4.668046
"KA2",55.595653,-4.566513
"KA20",55.641392,-4.751062
"KA21",55.64207,-4.784414
"KA22",55.650001,-4.808887
"KA23",55.693465,-4.857582
"KA24",55.709484,-4.715728
"KA25",55.753214,-4.688659
"KA26",55.217025,-4.835777
"KA27",55.538766,-5.173826
"KA28",55.754033,-4.925321
"KA29",55.755831,-4.85403
"KA3",55.645396,-4.496849
"KA30",55.797287,-4.863463
"KA4",55.599132,-4.381606
"KA5",55.510408,-4.387844
"KA6",55.416232,-4.504774
"KA7",55.447151,-4.630348
"KA8",55.471759,-4.612465
"KA9",55.497229,-4.605336
"KT1",51.407625,-0.298287
"KT10",51.36958,-0.354443
"KT11",51.328255,-0.40278
"KT12",51.377289,-0.408412
"KT13",51.368068,-0.44932
"KT14",51.338353,-0.488345
"KT15",51.363768,-0.495807
"KT16",51.38253,-0.516506
"KT17",51.341211,-0.249605
"KT18",51.316011,-0.263352
"KT19",51.352512,-0.270742
"KT2",51.418885,-0.290698
"KT20",51.286382,-0.231156
"KT21",51.311181,-0.303557
"KT22",51.301582,-0.339401
"KT23",51.280159,-0.375761
"KT24",51.270192,-0.429696
"KT3",51.399585,-0.257518
"KT4",51.378414,-0.242991
"KT5",51.390675,-0.286725
"KT6",51.387402,-0.30272
"KT7",51.388116,-0.333728
"KT8",51.401564,-0.363211
"KT9",51.36394,-0.303244
"KW1",58.456804,-3.12276
"KW10",57.974082,-3.978604
"KW11",58.308044,-4.136208
"KW12",58.50553,-3.492684
"KW13",58.456954,-3.897023
"KW14",58.588616,-3.554861
"KW15",58.980016,-2.959926
"KW16",58.960873,-3.27684
"KW17",59.036463,-3.00924
"KW2",58.348258,-3.164491
"KW3",58.306478,-3.280443
"KW5",58.287224,-3.382803
"KW6",58.25029,-3.443995
"KW7",58.18681,-3.501721
"KW8",58.115283,-3.6651
"KW9",58.013684,-3.858863
"KY1",56.128852,-3.137567
"KY10",56.230798,-2.700063
"KY11",56.048567,-3.413965
"KY12",56.077057,-3.496346
"KY13",56.208327,-3.433585
"KY14",56.3108,-3.241976
"KY15",56.299225,-3.054682
"KY16",56.342587,-2.822412
"KY2",56.124095,-3.184714
"KY3",56.063732,-3.230781
"KY4",56.114122,-3.362995
"KY5",56.131949,-3.304072
"KY6",56.197416,-3.200416
"KY7",56.197773,-3.158093
"KY8",56.197266,-3.012624
"KY9",56.209152,-2.83575
"KY99",56.052906,-3.43602
"L1",53.402376,-2.980491
"L10",53.474484,-2.926609
"L11",53.447863,-2.915446
"L12",53.435006,-2.895752
"L13",53.418514,-2.920426
"L14",53.417968,-2.881148
"L15",53.397575,-2.920579
"L16",53.39868,-2.887904
"L17",53.377573,-2.940581
"L18",53.380578,-2.908296
"L19",53.358954,-2.903288
"L2",53.406868,-2.990056
"L20",53.453042,-2.989024
"L21",53.471384,-3.000408
"L22",53.477231,-3.027934
"L23",53.491033,-3.023893
"L24",53.343471,-2.839042
"L25",53.378878,-2.863626
"L26",53.36451,-2.832856
"L27",53.387613,-2.839046
"L28",53.435304,-2.865628
"L29",53.507623,-2.985387
"L3",53.408338,-2.984498
"L30",53.484487,-2.97248
"L31",53.513408,-2.937861
"L32",53.478295,-2.88927
"L33",53.490128,-2.876847
"L34",53.435489,-2.815335
"L35",53.415118,-2.782838
"L36",53.414411,-2.841713
"L37",53.557153,-3.063694
"L38",53.524574,-3.051522
"L39",53.561702,-2.896388
"L4",53.437828,-2.961289
"L40",53.603242,-2.841485
"L5",53.424875,-2.977123
"L6",53.418932,-2.951545
"L67",53.449982,-2.942401
"L68",53.473055,-2.960691
"L69",53.387682,-2.974731
"L7",53.405726,-2.949988
"L70",53.404068,-2.95677
"L71",53.438808,-2.974581
"L72",53.477246,-2.97801
"L74",53.393053,-2.988283
"L75",53.437761,-2.986228
"L8",53.389917,-2.963589
"L80",53.469203,-2.969085
"L9",53.461416,-2.953582
"LA1",54.0467,-2.799444
"LA10",54.313756,-2.493645
"LA11",54.199968,-2.92609
"LA12",54.203258,-3.083539
"LA13",54.118236,-3.198336
"LA14",54.118246,-3.231257
"LA15",54.155847,-3.179669
"LA16",54.187601,-3.203004
"LA17",54.239572,-3.175857
"LA18",54.215478,-3.276115
"LA19",54.29665,-3.380219
"LA2",54.066107,-2.671669
"LA20",54.294198,-3.206346
"LA21",54.363066,-3.078307
"LA22",54.423016,-2.991519
"LA23",54.371394,-2.912948
"LA3",54.049872,-2.879371
"LA4",54.070239,-2.852455
"LA5",54.1439,-2.791958
"LA6",54.175297,-2.609915
"LA7",54.225739,-2.773027
"LA8",54.323739,-2.762348
"LA9",54.325433,-2.743353
"LD7",52.385155,-3.109534
"LD8",52.274678,-2.978052
"LD1",52.2609,-3.366268
"LD2",52.142233,-3.393781
"LD3",51.960841,-3.369888
"LD4",52.117735,-3.556783
"LD5",52.126244,-3.623013
"LD6",52.310077,-3.50917
"LD7",52.346539,-3.089947
"LD8",52.262897,-3.059759
"LE1",52.634071,-1.132342
"LE10",52.536896,-1.369865
"LE11",52.768057,-1.218893
"LE12",52.76797,-1.191656
"LE13",52.765919,-0.887037
"LE14",52.783855,-0.897408
"LE15",52.656338,-0.702018
"LE16",52.486073,-0.895575
"LE17",52.467625,-1.178011
"LE18",52.583219,-1.112119
"LE19",52.584089,-1.206779
"LE2",52.607348,-1.116957
"LE21",52.628506,-1.138105
"LE3",52.631524,-1.177387
"LE4",52.664553,-1.124834
"LE41",52.612912,-1.194911
"LE5",52.638473,-1.08445
"LE55",52.632799,-1.125337
"LE6",52.657086,-1.233085
"LE65",52.748638,-1.469439
"LE67",52.715553,-1.362376
"LE7",52.679936,-1.071062
"LE8",52.555045,-1.095142
"LE87",52.627703,-1.133667
"LE9",52.573137,-1.281187
"LE94",52.483686,-0.905523
"LE95",52.606176,-1.19056
"LL14",52.924902,-3.054995
"LL11",53.063468,-3.03625
"LL12",53.087544,-2.989167
"LL13",53.034491,-2.959095
"LL14",52.992865,-3.053201
"LL15",53.103191,-3.316305
"LL16",53.185221,-3.433338
"LL17",53.252379,-3.437013
"LL18",53.3103,-3.476169
"LL19",53.33111,-3.410762
"LL20",52.958893,-3.160688
"LL21",52.990014,-3.410157
"LL22",53.267882,-3.597738
"LL23",52.905251,-3.601842
"LL24",53.057729,-3.78588
"LL25",53.054184,-3.878837
"LL26",53.139483,-3.785845
"LL27",53.148521,-3.827537
"LL28",53.287864,-3.761868
"LL29",53.289094,-3.708312
"LL30",53.318034,-3.816139
"LL31",53.290348,-3.81028
"LL32",53.258048,-3.841161
"LL33",53.250757,-3.978996
"LL34",53.270588,-3.914481
"LL35",52.546784,-4.041362
"LL36",52.60425,-4.064395
"LL37",52.66592,-4.083798
"LL38",52.695295,-4.050324
"LL39",52.710113,-4.012231
"LL40",52.756727,-3.875121
"LL41",52.969451,-3.939344
"LL42",52.72577,-4.055296
"LL43",52.774479,-4.092383
"LL44",52.790893,-4.097181
"LL45",52.822078,-4.096211
"LL46",52.855278,-4.107301
"LL47",52.902022,-4.06301
"LL48",52.936038,-4.069518
"LL49",52.929052,-4.137934
"LL51",52.973928,-4.238665
"LL52",52.924884,-4.240853
"LL53",52.884046,-4.493042
"LL54",53.058079,-4.287402
"LL55",53.133262,-4.20359
"LL56",53.184357,-4.205929
"LL57",53.206885,-4.11181
"LL58",53.282069,-4.099341
"LL59",53.235772,-4.16318
"LL60",53.215473,-4.275133
"LL61",53.195968,-4.262607
"LL62",53.210922,-4.385889
"LL63",53.218554,-4.471868
"LL64",53.2287,-4.518231
"LL65",53.301038,-4.570348
"LL66",53.379727,-4.408318
"LL67",53.411138,-4.45683
"LL68",53.397829,-4.379037
"LL69",53.386231,-4.319447
"LL70",53.36391,-4.288019
"LL71",53.329453,-4.37101
"LL72",53.352381,-4.240024
"LL73",53.335235,-4.24491
"LL74",53.31917,-4.229394
"LL75",53.285053,-4.216577
"LL76",53.300727,-4.239334
"LL77",53.260668,-4.312604
"LL78",53.317565,-4.263237
"LN1",53.260826,-0.591991
"LN10",53.158616,-0.217526
"LN11",53.372959,0.026065
"LN12",53.329264,0.264061
"LN13",53.265177,0.183436
"LN2",53.256846,-0.50665
"LN3",53.241851,-0.417095
"LN4",53.148628,-0.380008
"LN5",53.173743,-0.557129
"LN6",53.200281,-0.600167
"LN7",53.493187,-0.344633
"LN8",53.374836,-0.326415
"LN9",53.217392,-0.11191
"LS1",53.797576,-1.551829
"LS10",53.762275,-1.532462
"LS11",53.776182,-1.557345
"LS12",53.791219,-1.597266
"LS13",53.810787,-1.635378
"LS14",53.827595,-1.458336
"LS15",53.805564,-1.445164
"LS16",53.851971,-1.60365
"LS17",53.860039,-1.527732
"LS18",53.838614,-1.639539
"LS19",53.859752,-1.684012
"LS2",53.802786,-1.546394
"LS20",53.874457,-1.71575
"LS21",53.911581,-1.680508
"LS22",53.931746,-1.395794
"LS23",53.900331,-1.348449
"LS24",53.868729,-1.25277
"LS25",53.785701,-1.325536
"LS26",53.751693,-1.449727
"LS27",53.748723,-1.603432
"LS28",53.802286,-1.669987
"LS29",53.918939,-1.800737
"LS3",53.802572,-1.563475
"LS4",53.810563,-1.584873
"LS5",53.820996,-1.607419
"LS6",53.820102,-1.570733
"LS7",53.820566,-1.539674
"LS8",53.82481,-1.509449
"LS88",53.765317,-1.50143
"LS9",53.799518,-1.51022
"LS98",53.785279,-1.538512
"LS99",53.775914,-1.546541
"LU1",51.874437,-0.427057
"LU2",51.89321,-0.394489
"LU3",51.908518,-0.44253
"LU4",51.898367,-0.468814
"LU5",51.910898,-0.513405
"LU6",51.877925,-0.537945
"LU7",51.907313,-0.663135
"M1",53.477532,-2.236229
"M11",53.478846,-2.181245
"M12",53.464275,-2.20201
"M13",53.460403,-2.215427
"M14",53.448436,-2.225845
"M15",53.467253,-2.251378
"M16",53.455053,-2.26454
"M17",53.468015,-2.320484
"M18",53.461305,-2.170499
"M19",53.436418,-2.196306
"M2",53.480419,-2.244433
"M20",53.424184,-2.232678
"M21",53.438018,-2.272968
"M22",53.385864,-2.260056
"M23",53.399585,-2.288915
"M24",53.551424,-2.198199
"M25",53.52839,-2.275751
"M26",53.562329,-2.334941
"M27",53.512161,-2.336447
"M28",53.514701,-2.399011
"M29",53.508384,-2.458176
"M3",53.483664,-2.252796
"M30",53.484333,-2.355397
"M31",53.419409,-2.424108
"M32",53.450919,-2.309545
"M33",53.420944,-2.326314
"M34",53.45651,-2.118555
"M35",53.507207,-2.154809
"M38",53.532445,-2.423308
"M4",53.484882,-2.230052
"M40",53.504136,-2.19093
"M41",53.450974,-2.365545
"M43",53.483702,-2.14936
"M44",53.44077,-2.427155
"M45",53.547439,-2.290426
"M46",53.525839,-2.492296
"M5",53.479207,-2.284073
"M50",53.474998,-2.294447
"M6",53.492706,-2.299147
"M60",53.484445,-2.234827
"M61",53.486483,-2.229097
"M7",53.505496,-2.262529
"M8",53.508655,-2.240113
"M9",53.522004,-2.21394
"M90",53.36348,-2.278018
"M99",53.484804,-2.231001
"ME1",51.371575,0.497628
"ME10",51.343603,0.735405
"ME11",51.412996,0.746662
"ME12",51.422293,0.804361
"ME13",51.303527,0.894644
"ME14",51.278741,0.543668
"ME15",51.253214,0.533531
"ME16",51.273856,0.496108
"ME17",51.233029,0.612684
"ME18",51.241906,0.415134
"ME19",51.290808,0.407987
"ME2",51.391511,0.481478
"ME20",51.303347,0.459748
"ME3",51.43557,0.547072
"ME4",51.381261,0.528701
"ME5",51.348457,0.532611
"ME6",51.322764,0.434616
"ME7",51.379759,0.555817
"ME8",51.361306,0.596707
"ME9",51.335914,0.721726
"ME99",51.278325,0.5191
"MK1",52.005476,-0.724483
"MK10",52.040723,-0.698366
"MK11",52.05122,-0.8409
"MK12",52.058328,-0.816674
"MK13",52.053285,-0.782508
"MK14",52.063232,-0.755367
"MK15",52.056865,-0.729768
"MK16",52.089574,-0.721777
"MK17",51.996143,-0.701002
"MK18",51.978315,-0.969401
"MK19",52.074938,-0.855153
"MK2",51.990521,-0.725208
"MK3",51.993861,-0.75186
"MK4",52.004056,-0.784358
"MK40",52.137814,-0.476297
"MK41",52.152609,-0.447774
"MK42",52.117591,-0.472904
"MK43",52.112293,-0.558732
"MK44",52.196549,-0.424431
"MK45",52.021024,-0.470029
"MK46",52.155718,-0.70233
"MK5",52.020903,-0.784674
"MK6",52.029542,-0.742948
"MK7",52.019017,-0.691318
"MK77",52.0415,-0.817272
"MK8",52.03308,-0.804632
"MK9",52.040259,-0.755329
"ML1",55.798977,-3.975244
"ML10",55.680082,-4.069138
"ML11",55.667139,-3.789285
"ML12",55.568256,-3.595031
"ML2",55.77689,-3.913568
"ML3",55.769976,-4.055084
"ML4",55.818339,-4.021465
"ML5",55.859746,-4.031654
"ML6",55.867728,-3.961303
"ML7",55.829974,-3.795467
"ML8",55.731456,-3.842862
"ML9",55.724492,-3.967527
"N1",51.537747,-0.097056
"N10",51.594757,-0.144984
"N11",51.61375,-0.138962
"N12",51.614906,-0.177635
"N13",51.618115,-0.104225
"N14",51.634354,-0.130869
"N15",51.582776,-0.080819
"N16",51.562503,-0.07665
"N17",51.598084,-0.071724
"N18",51.613889,-0.066623
"N19",51.565263,-0.130014
"N1C",51.536537,-0.125791
"N1P",51.255547,-1.295646
"N2",51.590079,-0.169274
"N20",51.629254,-0.174358
"N21",51.636702,-0.099692
"N22",51.599886,-0.110259
"N3",51.600236,-0.193904
"N4",51.570115,-0.103965
"N5",51.553879,-0.09862
"N6",51.573188,-0.146024
"N7",51.553516,-0.118365
"N8",51.582752,-0.120199
"N81",51.566314,-0.076735
"N9",51.628502,-0.05804
"NE1",54.972459,-1.611504
"NE10",54.947179,-1.5539
"NE11",54.939909,-1.635821
"NE12",55.024236,-1.570447
"NE13",55.043804,-1.647249
"NE15",54.984607,-1.724471
"NE16",54.931296,-1.692775
"NE17",54.912463,-1.817162
"NE18",55.03793,-1.865018
"NE19",55.179038,-2.097411
"NE2",54.987075,-1.606154
"NE20",55.052478,-1.788015
"NE21",54.957594,-1.721393
"NE22",55.135148,-1.586841
"NE23",55.080047,-1.582843
"NE24",55.121849,-1.522804
"NE25",55.052309,-1.489348
"NE26",55.052868,-1.45769
"NE27",55.032883,-1.514854
"NE28",55.000168,-1.520731
"NE29",55.011755,-1.465435
"NE3",55.01046,-1.63547
"NE30",55.021406,-1.43868
"NE31",54.970798,-1.513324
"NE32",54.967771,-1.484495
"NE33",54.991288,-1.429569
"NE34",54.971826,-1.422438
"NE35",54.951011,-1.460639
"NE36",54.945279,-1.441264
"NE37",54.912746,-1.527946
"NE38",54.893483,-1.524811
"NE39",54.92333,-1.761207
"NE4",54.973964,-1.644527
"NE40",54.965963,-1.774159
"NE41",54.922379,-1.879282
"NE42",54.961956,-1.854962
"NE43",54.948027,-1.905713
"NE44",54.942735,-1.978146
"NE45",54.976527,-2.014631
"NE46",54.979144,-2.10767
"NE47",54.928388,-2.255052
"NE48",55.13193,-2.258382
"NE49",54.967284,-2.460829
"NE5",54.996166,-1.688766
"NE6",54.977489,-1.565823
"NE61",55.178362,-1.687529
"NE62",55.161492,-1.593508
"NE63",55.178183,-1.56321
"NE64",55.184649,-1.515396
"NE65",55.314906,-1.748549
"NE66",55.428625,-1.730265
"NE67",55.536553,-1.691976
"NE68",55.579795,-1.658965
"NE69",55.604789,-1.718782
"NE7",55.000108,-1.579734
"NE70",55.593697,-1.817172
"NE71",55.55516,-2.043947
"NE8",54.954958,-1.606567
"NE82",54.934641,-1.615103
"NE83",54.934641,-1.615103
"NE85",54.931948,-1.584743
"NE88",54.950503,-1.610197
"NE9",54.931346,-1.58546
"NE92",54.941779,-1.614972
"NE98",54.972295,-1.598348
"NE99",54.970442,-1.613941
"NG1",52.95468,-1.148714
"NG10",52.900574,-1.284158
"NG11",52.899111,-1.174159
"NG12",52.908996,-1.051834
"NG13",52.948582,-0.907343
"NG14",53.017897,-1.039121
"NG15",53.044791,-1.203637
"NG16",53.027387,-1.294926
"NG17",53.115992,-1.261455
"NG18",53.138217,-1.184117
"NG19",53.160582,-1.198245
"NG2",52.934669,-1.134359
"NG20",53.210047,-1.18576
"NG21",53.141862,-1.104298
"NG22",53.182084,-0.978911
"NG23",53.115972,-0.799924
"NG24",53.069824,-0.799134
"NG25",53.074182,-0.962727
"NG3",52.969543,-1.127366
"NG31",52.914476,-0.641829
"NG32",52.951229,-0.651231
"NG33",52.816307,-0.580956
"NG34",52.987209,-0.393696
"NG4",52.97104,-1.087745
"NG5",52.997282,-1.144212
"NG6",52.998505,-1.192219
"NG7",52.95792,-1.172621
"NG8",52.965022,-1.213364
"NG80",52.9301,-1.191732
"NG9",52.925877,-1.238493
"NG90",52.925899,-1.190695
"NN1",52.241578,-0.888135
"NN10",52.292863,-0.597725
"NN11",52.241361,-1.179608
"NN12",52.126537,-1.000237
"NN13",52.033958,-1.148205
"NN14",52.411063,-0.695851
"NN15",52.382302,-0.703008
"NN16",52.404758,-0.706959
"NN17",52.50107,-0.684728
"NN18",52.477941,-0.713057
"NN2",52.262483,-0.888655
"NN29",52.258065,-0.664765
"NN3",52.263802,-0.842109
"NN4",52.214607,-0.899676
"NN5",52.246765,-0.935855
"NN6",52.327154,-0.946913
"NN7",52.208268,-0.928785
"NN8",52.303191,-0.699784
"NN9",52.334525,-0.594749
"NP16",51.653111,-2.65841
"NP25",51.823203,-2.697446
"NP7",51.915432,-2.934868
"NP10",51.577965,-3.047754
"NP11",51.643828,-3.13157
"NP12",51.669261,-3.197988
"NP13",51.735332,-3.141454
"NP15",51.726328,-2.886646
"NP16",51.649621,-2.70019
"NP18",51.608853,-2.942688
"NP19",51.588351,-2.963796
"NP20",51.590408,-3.006547
"NP22",51.771268,-3.25826
"NP23",51.785409,-3.197402
"NP24",51.718989,-3.238531
"NP25",51.801386,-2.725882
"NP26",51.590909,-2.77892
"NP4",51.719368,-3.047096
"NP44",51.651182,-3.027962
"NP7",51.829348,-3.0112
"NP8",51.861626,-3.153942
"NR1",52.626643,1.306839
"NR10",52.736212,1.241046
"NR11",52.841101,1.273834
"NR12",52.759742,1.471881
"NR13",52.633756,1.469866
"NR14",52.562507,1.376356
"NR15",52.503408,1.266718
"NR16",52.473716,1.054311
"NR17",52.515347,0.994399
"NR18",52.570782,1.107963
"NR19",52.675108,0.929968
"NR2",52.629162,1.280023
"NR20",52.723358,0.981033
"NR21",52.841235,0.852546
"NR22",52.894414,0.865116
"NR23",52.9488,0.858082
"NR24",52.858776,1.050398
"NR25",52.920152,1.082838
"NR26",52.938787,1.208781
"NR27",52.924257,1.299825
"NR28",52.822303,1.397467
"NR29",52.694329,1.63624
"NR3",52.643285,1.291698
"NR30",52.619787,1.727733
"NR31",52.574946,1.708838
"NR32",52.489708,1.731791
"NR33",52.454101,1.716802
"NR34",52.438683,1.583655
"NR35",52.461918,1.432875
"NR4",52.612065,1.256783
"NR5",52.640754,1.229034
"NR6",52.6619,1.280317
"NR7",52.644402,1.336178
"NR8",52.676735,1.204846
"NR9",52.633635,1.107528
"NR99",52.626652,1.309265
"NW1",51.533272,-0.143878
"NW10",51.541266,-0.248084
"NW11",51.578412,-0.197479
"NW1W",51.530784,-0.13543
"NW2",51.558149,-0.22023
"NW26",51.534059,-0.24815
"NW3",51.552344,-0.172514
"NW4",51.587344,-0.224326
"NW5",51.551807,-0.144942
"NW6",51.542219,-0.196303
"NW7",51.614848,-0.235189
"NW8",51.532268,-0.174555
"NW9",51.588072,-0.255287
"OL1",53.549779,-2.107008
"OL10",53.590466,-2.223159
"OL11",53.605925,-2.17689
"OL12",53.636446,-2.165354
"OL13",53.700814,-2.204409
"OL14",53.714492,-2.101008
"OL15",53.644822,-2.099894
"OL16",53.612329,-2.131275
"OL2",53.573263,-2.10997
"OL3",53.553566,-2.011534
"OL4",53.542422,-2.073551
"OL5",53.518041,-2.038524
"OL6",53.494374,-2.086107
"OL7",53.490708,-2.107262
"OL8",53.525905,-2.117284
"OL9",53.539182,-2.144228
"OL95",53.556338,-2.105401
"OX1",51.745201,-1.26146
"OX10",51.607283,-1.12879
"OX11",51.599467,-1.25224
"OX12",51.596315,-1.425316
"OX13",51.676133,-1.35818
"OX14",51.667408,-1.277215
"OX15",52.030322,-1.41179
"OX16",52.062473,-1.342414
"OX17",52.073607,-1.289068
"OX18",51.76276,-1.591652
"OX2",51.765823,-1.280761
"OX20",51.855816,-1.35785
"OX25",51.900413,-1.21325
"OX26",51.901233,-1.154299
"OX27",51.936553,-1.15059
"OX28",51.786993,-1.486011
"OX29",51.794351,-1.434707
"OX3",51.762195,-1.2117
"OX33",51.758372,-1.139982
"OX39",51.701589,-0.915924
"OX4",51.731273,-1.21743
"OX44",51.697862,-1.122824
"OX49",51.65068,-1.00114
"OX5",51.830412,-1.281964
"OX7",51.910567,-1.52867
"OX9",51.738113,-0.984004
"PA1",55.844643,-4.417372
"PA10",55.832892,-4.551468
"PA11",55.857115,-4.584753
"PA12",55.794227,-4.626501
"PA13",55.893472,-4.631644
"PA14",55.92736,-4.664221
"PA15",55.942516,-4.747873
"PA16",55.942545,-4.8009
"PA17",55.863361,-4.885229
"PA18",55.888492,-4.888128
"PA19",55.952965,-4.826436
"PA2",55.828727,-4.434828
"PA20",55.834169,-5.057254
"PA21",55.902253,-5.251256
"PA22",55.971429,-5.134427
"PA23",55.953813,-4.933466
"PA24",56.158466,-4.90448
"PA25",56.214004,-5.043779
"PA26",56.258757,-4.937067
"PA27",56.155341,-5.086071
"PA28",55.437609,-5.603935
"PA29",55.806565,-5.475286
"PA3",55.85149,-4.445698
"PA30",56.013293,-5.449483
"PA31",56.052477,-5.458437
"PA32",56.197624,-5.125385
"PA33",56.366814,-5.064018
"PA34",56.393788,-5.487099
"PA35",56.404815,-5.227454
"PA36",56.524129,-4.769621
"PA37",56.467321,-5.390045
"PA38",56.595316,-5.328287
"PA4",55.874845,-4.395339
"PA41",55.674954,-5.74238
"PA42",55.637067,-6.189719
"PA43",55.755614,-6.284166
"PA44",55.799157,-6.292952
"PA45",55.819637,-6.166847
"PA46",55.862647,-6.120806
"PA47",55.682026,-6.504059
"PA48",55.738493,-6.384868
"PA49",55.782284,-6.394827
"PA5",55.830936,-4.50971
"PA6",55.865817,-4.537138
"PA60",55.878726,-5.915652
"PA61",56.072247,-6.204637
"PA62",56.359258,-5.851487
"PA63",56.381755,-5.715838
"PA64",56.436894,-5.687895
"PA65",56.469096,-5.725306
"PA66",56.328739,-6.352899
"PA67",56.314207,-6.231381
"PA68",56.43456,-6.142665
"PA69",56.37945,-6.077837
"PA7",55.907434,-4.50356
"PA70",56.365785,-6.036409
"PA71",56.480699,-5.981511
"PA72",56.517428,-5.964228
"PA73",56.496643,-6.183621
"PA74",56.532966,-6.229753
"PA75",56.612577,-6.115069
"PA76",56.333526,-6.394968
"PA77",56.495449,-6.880946
"PA78",56.626428,-6.545849
"PA8",55.900909,-4.453533
"PA80",56.565966,-5.786481
"PA9",55.807276,-4.556985
"PE1",52.586386,-0.237778
"PE10",52.770145,-0.388245
"PE11",52.805612,-0.166909
"PE12",52.785189,0.028084
"PE13",52.670012,0.137006
"PE14",52.639208,0.207831
"PE15",52.537633,0.085645
"PE16",52.454884,0.049368
"PE19",52.235917,-0.263842
"PE2",52.558342,-0.260588
"PE20",52.931463,-0.104052
"PE21",52.974534,-0.023875
"PE22",53.049792,0.044604
"PE23",53.172698,0.088738
"PE24",53.164408,0.264403
"PE25",53.153968,0.33421
"PE26",52.453242,-0.116667
"PE27",52.331507,-0.07149
"PE28",52.358478,-0.19028
"PE29",52.332303,-0.179206
"PE3",52.584351,-0.275256
"PE30",52.759676,0.416531
"PE31",52.881592,0.572107
"PE32",52.72775,0.635533
"PE33",52.645982,0.465896
"PE34",52.725032,0.336944
"PE35",52.827428,0.509785
"PE36",52.939487,0.508927
"PE37",52.640999,0.699502
"PE38",52.588417,0.375291
"PE4",52.611968,-0.262792
"PE5",52.57508,-0.351291
"PE6",52.657585,-0.253639
"PE7",52.537128,-0.205961
"PE8",52.522183,-0.453842
"PE9",52.654472,-0.480315
"PH1",56.422445,-3.4792
"PH10",56.607259,-3.359731
"PH11",56.638402,-3.235275
"PH12",56.575985,-3.154946
"PH13",56.53711,-3.274722
"PH14",56.45291,-3.180887
"PH15",56.609653,-3.941306
"PH16",56.706814,-3.806949
"PH17",56.686171,-4.376223
"PH18",56.77327,-3.890397
"PH19",56.926284,-4.255687
"PH2",56.387003,-3.403867
"PH20",57.056296,-4.147549
"PH21",57.08982,-4.019903
"PH22",57.194178,-3.820649
"PH23",57.283915,-3.817411
"PH24",57.256289,-3.745366
"PH25",57.261583,-3.647967
"PH26",57.32993,-3.606007
"PH3",56.301881,-3.704577
"PH30",56.788984,-4.599829
"PH31",56.892387,-4.815923
"PH32",57.144448,-4.683429
"PH33",56.821856,-5.112246
"PH34",56.920553,-4.928
"PH35",57.076536,-4.90045
"PH36",56.722286,-5.85164
"PH37",56.826186,-5.513221
"PH38",56.843806,-5.743811
"PH39",56.912325,-5.841744
"PH4",56.261382,-3.785319
"PH40",56.963277,-5.801661
"PH41",57.003759,-5.832553
"PH42",56.90188,-6.142749
"PH43",57.015406,-6.281487
"PH44",57.05682,-6.503266
"PH49",56.674834,-5.115286
"PH5",56.328446,-3.829905
"PH50",56.714529,-4.964863
"PH6",56.371821,-3.999675
"PH7",56.373123,-3.827028
"PH8",56.56242,-3.599349
"PH9",56.648154,-3.690134
"PL1",50.370612,-4.15441
"PL10",50.345173,-4.21129
"PL11",50.372974,-4.254495
"PL12",50.419288,-4.250019
"PL13",50.358657,-4.475346
"PL14",50.46399,-4.466131
"PL15",50.633034,-4.397162
"PL16",50.646531,-4.263879
"PL17",50.515034,-4.310178
"PL18",50.515398,-4.221614
"PL19",50.556635,-4.154689
"PL2",50.389729,-4.163432
"PL20",50.500045,-4.100189
"PL21",50.385241,-3.918495
"PL22",50.403514,-4.651775
"PL23",50.33748,-4.636516
"PL24",50.355246,-4.711215
"PL25",50.341292,-4.777796
"PL26",50.344841,-4.827254
"PL27",50.523764,-4.874729
"PL28",50.53283,-4.967271
"PL29",50.586216,-4.830148
"PL3",50.388271,-4.127304
"PL30",50.501755,-4.728461
"PL31",50.469081,-4.722452
"PL32",50.633207,-4.661948
"PL33",50.621819,-4.731642
"PL34",50.659856,-4.744255
"PL35",50.684796,-4.685331
"PL4",50.375544,-4.127981
"PL5",50.41104,-4.166693
"PL6",50.418741,-4.115633
"PL7",50.392728,-4.04571
"PL8",50.335418,-4.010435
"PL9",50.35467,-4.087454
"PL95",50.364408,-4.104439
"PO1",50.799511,-1.089646
"PO10",50.852268,-0.929295
"PO11",50.791971,-0.975658
"PO12",50.797936,-1.141819
"PO13",50.812259,-1.180968
"PO14",50.838683,-1.219199
"PO15",50.866849,-1.227266
"PO16",50.850887,-1.159167
"PO17",50.889736,-1.173309
"PO18",50.865153,-0.815255
"PO19",50.838192,-0.778346
"PO2",50.817859,-1.077415
"PO20",50.783494,-0.784874
"PO21",50.785079,-0.698699
"PO22",50.800113,-0.647687
"PO24",49.766807,-7.55716
"PO3",50.816308,-1.059167
"PO30",50.691012,-1.313466
"PO31",50.755402,-1.307326
"PO32",50.75118,-1.280979
"PO33",50.721675,-1.170002
"PO34",50.715926,-1.113483
"PO35",50.686868,-1.085606
"PO36",50.658584,-1.163715
"PO37",50.631402,-1.179632
"PO38",50.60539,-1.243188
"PO39",50.680361,-1.540159
"PO4",50.790176,-1.062084
"PO40",50.682455,-1.521804
"PO41",50.700957,-1.47512
"PO5",50.78865,-1.086182
"PO6",50.846608,-1.070085
"PO7",50.882884,-1.040619
"PO8",50.913601,-1.011592
"PO9",50.86352,-0.984022
"PR0",53.758805,-2.683907
"PR1",53.757343,-2.701739
"PR11",53.79456,-2.684988
"PR2",53.778191,-2.707417
"PR25",53.694652,-2.693623
"PR26",53.687836,-2.74075
"PR3",53.868726,-2.719096
"PR4",53.754505,-2.834322
"PR5",53.73152,-2.65787
"PR6",53.667727,-2.61187
"PR7",53.648562,-2.655324
"PR8",53.626208,-3.010271
"PR9",53.659653,-2.968625
"RG1",51.451056,-0.969748
"RG10",51.482412,-0.853274
"RG12",51.406767,-0.750073
"RG14",51.399505,-1.323264
"RG17",51.443442,-1.503086
"RG18",51.431437,-1.260177
"RG19",51.391347,-1.244395
"RG2",51.420816,-0.952382
"RG20",51.40363,-1.33769
"RG21",51.264876,-1.088595
"RG22",51.248139,-1.124768
"RG23",51.258513,-1.149667
"RG24",51.280743,-1.07948
"RG25",51.227423,-1.162553
"RG26",51.340103,-1.129781
"RG27",51.305232,-0.946767
"RG28",51.2342,-1.336008
"RG29",51.245786,-0.945895
"RG30",51.451158,-1.014767
"RG31",51.456726,-1.045506
"RG4",51.482659,-0.969737
"RG40",51.400111,-0.835817
"RG41",51.416755,-0.863568
"RG42",51.42781,-0.756957
"RG45",51.371452,-0.799613
"RG5",51.452019,-0.899864
"RG6",51.438294,-0.928542
"RG7",51.397678,-1.077726
"RG8",51.506341,-1.106508
"RG9",51.544995,-0.925899
"RH1",51.237324,-0.15763
"RH10",51.118164,-0.154858
"RH11",51.110815,-0.208187
"RH12",51.077206,-0.332307
"RH13",51.033889,-0.328028
"RH14",51.033188,-0.485306
"RH15",50.957485,-0.131091
"RH16",51.001434,-0.098366
"RH17",51.022302,-0.119455
"RH18",51.093002,0.035946
"RH19",51.125635,-0.014289
"RH2",51.235211,-0.203094
"RH20",50.937399,-0.470578
"RH3",51.232659,-0.277861
"RH4",51.229961,-0.334762
"RH5",51.190571,-0.3438
"RH6",51.172961,-0.164041
"RH7",51.174693,-0.018259
"RH77",51.138775,-0.169779
"RH8",51.250894,0.002304
"RH9",51.236366,-0.063076
"RM1",51.582992,0.183545
"RM10",51.544847,0.157883
"RM11",51.57108,0.218523
"RM12",51.552943,0.207214
"RM13",51.525351,0.19317
"RM14",51.556974,0.264076
"RM15",51.508744,0.276287
"RM16",51.492969,0.340949
"RM17",51.479711,0.328419
"RM18",51.467481,0.376053
"RM19",51.482853,0.244374
"RM2",51.584283,0.203213
"RM20",51.47832,0.284939
"RM3",51.601959,0.224454
"RM4",51.641052,0.158769
"RM5",51.601324,0.164777
"RM6",51.575798,0.129532
"RM7",51.574836,0.16882
"RM8",51.557211,0.129418
"RM9",51.540998,0.133808
"S1",53.380005,-1.47106
"S10",53.376711,-1.518547
"S11",53.360742,-1.507938
"S12",53.348121,-1.406403
"S13",53.364651,-1.383714
"S14",53.346011,-1.44439
"S17",53.321302,-1.528941
"S18",53.29944,-1.47441
"S2",53.369554,-1.448046
"S20",53.334602,-1.352145
"S21",53.31207,-1.339567
"S25",53.36584,-1.216926
"S26",53.352679,-1.291551
"S3",53.387467,-1.474046
"S32",53.294522,-1.651164
"S33",53.344064,-1.739748
"S35",53.4586,-1.497865
"S36",53.505437,-1.616605
"S4",53.400943,-1.44968
"S40",53.234094,-1.446205
"S41",53.247266,-1.428284
"S42",53.199672,-1.421831
"S43",53.267629,-1.340011
"S44",53.225203,-1.314326
"S45",53.165294,-1.422
"S49",53.235053,-1.434758
"S5",53.422215,-1.463174
"S6",53.402834,-1.513119
"S60",53.412504,-1.350496
"S61",53.444075,-1.394763
"S62",53.465547,-1.347843
"S63",53.518593,-1.330617
"S64",53.490764,-1.298881
"S65",53.436132,-1.318655
"S66",53.420158,-1.244047
"S7",53.355225,-1.491044
"S70",53.541142,-1.474873
"S71",53.5744,-1.456104
"S72",53.578645,-1.391167
"S73",53.524462,-1.395073
"S74",53.500964,-1.441164
"S75",53.562722,-1.521471
"S8",53.339892,-1.477566
"S80",53.29254,-1.151974
"S81",53.338678,-1.123821
"S9",53.398136,-1.417699
"S94",49.766807,-7.55716
"S95",53.417978,-1.404501
"S96",53.402334,-1.425048
"S97",53.503244,-1.337964
"S98",53.404101,-1.431034
"S99",53.40424,-1.431035
"SA1",51.626581,-3.940332
"SA10",51.687564,-3.800734
"SA11",51.674706,-3.76176
"SA12",51.608238,-3.795776
"SA13",51.605878,-3.725493
"SA14",51.735059,-4.106212
"SA15",51.699632,-4.167781
"SA16",51.689322,-4.257168
"SA17",51.756789,-4.285341
"SA18",51.797744,-3.960847
"SA19",51.954788,-3.947979
"SA2",51.619113,-3.997962
"SA20",52.011904,-3.787827
"SA3",51.58116,-4.052403
"SA31",51.85669,-4.30823
"SA32",51.887813,-4.1693
"SA33",51.849541,-4.441032
"SA34",51.852106,-4.618957
"SA35",51.968615,-4.555981
"SA36",51.957784,-4.608678
"SA37",52.015886,-4.592275
"SA38",52.040218,-4.476485
"SA39",52.018869,-4.243669
"SA4",51.673177,-4.048578
"SA40",52.084299,-4.175589
"SA41",51.995149,-4.705805
"SA42",52.015426,-4.852665
"SA43",52.087273,-4.628193
"SA44",52.087651,-4.373168
"SA45",52.208101,-4.358295
"SA46",52.237764,-4.257452
"SA47",52.192259,-4.299759
"SA48",52.144955,-4.113225
"SA5",51.648897,-3.97123
"SA6",51.676169,-3.922543
"SA61",51.800213,-4.974088
"SA62",51.841011,-5.063808
"SA63",51.874278,-4.856341
"SA64",52.002012,-5.012599
"SA65",51.988023,-4.969757
"SA66",51.883624,-4.744953
"SA67",51.783207,-4.732963
"SA68",51.729528,-4.765485
"SA69",51.710978,-4.706812
"SA7",51.664725,-3.888178
"SA70",51.672568,-4.741852
"SA71",51.668091,-4.929335
"SA72",51.691795,-4.935566
"SA73",51.71766,-5.012058
"SA8",51.721808,-3.847695
"SA80",51.647944,-3.924295
"SA9",51.78124,-3.768991
"SA99",51.669997,-3.945445
"SE1",51.499191,-0.09152
"SE10",51.48451,0.00019
"SE11",51.489841,-0.111592
"SE12",51.444676,0.020069
"SE13",51.459446,-0.009592
"SE14",51.475887,-0.042486
"SE15",51.472735,-0.065651
"SE16",51.496596,-0.052961
"SE17",51.488219,-0.09333
"SE18",51.484328,0.072563
"SE19",51.417984,-0.086108
"SE1P",51.203393,-1.333783
"SE2",51.489669,0.115948
"SE20",51.412294,-0.059467
"SE21",51.438997,-0.088779
"SE22",51.454458,-0.072432
"SE23",51.441488,-0.049137
"SE24",51.456191,-0.100265
"SE25",51.397787,-0.076795
"SE26",51.427949,-0.054842
"SE27",51.430561,-0.102368
"SE28",51.502363,0.104419
"SE3",51.469569,0.019709
"SE4",51.461007,-0.035213
"SE5",51.473833,-0.091467
"SE6",51.438537,-0.016587
"SE7",51.484169,0.034308
"SE8",51.481932,-0.029477
"SE9",51.445125,0.054823
"SG1",51.91313,-0.194988
"SG10",51.846775,0.075493
"SG11",51.886092,0.033668
"SG12",51.814308,-0.016879
"SG13",51.787748,-0.071446
"SG14",51.808118,-0.093932
"SG15",52.013308,-0.263793
"SG16",52.014511,-0.298616
"SG17",52.034638,-0.335631
"SG18",52.082555,-0.264567
"SG19",52.139608,-0.23954
"SG2",51.896542,-0.164092
"SG3",51.860459,-0.182329
"SG4",51.920552,-0.259555
"SG5",51.971011,-0.281536
"SG6",51.978982,-0.222754
"SG7",52.0043,-0.175582
"SG8",52.064368,-0.01486
"SG9",51.950431,-0.009273
"SK1",53.407601,-2.151547
"SK10",53.2757,-2.131163
"SK11",53.245278,-2.146184
"SK12",53.351479,-2.092371
"SK13",53.448599,-1.964352
"SK14",53.452048,-2.056547
"SK15",53.487055,-2.046945
"SK16",53.474629,-2.082731
"SK17",53.244653,-1.881304
"SK2",53.394327,-2.132386
"SK22",53.372229,-1.984615
"SK23",53.327755,-1.948478
"SK3",53.398252,-2.172228
"SK4",53.419484,-2.181812
"SK5",53.435215,-2.152503
"SK6",53.405214,-2.080372
"SK7",53.369575,-2.143385
"SK8",53.379727,-2.209132
"SK9",53.327816,-2.230491
"SL0",51.526001,-0.517189
"SL1",51.517912,-0.622527
"SL2",51.535695,-0.605762
"SL3",51.498722,-0.551558
"SL4",51.475268,-0.627409
"SL5",51.405632,-0.663859
"SL6",51.52399,-0.729174
"SL60",51.518545,-0.714795
"SL7",51.575327,-0.777861
"SL8",51.578739,-0.708719
"SL9",51.59772,-0.55588
"SL95",51.499167,-0.539053
"SM1",51.366988,-0.192863
"SM2",51.351818,-0.198808
"SM3",51.371254,-0.216254
"SM4",51.39313,-0.19965
"SM5",51.368645,-0.16881
"SM6",51.361401,-0.144492
"SM7",51.322921,-0.201438
"SN1",51.556622,-1.782937
"SN10",51.337017,-1.986926
"SN11",51.439396,-1.999365
"SN12",51.37224,-2.136728
"SN13",51.424595,-2.212474
"SN14",51.475661,-2.199279
"SN15",51.472245,-2.082855
"SN16",51.592238,-2.085008
"SN2",51.577745,-1.783009
"SN25",51.597923,-1.808728
"SN26",51.614014,-1.788124
"SN3",51.561635,-1.745625
"SN38",51.562794,-1.806601
"SN4",51.530487,-1.840685
"SN5",51.566809,-1.839742
"SN6",51.621355,-1.740578
"SN7",51.648581,-1.566274
"SN8",51.406521,-1.685701
"SN9",51.324222,-1.788236
"SN99",51.551996,-1.722548
"SO14",50.907201,-1.397348
"SO15",50.917064,-1.424555
"SO16",50.936629,-1.433208
"SO17",50.927272,-1.392644
"SO18",50.924112,-1.362129
"SO19",50.902,-1.354871
"SO20",51.116668,-1.51669
"SO21",51.075801,-1.316283
"SO22",51.066507,-1.3357
"SO23",51.068583,-1.308755
"SO24",51.084239,-1.14747
"SO25",51.067562,-1.297345
"SO30",50.919853,-1.306777
"SO31",50.869756,-1.299322
"SO32",50.949299,-1.202857
"SO40",50.912995,-1.503933
"SO41",50.755475,-1.566596
"SO42",50.815186,-1.536488
"SO43",50.886231,-1.589344
"SO45",50.846917,-1.394819
"SO50",50.969274,-1.340477
"SO51",50.99587,-1.503876
"SO52",50.977551,-1.443904
"SO53",50.986019,-1.383628
"SO97",50.948487,-1.361961
"SP1",51.075206,-1.788773
"SP10",51.211447,-1.484566
"SP11",51.227632,-1.512514
"SP2",51.074919,-1.825834
"SP3",51.102142,-2.015865
"SP4",51.166292,-1.766032
"SP5",51.021437,-1.770539
"SP6",50.936685,-1.80254
"SP7",51.004937,-2.184113
"SP8",51.037298,-2.290849
"SP9",51.233462,-1.664998
"SR1",54.906154,-1.378376
"SR2",54.886175,-1.376636
"SR3",54.876818,-1.416849
"SR4",54.900389,-1.425608
"SR43",49.766807,-7.55716
"SR5",54.922614,-1.424152
"SR6",54.93551,-1.379244
"SR7",54.830449,-1.362939
"SR8",54.766788,-1.336556
"SS0",51.546669,0.687714
"SS1",51.537523,0.731131
"SS11",51.617187,0.53785
"SS12",51.605356,0.52054
"SS13",51.574955,0.510877
"SS14",51.576018,0.474551
"SS15",51.577486,0.428182
"SS16",51.562613,0.451988
"SS17",51.521609,0.43775
"SS2",51.55089,0.71676
"SS22",51.55698,0.706823
"SS3",51.54322,0.788857
"SS4",51.592997,0.71192
"SS5",51.607699,0.648216
"SS6",51.588485,0.607663
"SS7",51.562301,0.577767
"SS8",51.522116,0.589565
"SS9",51.554741,0.651786
"SS99",51.547771,0.714261
"ST1",53.027321,-2.173063
"ST10",52.988536,-1.964527
"ST11",52.965781,-2.064615
"ST12",52.946915,-2.172769
"ST13",53.100939,-2.01926
"ST14",52.904474,-1.869991
"ST15",52.900203,-2.150421
"ST16",52.813612,-2.120139
"ST17",52.788156,-2.099089
"ST18",52.814913,-2.080276
"ST19",52.708607,-2.147292
"ST2",53.028122,-2.135435
"ST20",52.798265,-2.276081
"ST21",52.872641,-2.269724
"ST3",52.980774,-2.123128
"ST4",52.994523,-2.185439
"ST5",53.015408,-2.239574
"ST55",53.014036,-2.237255
"ST6",53.057946,-2.189604
"ST7",53.088552,-2.268389
"ST8",53.115533,-2.167905
"ST9",53.052811,-2.096077
"SW10",51.483787,-0.182805
"SW11",51.468129,-0.163804
"SW12",51.446299,-0.149136
"SW13",51.47619,-0.243607
"SW14",51.465407,-0.266984
"SW15",51.457024,-0.22853
"SW16",51.421251,-0.129243
"SW17",51.430793,-0.1647
"SW18",51.451238,-0.191484
"SW19",51.424181,-0.202998
"SW1A",51.504469,-0.132203
"SW1E",51.498008,-0.139817
"SW1H",51.498521,-0.133611
"SW1P",51.490274,-0.13272
"SW1V",51.489504,-0.139959
"SW1W",51.492488,-0.15085
"SW1X",51.498201,-0.156615
"SW1Y",51.507501,-0.134553
"SW2",51.449292,-0.119838
"SW20",51.410903,-0.227768
"SW3",51.489161,-0.165747
"SW4",51.461109,-0.136481
"SW5",51.491599,-0.191949
"SW6",51.476625,-0.20123
"SW7",51.496286,-0.177011
"SW8",51.476534,-0.132013
"SW9",51.469353,-0.113886
"SW95",51.480398,-0.136274
"SY1",52.722629,-2.740516
"SY10",52.846022,-3.059019
"SY11",52.870093,-3.031217
"SY12",52.902961,-2.895608
"SY13",52.952168,-2.674072
"SY14",53.035205,-2.763502
"SY15",52.564209,-3.073677
"SY2",52.705747,-2.729303
"SY21",52.647027,-3.041738
"SY22",52.78513,-3.082
"SY3",52.698964,-2.773193
"SY4",52.798104,-2.753563
"SY5",52.649641,-2.827038
"SY6",52.537144,-2.791647
"SY7",52.425227,-2.886291
"SY8",52.365152,-2.695302
"SY9",52.499153,-2.99003
"SY99",52.712826,-2.74961
"SY10",52.822713,-3.293223
"SY13",52.952263,-2.785128
"SY14",52.988424,-2.817493
"SY15",52.550999,-3.145383
"SY16",52.520721,-3.312404
"SY17",52.517406,-3.468821
"SY18",52.441586,-3.549374
"SY19",52.579512,-3.635086
"SY20",52.614838,-3.818751
"SY21",52.658406,-3.210577
"SY22",52.755375,-3.192113
"SY23",52.379896,-4.051227
"SY24",52.472778,-4.0207
"SY25",52.237943,-3.937179
"SY5",52.712642,-3.014404
"SY7",52.464461,-3.23662
"SY9",52.502559,-3.054109
"TA1",51.01322,-3.102859
"TA10",51.033337,-2.825978
"TA11",51.060528,-2.702063
"TA12",50.974851,-2.773072
"TA13",50.946707,-2.810172
"TA14",50.9468,-2.751592
"TA15",50.95116,-2.716921
"TA16",50.909482,-2.793752
"TA17",50.908155,-2.836527
"TA18",50.88294,-2.787391
"TA19",50.935137,-2.915381
"TA2",51.033976,-3.101268
"TA20",50.873556,-2.962285
"TA21",50.977781,-3.244795
"TA22",51.045734,-3.545072
"TA23",51.162526,-3.352736
"TA24",51.181926,-3.51084
"TA3",50.993655,-3.037442
"TA4",51.074791,-3.271648
"TA5",51.142947,-3.095412
"TA6",51.12562,-3.000864
"TA7",51.131466,-2.910832
"TA8",51.245229,-2.995052
"TA9",51.225579,-2.956571
"TD12",55.638707,-2.194155
"TD15",55.746093,-2.007792
"TD5",55.603168,-2.286036
"TD9",55.117246,-2.772156
"TD1",55.623247,-2.811042
"TD10",55.711566,-2.451661
"TD11",55.787934,-2.313652
"TD12",55.662758,-2.273074
"TD13",55.929815,-2.371795
"TD14",55.843559,-2.145894
"TD15",55.771313,-2.129549
"TD2",55.73121,-2.754495
"TD3",55.701792,-2.573799
"TD4",55.642452,-2.67207
"TD5",55.587881,-2.417349
"TD6",55.581901,-2.693241
"TD7",55.536612,-2.873058
"TD8",55.475879,-2.542314
"TD9",55.399495,-2.776729
"TF1",52.703202,-2.502842
"TF10",52.769405,-2.386818
"TF11",52.665181,-2.358242
"TF12",52.612035,-2.481769
"TF13",52.578986,-2.581689
"TF2",52.700788,-2.439865
"TF3",52.667328,-2.448203
"TF4",52.662679,-2.471474
"TF5",52.717173,-2.53917
"TF6",52.736729,-2.555953
"TF7",52.639217,-2.450522
"TF8",52.629301,-2.482107
"TF9",52.897028,-2.470024
"TN1",51.13478,0.266532
"TN10",51.212009,0.284089
"TN11",51.206984,0.264748
"TN12",51.172464,0.444334
"TN13",51.276886,0.183876
"TN14",51.297853,0.157484
"TN15",51.302687,0.274524
"TN16",51.292937,0.051757
"TN17",51.096214,0.536705
"TN18",51.042786,0.522658
"TN19",51.002739,0.405555
"TN2",51.12749,0.274478
"TN20",51.016791,0.250357
"TN21",50.958301,0.263006
"TN22",50.982225,0.10046
"TN23",51.140044,0.857259
"TN24",51.149744,0.887535
"TN25",51.141584,0.938444
"TN26",51.096453,0.797449
"TN27",51.16787,0.695455
"TN28",50.982798,0.950898
"TN29",50.993853,0.932583
"TN3",51.120787,0.248124
"TN30",51.062364,0.69671
"TN31",50.962932,0.685809
"TN32",50.979079,0.490236
"TN33",50.911295,0.475292
"TN34",50.86499,0.582095
"TN35",50.882891,0.614015
"TN36",50.920313,0.69903
"TN37",50.872324,0.557237
"TN38",50.863824,0.543716
"TN39",50.846827,0.451441
"TN4",51.145605,0.254803
"TN40",50.845028,0.482383
"TN5",51.059069,0.36486
"TN6",51.052274,0.175509
"TN7",51.096183,0.102292
"TN8",51.195093,0.078007
"TN9",51.191699,0.274628
"TQ1",50.47301,-3.523513
"TQ10",50.42345,-3.826176
"TQ11",50.482308,-3.785088
"TQ12",50.529378,-3.612261
"TQ13",50.594598,-3.717856
"TQ14",50.550779,-3.507842
"TQ2",50.476423,-3.546228
"TQ3",50.44393,-3.576421
"TQ4",50.422732,-3.572253
"TQ5",50.391796,-3.523471
"TQ6",50.347179,-3.59057
"TQ7",50.282725,-3.784348
"TQ8",50.23688,-3.77188
"TQ9",50.416615,-3.691109
"TR1",50.26346,-5.055088
"TR10",50.167585,-5.11895
"TR11",50.149819,-5.087675
"TR12",50.04223,-5.179509
"TR13",50.109608,-5.286553
"TR14",50.21068,-5.29672
"TR15",50.233092,-5.237997
"TR16",50.232737,-5.22119
"TR17",50.125514,-5.46882
"TR18",50.117396,-5.542484
"TR19",50.10011,-5.631558
"TR2",50.254834,-4.950367
"TR20",50.131791,-5.488401
"TR21",49.919026,-6.298631
"TR22",49.895171,-6.340873
"TR23",49.953605,-6.352647
"TR24",49.955444,-6.335311
"TR25",49.964289,-6.293453
"TR26",50.202886,-5.479082
"TR27",50.182749,-5.403875
"TR3",50.217502,-5.112342
"TR4",50.2857,-5.137574
"TR5",50.310217,-5.196773
"TR6",50.341954,-5.153032
"TR7",50.413859,-5.074848
"TR8",50.400009,-5.039128
"TR9",50.413483,-4.935142
"TS1",54.571913,-1.239225
"TS10",54.606791,-1.06915
"TS11",54.587617,-1.026933
"TS12",54.562877,-0.96704
"TS13",54.5497,-0.854214
"TS14",54.532441,-1.062581
"TS15",54.487281,-1.335028
"TS16",54.522246,-1.355922
"TS17",54.535598,-1.304577
"TS18",54.560911,-1.324178
"TS19",54.577217,-1.343612
"TS2",54.58547,-1.237375
"TS20",54.586663,-1.313834
"TS21",54.628093,-1.428623
"TS22",54.624852,-1.320014
"TS23",54.609407,-1.285171
"TS24",54.696842,-1.211195
"TS25",54.663058,-1.225289
"TS26",54.688955,-1.232644
"TS27",54.724152,-1.29084
"TS28",54.7256,-1.37505
"TS29",54.710814,-1.420225
"TS3",54.560472,-1.196878
"TS4",54.55598,-1.222875
"TS5",54.55036,-1.252326
"TS6",54.565679,-1.153428
"TS7",54.533993,-1.18323
"TS8",54.521686,-1.232846
"TS9",54.466084,-1.165387
"TW1",51.451085,-0.325621
"TW10",51.447809,-0.30292
"TW11",51.426308,-0.331776
"TW12",51.422861,-0.369777
"TW13",51.438991,-0.401904
"TW14",51.453415,-0.421969
"TW15",51.431136,-0.458507
"TW16",51.415805,-0.416945
"TW17",51.398221,-0.447638
"TW18",51.42761,-0.504354
"TW19",51.454301,-0.498383
"TW2",51.446376,-0.354492
"TW20",51.427494,-0.552527
"TW3",51.468084,-0.363973
"TW4",51.465467,-0.387943
"TW5",51.482429,-0.38624
"TW6",51.470937,-0.448302
"TW7",51.472996,-0.33585
"TW8",51.48733,-0.306345
"TW9",51.469524,-0.292608
"UB1",51.515608,-0.37329
"UB10",51.549406,-0.45201
"UB11",51.511095,-0.447042
"UB18",51.500719,-0.402684
"UB2",51.49949,-0.379242
"UB3",51.505229,-0.424648
"UB4",51.525958,-0.408448
"UB5",51.543134,-0.376456
"UB6",51.538973,-0.340598
"UB7",51.50443,-0.469176
"UB8",51.535227,-0.473778
"UB9",51.586303,-0.492618
"W10",51.523158,-0.216712
"W11",51.512295,-0.216421
"W12",51.5083,-0.240707
"W13",51.513026,-0.32118
"W14",51.494683,-0.210256
"W1A",51.524374,-0.112806
"W1B",51.514382,-0.140987
"W1C",51.514421,-0.149194
"W1D",51.513316,-0.132761
"W1F",51.513492,-0.136493
"W1G",51.519318,-0.148273
"W1H",51.517693,-0.161097
"W1J",51.507902,-0.14502
"W1K",51.51113,-0.151045
"W1S",51.51125,-0.142298
"W1T",51.520234,-0.136698
"W1U",51.518694,-0.153431
"W1W",51.519208,-0.140902
"W2",51.51499,-0.186408
"W3",51.510685,-0.267945
"W4",51.491203,-0.264032
"W5",51.513228,-0.302349
"W6",51.492604,-0.228622
"W7",51.511863,-0.335956
"W8",51.50113,-0.194327
"W9",51.524901,-0.19263
"WA1",53.394243,-2.57152
"WA10",53.454281,-2.756238
"WA11",53.478091,-2.719868
"WA12",53.453397,-2.633314
"WA13",53.382304,-2.469467
"WA14",53.387797,-2.360775
"WA15",53.38457,-2.325908
"WA16",53.303042,-2.372306
"WA2",53.410806,-2.581288
"WA3",53.456334,-2.547664
"WA4",53.365403,-2.575842
"WA5",53.398999,-2.638794
"WA55",53.391319,-2.608975
"WA6",53.272737,-2.72472
"WA7",53.330554,-2.703655
"WA8",53.373054,-2.741643
"WA88",53.367973,-2.768674
"WA9",53.436085,-2.719281
"WC1A",51.519974,-0.120681
"WC1B",51.519456,-0.125952
"WC1E",51.521717,-0.132638
"WC1H",51.526898,-0.125591
"WC1N",51.522921,-0.119725
"WC1R",51.519622,-0.115864
"WC1V",51.518152,-0.116659
"WC1X",51.526718,-0.115146
"WC2A",51.516236,-0.114207
"WC2B",51.51493,-0.120454
"WC2E",51.511869,-0.123368
"WC2H",51.513338,-0.127378
"WC2N",51.509068,-0.12491
"WC2R",51.511689,-0.118323
"WD17",51.66386,-0.405476
"WD18",51.649176,-0.414466
"WD19",51.630924,-0.390756
"WD23",51.645217,-0.357975
"WD24",51.673739,-0.39822
"WD25",51.687098,-0.387802
"WD3",51.645097,-0.487907
"WD4",51.706064,-0.456573
"WD5",51.702848,-0.416338
"WD6",51.657428,-0.275641
"WD7",51.687032,-0.309933
"WD99",51.648776,-0.422087
"WF1",53.687491,-1.493702
"WF10",53.724004,-1.347743
"WF11",53.711777,-1.256182
"WF12",53.683276,-1.619951
"WF13",53.692274,-1.646688
"WF14",53.679739,-1.69604
"WF15",53.708282,-1.700371
"WF16",53.710179,-1.668803
"WF17",53.718905,-1.642611
"WF2",53.672438,-1.512404
"WF3",53.724164,-1.525531
"WF4",53.646678,-1.519143
"WF5",53.680469,-1.57646
"WF6",53.700281,-1.415554
"WF7",53.666242,-1.352826
"WF8",53.686142,-1.300462
"WF9",53.606335,-1.321136
"WF90",53.674434,-1.490892
"WN1",53.553287,-2.628169
"WN2",53.535929,-2.5821
"WN3",53.528802,-2.645967
"WN4",53.493666,-2.644372
"WN5",53.5319,-2.687402
"WN6",53.575239,-2.671893
"WN7",53.498054,-2.518453
"WN8",53.553182,-2.769502
"WR1",52.195622,-2.222056
"WR10",52.115106,-2.067007
"WR11",52.095652,-1.928856
"WR12",52.041353,-1.870667
"WR13",52.092856,-2.342664
"WR14",52.114413,-2.320418
"WR15",52.305306,-2.569035
"WR2",52.188381,-2.248406
"WR3",52.216843,-2.214106
"WR4",52.203791,-2.18963
"WR5",52.174861,-2.202323
"WR6",52.229869,-2.382157
"WR7",52.19658,-2.049208
"WR8",52.074627,-2.206933
"WR9",52.267022,-2.158193
"WR99",52.194863,-2.203101
"WS1",52.579425,-1.978696
"WS10",52.560638,-2.0224
"WS11",52.688163,-2.017517
"WS12",52.707161,-2.002117
"WS13",52.692541,-1.819215
"WS14",52.664164,-1.815944
"WS15",52.758659,-1.917539
"WS2",52.589269,-2.00437
"WS3",52.619775,-1.992088
"WS4",52.60687,-1.958712
"WS5",52.565974,-1.958313
"WS6",52.658537,-2.023159
"WS7",52.679774,-1.921572
"WS8",52.647439,-1.933196
"WS9",52.609937,-1.918459
"WV1",52.586484,-2.115873
"WV10",52.619222,-2.113402
"WV11",52.610543,-2.072064
"WV12",52.605821,-2.040273
"WV13",52.585147,-2.05812
"WV14",52.557296,-2.078883
"WV15",52.516183,-2.374671
"WV16",52.509535,-2.440941
"WV2",52.573619,-2.118484
"WV3",52.579034,-2.156525
"WV4",52.561389,-2.144647
"WV5",52.534043,-2.210334
"WV6",52.596824,-2.182651
"WV7",52.635503,-2.279432
"WV8",52.625907,-2.187668
"WV9",52.637501,-2.143553
"WV98",51.972085,-3.096411
"WV99",52.671346,-2.42029
"YO1",53.958599,-1.082654
"YO10",53.950455,-1.057514
"YO11",54.264294,-0.396515
"YO12",54.273038,-0.424523
"YO13",54.287621,-0.499619
"YO14",54.197697,-0.298079
"YO15",54.094913,-0.176683
"YO16",54.095674,-0.202056
"YO17",54.136806,-0.756325
"YO18",54.259015,-0.769149
"YO19",53.90588,-1.020668
"YO21",54.476955,-0.711537
"YO22",54.450688,-0.621935
"YO23",53.923505,-1.123307
"YO24",53.94594,-1.116988
"YO25",54.004117,-0.416094
"YO26",53.975727,-1.177878
"YO30",53.987081,-1.117017
"YO31",53.969937,-1.064415
"YO32",54.012485,-1.059398
"YO41",53.970521,-0.900567
"YO42",53.923629,-0.790726
"YO43",53.849287,-0.684383
"YO51",54.090035,-1.39475
"YO60",54.086099,-0.938863
"YO61",54.117682,-1.195675
"YO62",54.246279,-0.994175
"YO7",54.225135,-1.350785
"YO8",53.781206,-1.060964
"YO90",53.959709,-1.09025
"ZE1",60.151469,-1.170512
"ZE2",60.316285,-1.22931
"ZE3",59.882089,-1.303765
