"HS1 2AD",58.208782,-6.386334
"HS1 2AE",58.206912,-6.386563
"HS1 2AF",58.221116,-6.383597
"HS1 2AG",58.213284,-6.381999
"HS1 2AH",58.220536,-6.395201
"HS1 2AJ",58.214976,-6.385088
"HS1 2AL",58.207862,-6.37489
"HS1 2AN",58.209103,-6.379353
"HS1 2BA",58.208003,-6.390684
"HS1 2BB",58.207731,-6.385778
"HS1 2BD",58.208272,-6.390173
"HS1 2BE",58.208037,-6.389683
"HS1 2BG",58.208094,-6.38935
"HS1 2BJ",58.208133,-6.387685
"HS1 2BN",58.208055,-6.386022
"HS1 2BQ",58.208101,-6.387562
"HS1 2BS",58.207525,-6.385224
"HS1 2BT",58.207037,-6.385045
"HS1 2BW",58.209142,-6.378745
"HS1 2DA",58.208626,-6.388257
"HS1 2DB",58.208224,-6.3879
"HS1 2DD",58.209475,-6.388396
"HS1 2DF",58.209498,-6.389046
"HS1 2DG",58.210872,-6.388586
"HS1 2DH",58.209978,-6.387896
"HS1 2DJ",58.214094,-6.385371
"HS1 2DL",58.210093,-6.383241
"HS1 2DP",58.208266,-6.386696
"HS1 2DR",58.20952,-6.387618
"HS1 2DS",58.210659,-6.387963
"HS1 2DT",58.211341,-6.388286
"HS1 2DU",58.212281,-6.387618
"HS1 2DX",58.213293,-6.386448
"HS1 2DY",58.213085,-6.387785
"HS1 2DZ",58.214414,-6.385734
"HS1 2EB",58.213088,-6.387428
"HS1 2ED",58.210828,-6.388563
"HS1 2EG",58.21731,-6.384422
"HS1 2EH",58.217694,-6.3866
"HS1 2EJ",58.218334,-6.387599
"HS1 2EP",58.220255,-6.39658
"HS1 2EU",58.21976,-6.387196
"HS1 2EW",58.219761,-6.392122
"HS1 2EX",58.21884,-6.387542
"HS1 2EY",58.218663,-6.385629
"HS1 2EZ",58.218757,-6.386288
"HS1 2FA",58.209137,-6.378897
"HS1 2FB",58.209137,-6.378897
"HS1 2FD",58.209137,-6.378897
"HS1 2FE",58.209137,-6.378897
"HS1 2FF",58.209137,-6.378897
"HS1 2FG",58.209137,-6.378897
"HS1 2FH",58.209137,-6.378897
"HS1 2FJ",58.209137,-6.378897
"HS1 2FL",58.209137,-6.378897
"HS1 2FP",58.209137,-6.378897
"HS1 2FQ",58.209137,-6.378897
"HS1 2FR",58.209137,-6.378897
"HS1 2GA",58.209137,-6.378897
"HS1 2GB",58.209137,-6.378897
"HS1 2GD",58.209137,-6.378897
"HS1 2GE",58.209137,-6.378897
"HS1 2GF",58.209137,-6.378897
"HS1 2GG",58.209137,-6.378897
"HS1 2GH",58.209137,-6.378897
"HS1 2GJ",58.209137,-6.378897
"HS1 2GL",58.209137,-6.378897
"HS1 2GN",58.209137,-6.378897
"HS1 2GP",58.209137,-6.378897
"HS1 2GQ",58.209137,-6.378897
"HS1 2GR",58.209137,-6.378897
"HS1 2GS",58.209137,-6.378897
"HS1 2GT",58.209137,-6.378897
"HS1 2GU",58.209137,-6.378897
"HS1 2GW",58.209137,-6.378897
"HS1 2GY",58.209137,-6.378897
"HS1 2GZ",58.209137,-6.378897
"HS1 2HA",58.218342,-6.387106
"HS1 2HB",58.217959,-6.386207
"HS1 2HD",58.217594,-6.385582
"HS1 2HE",58.217925,-6.384055
"HS1 2HF",58.217483,-6.381478
"HS1 2HG",58.218197,-6.384532
"HS1 2HH",58.218538,-6.382205
"HS1 2HJ",58.217755,-6.380131
"HS1 2HL",58.217307,-6.382956
"HS1 2HN",58.216746,-6.381217
"HS1 2HP",58.215474,-6.381844
"HS1 2HQ",58.218165,-6.383096
"HS1 2HR",58.21615,-6.379984
"HS1 2HT",58.214981,-6.38364
"HS1 2HU",58.21621,-6.383724
"HS1 2HY",58.216242,-6.382262
"HS1 2JA",58.20959,-6.385326
"HS1 2JB",58.209815,-6.386376
"HS1 2JD",58.210296,-6.386504
"HS1 2JE",58.210478,-6.385402
"HS1 2JF",58.209607,-6.384033
"HS1 2JG",58.210791,-6.385968
"HS1 2JH",58.212064,-6.386603
"HS1 2JJ",58.212571,-6.385728
"HS1 2JL",58.211914,-6.385221
"HS1 2JN",58.211537,-6.385992
"HS1 2JQ",58.211326,-6.387415
"HS1 2JR",58.211592,-6.383852
"HS1 2JS",58.212783,-6.384783
"HS1 2JT",58.212802,-6.385297
"HS1 2JU",58.212707,-6.384126
"HS1 2JW",58.210921,-6.38532
"HS1 2JX",58.213814,-6.38566
"HS1 2JY",58.213616,-6.384903
"HS1 2JZ",58.210568,-6.386691
"HS1 2LA",58.214101,-6.384384
"HS1 2LB",58.215394,-6.384168
"HS1 2LD",58.217,-6.378538
"HS1 2LE",58.21624,-6.379194
"HS1 2LF",58.215407,-6.37858
"HS1 2LG",58.214697,-6.379873
"HS1 2LH",58.214249,-6.381658
"HS1 2LL",58.213706,-6.382017
"HS1 2LP",58.212756,-6.38219
"HS1 2LQ",58.215217,-6.380687
"HS1 2LR",58.212062,-6.382734
"HS1 2LS",58.210775,-6.384092
"HS1 2LW",58.21273,-6.382919
"HS1 2NB",58.208841,-6.385932
"HS1 2ND",58.208805,-6.384616
"HS1 2NE",58.212938,-6.375839
"HS1 2NF",58.209191,-6.38359
"HS1 2NG",58.209086,-6.381941
"HS1 2NH",58.21384,-6.37549
"HS1 2NJ",58.211649,-6.380622
"HS1 2NL",58.213519,-6.376984
"HS1 2NP",58.212209,-6.376107
"HS1 2NQ",58.210477,-6.382011
"HS1 2NS",58.21448,-6.375177
"HS1 2NW",58.213223,-6.37434
"HS1 2NX",58.215327,-6.373577
"HS1 2NY",58.214339,-6.372228
"HS1 2NZ",58.214138,-6.37021
"HS1 2PA",58.211887,-6.372387
"HS1 2PB",58.212458,-6.370429
"HS1 2PG",58.215069,-6.370597
"HS1 2PH",58.213573,-6.369629
"HS1 2PJ",58.212559,-6.371413
"HS1 2PL",58.213064,-6.370861
"HS1 2PN",58.20918,-6.380777
"HS1 2PP",58.21363,-6.371119
"HS1 2PQ",58.214264,-6.368385
"HS1 2PR",58.213608,-6.372019
"HS1 2PS",58.212332,-6.37331
"HS1 2PT",58.21145,-6.37569
"HS1 2PY",58.211459,-6.37673
"HS1 2PZ",58.209798,-6.38162
"HS1 2QG",58.208316,-6.384726
"HS1 2QH",58.208483,-6.384031
"HS1 2QJ",58.208703,-6.38261
"HS1 2QN",58.208132,-6.383255
"HS1 2QP",58.220108,-6.401096
"HS1 2QQ",58.207984,-6.384957
"HS1 2QR",58.22084,-6.397607
"HS1 2QS",58.207893,-6.384452
"HS1 2QT",58.207469,-6.382134
"HS1 2QY",58.206907,-6.382797
"HS1 2QZ",58.219795,-6.393745
"HS1 2RA",58.206685,-6.380111
"HS1 2RB",58.206347,-6.380768
"HS1 2RD",58.207092,-6.377691
"HS1 2RE",58.205606,-6.380609
"HS1 2RF",58.206641,-6.378504
"HS1 2RL",58.205524,-6.375419
"HS1 2RN",58.205335,-6.374902
"HS1 2RP",58.205111,-6.374857
"HS1 2RR",58.20462,-6.373195
"HS1 2RS",58.202644,-6.383054
"HS1 2RT",58.20334,-6.3759
"HS1 2RW",58.205021,-6.376431
"HS1 2RX",58.204514,-6.369724
"HS1 2RY",58.203628,-6.370654
"HS1 2RZ",58.203664,-6.369074
"HS1 2SA",58.209137,-6.378897
"HS1 2SD",58.205567,-6.37074
"HS1 2SE",58.205427,-6.37275
"HS1 2SF",58.205881,-6.371051
"HS1 2SG",58.212988,-6.363354
"HS1 2SH",58.207557,-6.368855
"HS1 2SJ",58.206674,-6.371268
"HS1 2SL",58.207762,-6.370464
"HS1 2SQ",58.207211,-6.369749
"HS1 2SS",58.208054,-6.365627
"HS1 2ST",58.210266,-6.364587
"HS1 2SU",58.208474,-6.362016
"HS1 2SX",58.207749,-6.361927
"HS1 2TA",58.212527,-6.380474
"HS1 2TB",58.213192,-6.379159
"HS1 2TD",58.214154,-6.378647
"HS1 2TE",58.214976,-6.376976
"HS1 2TF",58.214072,-6.377904
"HS1 2TG",58.214366,-6.376679
"HS1 2TJ",58.221708,-6.38546
"HS1 2TL",58.21627,-6.373881
"HS1 2TN",58.216186,-6.374484
"HS1 2TP",58.218551,-6.381286
"HS1 2TQ",58.215471,-6.37593
"HS1 2TR",58.219018,-6.38419
"HS1 2TS",58.220195,-6.386585
"HS1 2TT",58.221296,-6.386738
"HS1 2TU",58.220755,-6.390149
"HS1 2TW",58.217332,-6.376449
"HS1 2TX",58.221224,-6.389081
"HS1 2TY",58.222092,-6.395223
"HS1 2TZ",58.221787,-6.393873
"HS1 2UA",58.221521,-6.392987
"HS1 2UB",58.221617,-6.391755
"HS1 2UD",58.216213,-6.372391
"HS1 2UE",58.219295,-6.373759
"HS1 2UF",58.220104,-6.379006
"HS1 2UG",58.218798,-6.38118
"HS1 2UH",58.222551,-6.393882
"HS1 2UJ",58.222841,-6.392776
"HS1 2UL",58.21328,-6.36034
"HS1 2UN",58.212724,-6.360033
"HS1 2UP",58.212499,-6.360568
"HS1 2UQ",58.219973,-6.385722
"HS1 2UR",58.212605,-6.358263
"HS1 2UT",58.213894,-6.361574
"HS1 2UU",58.213848,-6.359234
"HS1 2UX",58.211892,-6.356233
"HS1 2UY",58.219853,-6.383697
"HS1 2UZ",58.213916,-6.360674
"HS1 2XA",58.208121,-6.390904
"HS1 2XB",58.208756,-6.386552
"HS1 2XD",58.208483,-6.387438
"HS1 2XF",58.208206,-6.389227
"HS1 2XG",58.208357,-6.389263
"HS1 2XJ",58.208414,-6.389969
"HS1 2XN",58.208379,-6.391515
"HS1 2XP",58.208324,-6.391286
"HS1 2XQ",58.208621,-6.388904
"HS1 2XS",58.207873,-6.391588
"HS1 2XX",58.207817,-6.391104
"HS1 2XY",58.207761,-6.39091
"HS1 2YA",58.222115,-6.383055
"HS1 2YB",58.221971,-6.383839
"HS1 2YD",58.223234,-6.386586
"HS1 2YE",58.223309,-6.388078
"HS1 2YF",58.223132,-6.389028
"HS1 2YG",58.222147,-6.388122
"HS1 2YH",58.222302,-6.387016
"HS1 2YJ",58.222335,-6.388418
"HS1 2YL",58.222264,-6.38996
"HS1 2YN",58.222448,-6.391926
"HS1 2YP",58.223004,-6.390393
"HS1 2YR",58.222845,-6.384833
"HS1 2YS",58.222023,-6.385192
"HS1 2YT",58.220372,-6.393697
"HS1 2YU",58.220943,-6.395404
"HS1 2YW",58.222561,-6.390474
"HS1 9AA",58.208197,-6.380059
"HS1 9AH",58.208197,-6.380059
"HS1 9AL",58.208197,-6.380059
"HS1 9AN",58.208197,-6.380059
"HS1 9ZZ",58.208198,-6.380042
"HS2 0AA",58.219041,-6.349663
"HS2 0AB",58.213666,-6.33532
"HS2 0AD",58.208121,-6.352635
"HS2 0AE",58.202025,-6.357851
"HS2 0AG",58.20447,-6.351813
"HS2 0AH",58.195055,-6.354169
"HS2 0AJ",58.24656,-6.335657
"HS2 0AL",58.204579,-6.346256
"HS2 0AN",58.202851,-6.343676
"HS2 0AP",58.201759,-6.352486
"HS2 0AQ",58.195055,-6.354169
"HS2 0AR",58.202647,-6.340943
"HS2 0AS",58.202599,-6.33891
"HS2 0AT",58.201949,-6.340568
"HS2 0AU",58.201669,-6.339818
"HS2 0AW",58.205196,-6.340028
"HS2 0AX",58.201622,-6.341192
"HS2 0AY",58.20166,-6.337705
"HS2 0AZ",58.198364,-6.328837
"HS2 0BA",58.203697,-6.339691
"HS2 0BB",58.209822,-6.316347
"HS2 0BD",58.209277,-6.320234
"HS2 0BE",58.247644,-6.320917
"HS2 0BF",58.204205,-6.339566
"HS2 0BG",58.210495,-6.316139
"HS2 0BH",58.352515,-6.52115
"HS2 0BJ",58.485556,-6.255166
"HS2 0BL",58.206325,-6.339092
"HS2 0BN",58.214152,-6.323383
"HS2 0BP",58.194485,-6.264924
"HS2 0BQ",58.204997,-6.311706
"HS2 0BR",58.217895,-6.410502
"HS2 0BS",58.205802,-6.264545
"HS2 0BT",58.21876,-6.412007
"HS2 0BW",58.202436,-6.268655
"HS2 0DB",58.219083,-6.40811
"HS2 0DD",58.216501,-6.410482
"HS2 0DE",58.213719,-6.417328
"HS2 0DF",58.217715,-6.415695
"HS2 0DG",58.218286,-6.41609
"HS2 0DH",58.221045,-6.413024
"HS2 0DJ",58.220499,-6.417865
"HS2 0DL",58.220413,-6.416457
"HS2 0DN",58.224757,-6.407366
"HS2 0DP",58.225157,-6.394989
"HS2 0DR",58.227276,-6.392473
"HS2 0DS",58.225921,-6.387174
"HS2 0DT",58.230594,-6.384938
"HS2 0DU",58.237309,-6.382904
"HS2 0DW",58.229,-6.406904
"HS2 0DX",58.218943,-6.409047
"HS2 0DY",58.231721,-6.389817
"HS2 0DZ",58.233261,-6.40017
"HS2 0EA",58.236074,-6.393715
"HS2 0EB",58.235868,-6.390024
"HS2 0ED",58.242516,-6.39129
"HS2 0EE",58.248531,-6.400718
"HS2 0EF",58.247206,-6.398472
"HS2 0EG",58.224709,-6.384245
"HS2 0EH",58.219963,-6.41231
"HS2 0EJ",58.249962,-6.399138
"HS2 0EL",58.212826,-6.417149
"HS2 0EN",58.247847,-6.396829
"HS2 0EP",58.241953,-6.165448
"HS2 0EQ",58.2191,-6.410754
"HS2 0ER",58.241445,-6.16532
"HS2 0ES",58.241169,-6.165236
"HS2 0EU",58.242794,-6.1598
"HS2 0EW",58.227692,-6.169842
"HS2 0EX",58.244614,-6.16356
"HS2 0EY",58.247257,-6.161636
"HS2 0EZ",58.25047,-6.160188
"HS2 0FS",58.225091,-6.383338
"HS2 0GS",58.224346,-6.384064
"HS2 0GT",58.23066,-6.386157
"HS2 0HA",58.250411,-6.15399
"HS2 0HB",58.260832,-6.139344
"HS2 0HD",58.257494,-6.162889
"HS2 0HE",58.250357,-6.171074
"HS2 0HF",58.245836,-6.328644
"HS2 0HJ",58.245886,-6.347003
"HS2 0HL",58.243635,-6.351298
"HS2 0HP",58.244716,-6.352812
"HS2 0HR",58.246357,-6.357175
"HS2 0HS",58.243953,-6.343798
"HS2 0HT",58.246329,-6.330274
"HS2 0HU",58.247957,-6.336357
"HS2 0HW",58.244746,-6.35406
"HS2 0HX",58.247776,-6.344574
"HS2 0HY",58.241447,-6.350057
"HS2 0HZ",58.239196,-6.352237
"HS2 0JA",58.240192,-6.352563
"HS2 0JB",58.240313,-6.353226
"HS2 0JD",58.245886,-6.354644
"HS2 0JF",58.24349,-6.355816
"HS2 0JG",58.246469,-6.353095
"HS2 0JH",58.253073,-6.145125
"HS2 0JJ",58.246849,-6.330576
"HS2 0JN",58.274733,-6.3057
"HS2 0JP",58.274415,-6.308444
"HS2 0JR",58.271093,-6.305087
"HS2 0JS",58.273924,-6.295002
"HS2 0JT",58.273881,-6.297608
"HS2 0JY",58.275643,-6.302431
"HS2 0JZ",58.276319,-6.306132
"HS2 0LA",58.276882,-6.301147
"HS2 0LB",58.27939,-6.300667
"HS2 0LD",58.285353,-6.304106
"HS2 0LE",58.276988,-6.294264
"HS2 0LF",58.281945,-6.301421
"HS2 0LH",58.288486,-6.304538
"HS2 0LJ",58.277211,-6.288982
"HS2 0LN",58.277235,-6.293338
"HS2 0LP",58.277911,-6.32128
"HS2 0LQ",58.282518,-6.292408
"HS2 0LR",58.274997,-6.326609
"HS2 0LS",58.267931,-6.33288
"HS2 0LT",58.257857,-6.332672
"HS2 0LW",58.256367,-6.335765
"HS2 0NA",58.281945,-6.282453
"HS2 0NB",58.296994,-6.280157
"HS2 0ND",58.320394,-6.230451
"HS2 0NE",58.346549,-6.213983
"HS2 0NF",58.337422,-6.221051
"HS2 0NG",58.341414,-6.216722
"HS2 0NH",58.346127,-6.213676
"HS2 0NJ",58.342828,-6.20875
"HS2 0NL",58.348151,-6.212019
"HS2 0NN",58.353963,-6.216852
"HS2 0NP",58.3376,-6.206657
"HS2 0NQ",58.340378,-6.201755
"HS2 0NR",58.340335,-6.202793
"HS2 0NT",58.340659,-6.197308
"HS2 0NW",58.343589,-6.205558
"HS2 0PA",58.204918,-6.284183
"HS2 0PB",58.208116,-6.276527
"HS2 0PD",58.208334,-6.259533
"HS2 0PE",58.209317,-6.25408
"HS2 0PF",58.209879,-6.251234
"HS2 0PH",58.211423,-6.247551
"HS2 0PJ",58.214391,-6.247003
"HS2 0PL",58.216806,-6.234681
"HS2 0PN",58.218031,-6.245427
"HS2 0PP",58.231841,-6.20671
"HS2 0PQ",58.210022,-6.248286
"HS2 0PR",58.216246,-6.24259
"HS2 0PS",58.220912,-6.223667
"HS2 0PT",58.234305,-6.199585
"HS2 0PU",58.235151,-6.200385
"HS2 0PW",58.220375,-6.227915
"HS2 0PX",58.214516,-6.232142
"HS2 0PY",58.21958,-6.225043
"HS2 0PZ",58.231221,-6.205869
"HS2 0QA",58.2037,-6.220411
"HS2 0QB",58.199061,-6.225276
"HS2 0QD",58.194519,-6.217702
"HS2 0QE",58.194906,-6.222585
"HS2 0QF",58.201831,-6.227973
"HS2 0QG",58.20869,-6.214479
"HS2 0QH",58.206016,-6.201231
"HS2 0QN",58.352368,-6.532663
"HS2 0QQ",58.209018,-6.213257
"HS2 0QR",58.357534,-6.529014
"HS2 0QS",58.353461,-6.52264
"HS2 0QW",58.35438,-6.550699
"HS2 0QX",58.366518,-6.507419
"HS2 0QY",58.357382,-6.513251
"HS2 0QZ",58.350197,-6.513205
"HS2 0RA",58.347886,-6.517255
"HS2 0RB",58.346197,-6.512643
"HS2 0RG",58.392004,-6.485773
"HS2 0RH",58.402058,-6.468052
"HS2 0RJ",58.404424,-6.463657
"HS2 0RL",58.403388,-6.460356
"HS2 0RQ",58.398035,-6.476365
"HS2 0RR",58.427126,-6.428388
"HS2 0RS",58.420568,-6.4295
"HS2 0RT",58.413779,-6.437781
"HS2 0RU",58.415288,-6.434458
"HS2 0RX",58.415188,-6.440958
"HS2 0RY",58.410725,-6.442058
"HS2 0RZ",58.41211,-6.455754
"HS2 0SD",58.248764,-6.407775
"HS2 0SG",58.433795,-6.401139
"HS2 0SH",58.441362,-6.392652
"HS2 0SJ",58.443923,-6.378803
"HS2 0SN",58.473342,-6.284071
"HS2 0SP",58.46815,-6.312839
"HS2 0SR",58.472702,-6.328246
"HS2 0ST",58.467267,-6.31582
"HS2 0SU",58.469884,-6.285846
"HS2 0SW",58.469327,-6.292524
"HS2 0SY",58.473712,-6.28082
"HS2 0SZ",58.476055,-6.277964
"HS2 0TA",58.480759,-6.268784
"HS2 0TB",58.476168,-6.266235
"HS2 0TD",58.474643,-6.271251
"HS2 0TG",58.484954,-6.255677
"HS2 0TH",58.478977,-6.239604
"HS2 0TJ",58.485134,-6.24021
"HS2 0TL",58.484895,-6.238739
"HS2 0TN",58.486314,-6.24152
"HS2 0TQ",58.478408,-6.252154
"HS2 0TR",58.482078,-6.228767
"HS2 0TS",58.472892,-6.21798
"HS2 0TW",58.482601,-6.230341
"HS2 0TX",58.47587,-6.208913
"HS2 0XA",58.492245,-6.231021
"HS2 0XB",58.488779,-6.243655
"HS2 0XD",58.493383,-6.250721
"HS2 0XF",58.498268,-6.239786
"HS2 0XG",58.500743,-6.252213
"HS2 0XH",58.502366,-6.263972
"HS2 0XJ",58.486314,-6.236626
"HS2 0XP",58.215396,-6.389077
"HS2 0XR",58.213516,-6.396666
"HS2 0XS",58.21161,-6.394828
"HS2 9AA",58.264423,-6.782482
"HS2 9AB",58.15516,-6.507477
"HS2 9AD",58.300311,-6.746941
"HS2 9AE",58.312467,-6.733275
"HS2 9AG",58.286733,-6.766589
"HS2 9AH",58.283617,-6.760909
"HS2 9AJ",58.292551,-6.780356
"HS2 9AL",58.29492,-6.78411
"HS2 9AN",58.292855,-6.779441
"HS2 9AP",58.281538,-6.793129
"HS2 9AQ",58.285585,-6.749867
"HS2 9AU",58.280032,-6.765618
"HS2 9AW",58.283033,-6.780368
"HS2 9AX",58.275524,-6.756747
"HS2 9AY",58.274373,-6.783673
"HS2 9AZ",58.268867,-6.793513
"HS2 9BD",58.330482,-6.668585
"HS2 9BE",58.326767,-6.671069
"HS2 9BG",58.319186,-6.675196
"HS2 9BJ",58.323295,-6.698769
"HS2 9BL",58.314526,-6.691877
"HS2 9BP",58.340437,-6.669388
"HS2 9BQ",58.327145,-6.682114
"HS2 9BW",58.333349,-6.669631
"HS2 9DA",58.335745,-6.62182
"HS2 9DB",58.342363,-6.595694
"HS2 9DD",58.333951,-6.636327
"HS2 9DE",58.332661,-6.635696
"HS2 9DF",58.333515,-6.634714
"HS2 9DG",58.333154,-6.635008
"HS2 9DH",58.341156,-6.654618
"HS2 9DJ",58.345317,-6.595343
"HS2 9DQ",58.331814,-6.636474
"HS2 9DR",58.188077,-6.749836
"HS2 9DS",58.189558,-6.706565
"HS2 9DT",58.173997,-6.608399
"HS2 9DU",58.169879,-6.570433
"HS2 9DW",58.242343,-6.781431
"HS2 9DX",58.202945,-6.736335
"HS2 9DY",58.200847,-6.736873
"HS2 9DZ",58.210896,-6.737805
"HS2 9EA",58.215212,-6.743171
"HS2 9ED",58.219473,-6.739155
"HS2 9EF",58.221191,-6.749546
"HS2 9EJ",58.172605,-6.735357
"HS2 9EL",58.140355,-6.870312
"HS2 9EN",58.111999,-6.861862
"HS2 9EP",58.167854,-6.912282
"HS2 9ER",58.190319,-6.936666
"HS2 9ET",58.191024,-7.010073
"HS2 9EU",58.178457,-7.031241
"HS2 9EW",58.126814,-6.878577
"HS2 9EX",58.176462,-7.048687
"HS2 9EY",58.170163,-7.087348
"HS2 9HA",58.134278,-7.110999
"HS2 9HB",58.116814,-7.110567
"HS2 9HE",58.201409,-6.954329
"HS2 9HH",58.149671,-6.893401
"HS2 9HJ",58.162873,-6.890231
"HS2 9HL",58.179031,-6.904716
"HS2 9HP",58.215546,-6.970198
"HS2 9HR",58.224225,-6.954327
"HS2 9HS",58.221685,-6.94722
"HS2 9HU",58.204592,-6.924693
"HS2 9HW",58.206018,-6.961671
"HS2 9HX",58.202994,-6.94666
"HS2 9JA",58.231657,-7.029169
"HS2 9JB",58.193548,-6.430762
"HS2 9JD",58.196587,-7.015254
"HS2 9JE",58.199817,-7.013427
"HS2 9JF",58.192606,-7.038375
"HS2 9JG",58.200532,-7.010579
"HS2 9JH",58.098758,-6.862316
"HS2 9JJ",58.199266,-7.015292
"HS2 9JL",58.006542,-6.750807
"HS2 9JN",58.20172,-6.424371
"HS2 9JP",58.151824,-6.502631
"HS2 9JR",58.131489,-6.505942
"HS2 9JT",58.103983,-6.491507
"HS2 9JW",58.185471,-6.45322
"HS2 9JX",58.106811,-6.479154
"HS2 9JY",58.189343,-6.37547
"HS2 9LA",58.10557,-6.550121
"HS2 9LE",58.059222,-6.673098
"HS2 9LG",58.055538,-6.609698
"HS2 9LN",58.193743,-6.792842
"HS2 9LP",58.202278,-6.829829
"HS2 9LQ",58.016044,-6.528914
"HS2 9LS",58.208245,-6.824284
"HS2 9LT",58.227537,-6.8391
"HS2 9LU",58.223785,-6.837463
"HS2 9LW",58.199528,-6.809775
"HS2 9LX",58.211405,-6.789636
"HS2 9LY",58.206992,-6.797425
"HS2 9LZ",58.254643,-6.856318
"HS2 9NA",58.242035,-6.873647
"HS2 9NB",58.225406,-6.85963
"HS2 9ND",58.209119,-6.851008
"HS2 9NF",58.171511,-6.474842
"HS2 9NG",58.142949,-6.456046
"HS2 9NH",58.144912,-6.412341
"HS2 9NJ",58.158673,-6.433547
"HS2 9NL",58.139524,-6.433101
"HS2 9NN",58.1365,-6.41089
"HS2 9NP",58.132654,-6.429695
"HS2 9NR",58.144013,-6.472643
"HS2 9NS",58.142698,-6.456558
"HS2 9NT",58.144569,-6.456537
"HS2 9NU",58.143322,-6.465447
"HS2 9NW",58.138145,-6.429035
"HS2 9NX",58.143978,-6.488729
"HS2 9NY",58.14847,-6.497784
"HS2 9PA",58.150588,-6.500705
"HS2 9PB",58.155454,-6.499687
"HS2 9PE",58.156572,-6.497311
"HS2 9PJ",58.102496,-6.531652
"HS2 9PN",58.093218,-6.592979
"HS2 9PP",58.092634,-6.607867
"HS2 9PR",58.092812,-6.605954
"HS2 9PS",58.091655,-6.607605
"HS2 9PT",58.089503,-6.619301
"HS2 9PW",58.0977,-6.580679
"HS2 9PX",58.086932,-6.63607
"HS2 9QA",58.088921,-6.517343
"HS2 9QB",58.08505,-6.540167
"HS2 9QD",58.090129,-6.478604
"HS2 9QE",58.090073,-6.470734
"HS2 9QH",58.10245,-6.416089
"HS2 9QJ",58.094576,-6.425304
"HS2 9QL",58.090675,-6.432972
"HS2 9QP",58.083497,-6.391025
"HS2 9QR",58.068518,-6.386212
"HS2 9QU",58.054891,-6.445564
"HS2 9QX",58.048752,-6.429211
"HS2 9QY",58.05298,-6.462359
"HS2 9QZ",58.054755,-6.447141
"HS2 9RA",58.080529,-6.612807
"HS2 9RD",58.017134,-6.437617
"HS2 9RE",58.020752,-6.441404
"HS2 9RF",58.020672,-6.44292
"HS2 9RG",58.018776,-6.463142
"HS3 3AA",57.992443,-6.754018
"HS3 3AB",58.002195,-6.756872
"HS3 3AD",58.004018,-6.762486
"HS3 3AE",57.857628,-6.994766
"HS3 3AG",57.95502,-6.733875
"HS3 3AH",57.907979,-6.832908
"HS3 3AJ",57.921036,-6.848834
"HS3 3AL",57.933234,-6.846965
"HS3 3AN",57.943532,-6.908549
"HS3 3AP",57.92863,-6.836552
"HS3 3AQ",57.950895,-6.731588
"HS3 3AR",57.952233,-6.949017
"HS3 3AS",57.962971,-6.995004
"HS3 3AT",57.971693,-7.057821
"HS3 3AU",57.953068,-6.949962
"HS3 3AW",57.946031,-6.909297
"HS3 3AX",57.988642,-7.081053
"HS3 3AY",57.995039,-7.096534
"HS3 3BA",57.765362,-6.931357
"HS3 3BD",57.919875,-6.682279
"HS3 3BG",57.901715,-6.81385
"HS3 3BH",57.900802,-6.811599
"HS3 3BJ",57.90274,-6.815745
"HS3 3BL",57.899073,-6.788135
"HS3 3BP",57.887767,-6.733746
"HS3 3BQ",57.899914,-6.813879
"HS3 3BS",57.884537,-6.702349
"HS3 3BW",57.899308,-6.771153
"HS3 3DA",57.898929,-6.791208
"HS3 3DB",57.898546,-6.796107
"HS3 3DD",57.899209,-6.796669
"HS3 3DE",57.899456,-6.794877
"HS3 3DF",57.897459,-6.797736
"HS3 3DG",57.897774,-6.798674
"HS3 3DH",57.899259,-6.798433
"HS3 3DJ",57.898224,-6.802485
"HS3 3DL",57.899713,-6.802836
"HS3 3DN",57.894427,-6.802737
"HS3 3DP",57.890625,-6.794341
"HS3 3DR",57.879822,-6.814009
"HS3 3DS",57.900316,-6.785699
"HS3 3DW",57.852309,-6.767739
"HS3 3DX",57.852208,-6.766848
"HS3 3DY",57.866231,-6.796406
"HS3 3DZ",57.867546,-6.805394
"HS3 3EB",57.841973,-6.756519
"HS3 3ED",57.831712,-6.763376
"HS3 3EF",57.834619,-6.798588
"HS3 3EH",57.828594,-6.837767
"HS3 3EJ",57.830816,-6.852552
"HS3 3EL",57.828433,-6.853478
"HS3 3EN",57.81583,-6.824776
"HS3 3EP",57.815022,-6.803917
"HS3 3ER",57.820935,-6.794118
"HS3 3EX",57.806756,-6.863688
"HS3 3EY",57.800744,-6.865641
"HS3 3EZ",57.798397,-6.875889
"HS3 3HA",57.797091,-6.883614
"HS3 3HB",57.814388,-6.858212
"HS3 3HG",57.88997,-6.806871
"HS3 3HJ",57.8647,-6.823007
"HS3 3HL",57.884363,-6.944178
"HS3 3HN",57.861291,-6.878874
"HS3 3HP",57.867524,-6.940866
"HS3 3HQ",57.884275,-6.813068
"HS3 3HR",57.857903,-6.977943
"HS3 3HT",57.842719,-7.001386
"HS3 3HX",57.831715,-7.03408
"HS3 3JA",57.796683,-7.065787
"HS3 3JD",57.777061,-6.921571
"HS3 3JE",57.760205,-6.935079
"HS3 3JF",57.76876,-6.912476
"HS3 3JG",57.777198,-6.915039
"HS3 3JH",57.777584,-6.915984
"HS3 3JQ",57.779872,-6.898276
"HS4 3XU",57.872109,-6.698866
"HS4 3XX",57.873295,-6.698431
"HS4 3XY",57.873805,-6.692183
"HS4 3XZ",57.876877,-6.697143
"HS4 3YA",57.871241,-6.701184
"HS4 3YB",57.867894,-6.701928
"HS4 3YD",57.873847,-6.704395
"HS4 3YF",57.868179,-6.693019
"HS4 3YG",57.859654,-6.679824
"HS5 3TL",57.76881,-7.007508
"HS5 3TN",57.76657,-7.003645
"HS5 3TS",57.771386,-7.014701
"HS5 3TT",57.77201,-7.020513
"HS5 3TU",57.773817,-7.022145
"HS5 3TW",57.746189,-6.967237
"HS5 3TX",57.775072,-7.026328
"HS5 3TY",57.778859,-7.037196
"HS5 3UA",57.767663,-7.015784
"HS5 3UB",57.765839,-7.019823
"HS5 3UD",57.753477,-7.003026
"HS5 3UE",57.743919,-6.983969
"HS5 3UF",57.767238,-7.025355
"HS6 5AA",57.601241,-7.163857
"HS6 5AB",57.600643,-7.162632
"HS6 5AD",57.599831,-7.162249
"HS6 5AE",57.605004,-7.162917
"HS6 5AF",57.612266,-7.158081
"HS6 5AG",57.605466,-7.178656
"HS6 5AH",57.597931,-7.183984
"HS6 5AJ",57.71245,-7.281695
"HS6 5AL",57.56999,-7.396383
"HS6 5AP",57.619885,-7.198438
"HS6 5AR",57.624799,-7.199293
"HS6 5AS",57.629497,-7.136024
"HS6 5AT",57.646916,-7.094338
"HS6 5AW",57.611184,-7.181835
"HS6 5AX",57.65615,-7.105841
"HS6 5AY",57.658946,-7.245187
"HS6 5AZ",57.679287,-7.214453
"HS6 5BB",57.716823,-7.173438
"HS6 5BD",57.71739,-7.173234
"HS6 5BE",57.725547,-7.175746
"HS6 5BF",57.719219,-7.174033
"HS6 5BG",57.721675,-7.163269
"HS6 5BH",57.713334,-7.170972
"HS6 5BJ",57.712041,-7.181884
"HS6 5BL",57.71209,-7.175653
"HS6 5BP",57.652827,-7.325295
"HS6 5BQ",57.722781,-7.157137
"HS6 5BR",57.718024,-7.157501
"HS6 5BS",57.650109,-7.344467
"HS6 5BT",57.651278,-7.346167
"HS6 5BU",57.647414,-7.358773
"HS6 5BW",57.646529,-7.272576
"HS6 5BX",57.642419,-7.37423
"HS6 5BY",57.636422,-7.395994
"HS6 5BZ",57.653713,-7.447857
"HS6 5DA",57.637343,-7.37529
"HS6 5DE",57.616381,-7.501758
"HS6 5DF",57.621977,-7.490244
"HS6 5DG",57.627198,-7.491655
"HS6 5DH",57.64858,-7.485292
"HS6 5DL",57.608823,-7.516928
"HS6 5DQ",57.632428,-7.48894
"HS6 5DS",57.586719,-7.442653
"HS6 5DT",57.585043,-7.42831
"HS6 5DU",57.579411,-7.415707
"HS6 5DW",57.601647,-7.488561
"HS6 5DX",57.583886,-7.442396
"HS6 5DY",57.577936,-7.431989
"HS6 5DZ",57.580859,-7.447673
"HS6 5EB",57.578605,-7.462313
"HS6 5ED",57.588499,-7.463482
"HS6 5EF",57.587941,-7.475498
"HS6 5EH",57.52102,-7.3157
"HS6 5EJ",57.526405,-7.316252
"HS6 5EL",57.524353,-7.314346
"HS6 5EN",57.537195,-7.320504
"HS6 5EP",57.565323,-7.38452
"HS6 5ES",57.556829,-7.358551
"HS6 5ET",57.54886,-7.354632
"HS6 5EU",57.550498,-7.266926
"HS6 5EW",57.574792,-7.402774
"HS6 5EX",57.551724,-7.212803
"HS6 5HA",57.56578,-7.292633
"HS6 5HD",57.552443,-7.334669
"HS6 5HE",57.544292,-7.342462
"HS6 5HG",57.535552,-7.350349
"HS6 5HL",57.514804,-7.319911
"HS6 5HN",57.517245,-7.282455
"HS6 5HP",57.510951,-7.258703
"HS6 5HQ",57.533435,-7.387969
"HS6 5HR",57.523031,-7.313267
"HS6 5HT",57.495416,-7.267393
"HS6 5HU",57.500483,-7.249504
"HS6 5HW",57.51817,-7.269845
"HS6 5HX",57.489243,-7.221835
"HS6 5HY",57.480053,-7.209979
"HS6 5JA",57.485773,-7.239518
"HS6 5JB",57.489374,-7.256511
"HS7 5AA",57.464309,-7.379802
"HS7 5LA",57.47121,-7.370998
"HS7 5LB",57.472085,-7.381483
"HS7 5LD",57.472623,-7.387409
"HS7 5LE",57.47153,-7.391908
"HS7 5LF",57.472311,-7.390503
"HS7 5LH",57.473064,-7.388459
"HS7 5LQ",57.472156,-7.386755
"HS7 5LS",57.473127,-7.394131
"HS7 5LT",57.465267,-7.38477
"HS7 5LU",57.457427,-7.394868
"HS7 5LW",57.474038,-7.371999
"HS7 5LX",57.471807,-7.355535
"HS7 5LY",57.47464,-7.339697
"HS7 5LZ",57.479809,-7.324765
"HS7 5ND",57.472327,-7.394113
"HS7 5NE",57.47147,-7.393536
"HS7 5NF",57.472637,-7.392121
"HS7 5NG",57.471879,-7.37726
"HS7 5PG",57.413904,-7.335899
"HS7 5PH",57.411446,-7.33424
"HS7 5PJ",57.425574,-7.358571
"HS7 5PL",57.420864,-7.343453
"HS7 5PN",57.436875,-7.388096
"HS7 5PP",57.434054,-7.360832
"HS7 5PQ",57.411882,-7.33457
"HS7 5PR",57.40945,-7.310188
"HS7 5PS",57.404365,-7.279457
"HS7 5PT",57.39606,-7.252825
"HS7 5PW",57.409535,-7.329009
"HS7 5PY",57.422769,-7.336108
"HS7 5PZ",57.430614,-7.333616
"HS7 5QA",57.442822,-7.358463
"HS7 5QB",57.441759,-7.352766
"HS7 5QD",57.412468,-7.309258
"HS7 5QF",57.41616,-7.299838
"HS7 5QG",57.411363,-7.268595
"HS7 5QH",57.414116,-7.236756
"HS7 5QJ",57.426192,-7.212296
"HS7 5QL",57.429321,-7.220366
"HS7 5QP",57.479352,-7.305754
"HS7 5QR",57.476807,-7.285839
"HS7 5QS",57.474099,-7.269745
"HS8 5AB",57.240972,-7.383787
"HS8 5JH",57.085887,-7.300588
"HS8 5JJ",57.08596,-7.306913
"HS8 5JL",57.082311,-7.308291
"HS8 5JN",57.073314,-7.303797
"HS8 5JP",57.065564,-7.29684
"HS8 5JR",57.088294,-7.290073
"HS8 5JT",57.08474,-7.307052
"HS8 5JU",57.084782,-7.30838
"HS8 5JW",57.072075,-7.297787
"HS8 5NA",57.35289,-7.259592
"HS8 5NS",57.32894,-7.285392
"HS8 5NU",57.371167,-7.298093
"HS8 5NX",57.369052,-7.282514
"HS8 5NY",57.359412,-7.269503
"HS8 5NZ",57.344163,-7.26921
"HS8 5PD",57.370004,-7.288764
"HS8 5PE",57.384822,-7.304184
"HS8 5QX",57.398653,-7.350662
"HS8 5QY",57.389559,-7.327702
"HS8 5RA",57.393206,-7.369917
"HS8 5RB",57.397291,-7.386953
"HS8 5RD",57.39258,-7.393544
"HS8 5RE",57.387936,-7.407992
"HS8 5RF",57.385591,-7.422927
"HS8 5RG",57.385767,-7.365194
"HS8 5RH",57.396892,-7.331136
"HS8 5RJ",57.393009,-7.334404
"HS8 5RL",57.392066,-7.34135
"HS8 5RP",57.353563,-7.358766
"HS8 5RQ",57.392565,-7.352889
"HS8 5RR",57.332319,-7.363551
"HS8 5RS",57.323901,-7.368061
"HS8 5RT",57.311008,-7.380994
"HS8 5RU",57.391151,-7.34085
"HS8 5RW",57.352975,-7.364957
"HS8 5RX",57.202447,-7.399652
"HS8 5RY",57.211289,-7.397232
"HS8 5RZ",57.22253,-7.412449
"HS8 5SA",57.242388,-7.399199
"HS8 5SB",57.258351,-7.392756
"HS8 5SD",57.276436,-7.401223
"HS8 5SF",57.289039,-7.398836
"HS8 5SG",57.288491,-7.38039
"HS8 5SH",57.301446,-7.37419
"HS8 5SJ",57.238875,-7.361771
"HS8 5SL",57.227636,-7.352271
"HS8 5SN",57.235414,-7.339543
"HS8 5SQ",57.292192,-7.378655
"HS8 5SS",57.165111,-7.372195
"HS8 5ST",57.167223,-7.364485
"HS8 5SU",57.166598,-7.362903
"HS8 5SX",57.175062,-7.376227
"HS8 5SY",57.18712,-7.396332
"HS8 5SZ",57.158944,-7.369311
"HS8 5TB",57.15562,-7.381745
"HS8 5TD",57.13763,-7.386773
"HS8 5TE",57.129776,-7.376031
"HS8 5TF",57.128478,-7.362869
"HS8 5TG",57.165279,-7.360492
"HS8 5TH",57.154152,-7.315675
"HS8 5TJ",57.154155,-7.308174
"HS8 5TL",57.153823,-7.308375
"HS8 5TN",57.160573,-7.338162
"HS8 5TP",57.152953,-7.306379
"HS8 5TR",57.108933,-7.37479
"HS8 5TS",57.103518,-7.33334
"HS8 5TT",57.106598,-7.366099
"HS8 5TU",57.114895,-7.371967
"HS8 5TW",57.158208,-7.313178
"HS8 5TX",57.124112,-7.373603
"HS8 5TY",57.125612,-7.361096
"HS8 5UB",57.136779,-7.328471
"HS8 5UD",57.136339,-7.305997
"HS8 5UE",57.114423,-7.302706
"HS9 5UA",56.963055,-7.44137
"HS9 5UB",56.966654,-7.433971
"HS9 5UH",56.957775,-7.469096
"HS9 5UJ",56.953918,-7.481706
"HS9 5UL",56.952562,-7.481441
"HS9 5UN",56.962149,-7.446262
"HS9 5UP",56.967865,-7.435301
"HS9 5UQ",56.955752,-7.480329
"HS9 5UR",56.971715,-7.425004
"HS9 5UT",56.988124,-7.415
"HS9 5UU",56.98194,-7.412962
"HS9 5UW",56.964881,-7.432937
"HS9 5UX",56.996022,-7.416332
"HS9 5UY",56.996007,-7.402149
"HS9 5UZ",56.952237,-7.487602
"HS9 5XB",56.956002,-7.494071
"HS9 5XD",56.955642,-7.487742
"HS9 5XE",56.9535,-7.497342
"HS9 5XF",56.95544,-7.499259
"HS9 5XG",56.955224,-7.494565
"HS9 5XH",56.95335,-7.499115
"HS9 5XJ",56.95475,-7.499602
"HS9 5XL",56.958215,-7.502469
"HS9 5XN",56.95618,-7.507374
"HS9 5XP",56.953499,-7.498577
"HS9 5XQ",56.953759,-7.496359
"HS9 5XR",56.981092,-7.502491
"HS9 5XS",56.984555,-7.5003
"HS9 5XT",56.995841,-7.503981
"HS9 5XU",57.00384,-7.48379
"HS9 5XW",56.970763,-7.515679
"HS9 5XX",57.009577,-7.494122
"HS9 5XY",57.00235,-7.43556
"HS9 5XZ",57.000699,-7.483376
"HS9 5YA",57.0042,-7.420129
"HS9 5YB",57.011672,-7.426069
"HS9 5YD",57.0402,-7.43232
"HS9 5YE",57.041647,-7.43732
"HS9 5YH",57.000251,-7.421945
"HS9 5YL",56.944705,-7.539666
"HS9 5YN",56.934397,-7.504368
"HS9 5YP",56.943198,-7.530649
"HS9 5YQ",56.999938,-7.424175
"HS9 5YR",57.033173,-7.434758
"HS9 5YU",56.919386,-7.536858
"HS9 5YW",56.91945,-7.535419
"HS9 5ZE",56.95408,-7.497246
