"KW1 4AA",58.442284,-3.090783
"KW1 4AB",58.442425,-3.091078
"KW1 4AG",58.441834,-3.092944
"KW1 4AH",58.442245,-3.092118
"KW1 4AJ",58.442234,-3.092374
"KW1 4AP",58.441538,-3.092866
"KW1 4AR",58.442289,-3.0902
"KW1 4BP",58.442861,-3.092599
"KW1 4BS",58.443388,-3.092975
"KW1 4BY",58.444167,-3.093188
"KW1 4DA",58.445088,-3.09373
"KW1 4DB",58.444131,-3.094232
"KW1 4DD",58.444887,-3.09518
"KW1 4DE",58.444694,-3.09675
"KW1 4DF",58.446067,-3.098918
"KW1 4DG",58.446312,-3.095516
"KW1 4DJ",58.446537,-3.094375
"KW1 4DL",58.447886,-3.095291
"KW1 4DN",58.449046,-3.095087
"KW1 4DP",58.44865,-3.093053
"KW1 4DQ",58.446684,-3.097206
"KW1 4DR",58.448151,-3.092643
"KW1 4DS",58.447865,-3.090407
"KW1 4DT",58.447074,-3.090417
"KW1 4DU",58.447082,-3.091582
"KW1 4DW",58.448275,-3.090745
"KW1 4DX",58.447871,-3.092857
"KW1 4DY",58.447147,-3.093503
"KW1 4DZ",58.445919,-3.092077
"KW1 4EA",58.442905,-3.0938
"KW1 4EB",58.442526,-3.093908
"KW1 4EE",58.443795,-3.093656
"KW1 4HA",58.444783,-3.091511
"KW1 4HB",58.444339,-3.09196
"KW1 4HD",58.444945,-3.091499
"KW1 4HE",58.445778,-3.089726
"KW1 4HF",58.445101,-3.090013
"KW1 4HG",58.445337,-3.08656
"KW1 4HH",58.443821,-3.089494
"KW1 4HJ",58.444376,-3.089734
"KW1 4HP",58.446415,-3.087604
"KW1 4HQ",58.44473,-3.083988
"KW1 4HR",58.445924,-3.085173
"KW1 4HS",58.446931,-3.086146
"KW1 4HT",58.446616,-3.085092
"KW1 4HU",58.445452,-3.084662
"KW1 4HW",58.444746,-3.088563
"KW1 4HX",58.445186,-3.083163
"KW1 4HY",58.445086,-3.082338
"KW1 4HZ",58.446108,-3.081495
"KW1 4JA",58.445679,-3.080197
"KW1 4JB",58.445454,-3.081252
"KW1 4JD",58.444992,-3.080724
"KW1 4JE",58.445486,-3.079626
"KW1 4JF",58.446233,-3.07946
"KW1 4JG",58.445995,-3.078922
"KW1 4JH",58.443478,-3.081295
"KW1 4JJ",58.443116,-3.07844
"KW1 4JL",58.443824,-3.078547
"KW1 4JN",58.443609,-3.07962
"KW1 4JP",58.44384,-3.077725
"KW1 4JQ",58.445187,-3.078829
"KW1 4JR",58.443787,-3.079814
"KW1 4JS",58.446938,-3.076792
"KW1 4JT",58.446129,-3.089565
"KW1 4JW",58.442828,-3.083759
"KW1 4JX",58.442902,-3.087787
"KW1 4LP",58.442475,-3.090446
"KW1 4LR",58.442767,-3.08989
"KW1 4LU",58.442945,-3.088045
"KW1 4LX",58.443396,-3.089909
"KW1 4LY",58.442884,-3.090904
"KW1 4NB",58.442942,-3.091488
"KW1 4ND",58.44328,-3.090882
"KW1 4NE",58.442893,-3.091949
"KW1 4NG",58.442311,-3.092822
"KW1 4NH",58.442097,-3.093655
"KW1 4NL",58.443098,-3.09432
"KW1 4NN",58.442609,-3.092677
"KW1 4NP",58.443448,-3.092172
"KW1 4NR",58.443176,-3.092575
"KW1 4NS",58.44384,-3.091584
"KW1 4NT",58.443075,-3.089659
"KW1 4NU",58.442998,-3.089211
"KW1 4NX",58.443543,-3.085254
"KW1 4NY",58.444009,-3.087512
"KW1 4NZ",58.444098,-3.084397
"KW1 4PA",58.444648,-3.087309
"KW1 4PB",58.444602,-3.085338
"KW1 4PD",58.443637,-3.082619
"KW1 4PE",58.44457,-3.078467
"KW1 4PF",58.443837,-3.075978
"KW1 4PG",58.443518,-3.074358
"KW1 4PH",58.444058,-3.066734
"KW1 4PJ",58.444201,-3.067852
"KW1 4PL",58.443147,-3.067203
"KW1 4PN",58.445145,-3.07206
"KW1 4PP",58.445391,-3.073764
"KW1 4PQ",58.443503,-3.070743
"KW1 4PR",58.445952,-3.074329
"KW1 4PY",58.442183,-3.092081
"KW1 4QP",58.452951,-3.09005
"KW1 4QR",58.456986,-3.105565
"KW1 4QS",58.45033,-3.089866
"KW1 4QT",58.47269,-3.068047
"KW1 4QU",58.454855,-3.057995
"KW1 4QW",58.454767,-3.056571
"KW1 4QX",58.454946,-3.058872
"KW1 4QY",58.455458,-3.055614
"KW1 4QZ",58.450603,-3.05624
"KW1 4RA",58.450081,-3.05631
"KW1 4RB",58.449444,-3.055126
"KW1 4RD",58.448609,-3.060498
"KW1 4RE",58.447548,-3.060637
"KW1 4RF",58.444904,-3.067547
"KW1 4RG",58.464791,-3.108758
"KW1 4RH",58.461723,-3.111421
"KW1 4RJ",58.472624,-3.102335
"KW1 4RL",58.47377,-3.100742
"KW1 4RN",58.473135,-3.102523
"KW1 4RP",58.475229,-3.143414
"KW1 4RQ",58.457744,-3.110336
"KW1 4RR",58.472969,-3.148022
"KW1 4RS",58.474569,-3.145896
"KW1 4RT",58.474794,-3.146864
"KW1 4RU",58.473767,-3.147208
"KW1 4RW",58.474793,-3.134827
"KW1 4RX",58.486779,-3.163429
"KW1 4RY",58.507791,-3.157105
"KW1 4RZ",58.454446,-3.057435
"KW1 4SA",58.476351,-3.149452
"KW1 4SB",58.452778,-3.056014
"KW1 4SD",58.447347,-3.061042
"KW1 4TA",58.470073,-3.224236
"KW1 4TB",58.459455,-3.156648
"KW1 4TD",58.45357,-3.102836
"KW1 4TE",58.442352,-3.091213
"KW1 4TL",58.549145,-3.318253
"KW1 4TN",58.547674,-3.312785
"KW1 4TP",58.534427,-3.27519
"KW1 4TR",58.509242,-3.226218
"KW1 4TS",58.544436,-3.307888
"KW1 4TT",58.533897,-3.323159
"KW1 4TW",58.554955,-3.306991
"KW1 4UD",58.543137,-3.203779
"KW1 4UE",58.541125,-3.248015
"KW1 4UF",58.564564,-3.26035
"KW1 4UG",58.567453,-3.221651
"KW1 4UQ",58.544937,-3.207277
"KW1 4UR",58.497726,-3.148675
"KW1 4UY",58.534711,-3.12261
"KW1 4UZ",58.535353,-3.123129
"KW1 4XA",58.535326,-3.125138
"KW1 4XB",58.53273,-3.118992
"KW1 4XD",58.532102,-3.116859
"KW1 4XE",58.532511,-3.120479
"KW1 4XF",58.542156,-3.118536
"KW1 4XG",58.528464,-3.135359
"KW1 4XP",58.560623,-3.085058
"KW1 4XR",58.558242,-3.086119
"KW1 4XX",58.597854,-3.070846
"KW1 4YB",58.63739,-3.165025
"KW1 4YD",58.625334,-3.164382
"KW1 4YH",58.632149,-3.118019
"KW1 4YJ",58.632701,-3.124737
"KW1 4YL",58.641838,-3.10372
"KW1 4YN",58.633337,-3.122828
"KW1 4YR",58.639537,-3.073173
"KW1 4YS",58.637026,-3.056369
"KW1 4YT",58.635699,-3.061583
"KW1 4YX",58.642821,-3.070258
"KW1 5AB",58.439758,-3.093102
"KW1 5AD",58.439357,-3.091634
"KW1 5AE",58.43938,-3.093159
"KW1 5AF",58.438782,-3.090589
"KW1 5AG",58.438897,-3.088742
"KW1 5AH",58.438417,-3.088111
"KW1 5AJ",58.43828,-3.088381
"KW1 5AL",58.43763,-3.08884
"KW1 5AN",58.437466,-3.089058
"KW1 5AP",58.439256,-3.087657
"KW1 5AQ",58.438914,-3.087818
"KW1 5AR",58.439386,-3.08725
"KW1 5AS",58.438629,-3.086473
"KW1 5AT",58.438252,-3.086376
"KW1 5AW",58.438892,-3.087235
"KW1 5AX",58.437472,-3.08517
"KW1 5AY",58.437046,-3.085688
"KW1 5AZ",58.43639,-3.083595
"KW1 5BA",58.43517,-3.08551
"KW1 5BB",58.435935,-3.083187
"KW1 5BD",58.436475,-3.085225
"KW1 5BE",58.435858,-3.085942
"KW1 5BF",58.429223,-3.084488
"KW1 5BG",58.434765,-3.085617
"KW1 5BH",58.433066,-3.085702
"KW1 5BJ",58.43296,-3.087703
"KW1 5BL",58.431946,-3.086438
"KW1 5BN",58.432244,-3.088365
"KW1 5BQ",58.434365,-3.087198
"KW1 5BS",58.433614,-3.087911
"KW1 5BU",58.513139,-3.343904
"KW1 5BW",58.433121,-3.089831
"KW1 5EA",58.440674,-3.093062
"KW1 5EB",58.440668,-3.092702
"KW1 5ED",58.440369,-3.093053
"KW1 5EG",58.440342,-3.089917
"KW1 5EH",58.440829,-3.089641
"KW1 5EL",58.441379,-3.088322
"KW1 5EN",58.44119,-3.087357
"KW1 5EP",58.440069,-3.087117
"KW1 5EQ",58.440429,-3.089132
"KW1 5ES",58.440509,-3.088261
"KW1 5ET",58.440079,-3.088076
"KW1 5EU",58.439996,-3.088348
"KW1 5EX",58.439924,-3.087284
"KW1 5EY",58.439852,-3.089388
"KW1 5EZ",58.439329,-3.086477
"KW1 5HA",58.43921,-3.083596
"KW1 5HB",58.438944,-3.085352
"KW1 5HD",58.437349,-3.083779
"KW1 5HE",58.437001,-3.083511
"KW1 5HF",58.436828,-3.082769
"KW1 5HG",58.436384,-3.082105
"KW1 5HH",58.435718,-3.081211
"KW1 5HJ",58.435016,-3.081446
"KW1 5HL",58.435577,-3.079853
"KW1 5HN",58.434446,-3.079699
"KW1 5HP",58.432735,-3.081342
"KW1 5HQ",58.43626,-3.080833
"KW1 5HR",58.434298,-3.082417
"KW1 5HS",58.435293,-3.082619
"KW1 5HU",58.433509,-3.08015
"KW1 5HW",58.433768,-3.081374
"KW1 5HX",58.433242,-3.078737
"KW1 5HY",58.432936,-3.079858
"KW1 5HZ",58.433173,-3.079489
"KW1 5JA",58.433896,-3.078894
"KW1 5JB",58.435104,-3.0784
"KW1 5JF",58.433201,-3.078256
"KW1 5JG",58.433488,-3.077289
"KW1 5LB",58.441052,-3.097185
"KW1 5LD",58.441522,-3.103161
"KW1 5LE",58.440808,-3.101597
"KW1 5LF",58.439828,-3.096479
"KW1 5LG",58.439518,-3.09599
"KW1 5LH",58.439525,-3.098251
"KW1 5LJ",58.438714,-3.09653
"KW1 5LL",58.439095,-3.098186
"KW1 5LN",58.439777,-3.099218
"KW1 5LP",58.4413,-3.101784
"KW1 5LQ",58.439741,-3.09723
"KW1 5LR",58.441547,-3.104481
"KW1 5LS",58.439572,-3.100171
"KW1 5LT",58.438458,-3.100205
"KW1 5LU",58.438081,-3.097007
"KW1 5LW",58.440985,-3.09977
"KW1 5LX",58.437202,-3.09477
"KW1 5NA",58.437111,-3.098039
"KW1 5NB",58.436112,-3.099258
"KW1 5ND",58.434743,-3.096595
"KW1 5NE",58.435045,-3.094943
"KW1 5NF",58.435494,-3.096002
"KW1 5NG",58.43403,-3.095973
"KW1 5NH",58.433565,-3.094657
"KW1 5NJ",58.434184,-3.093752
"KW1 5NL",58.43569,-3.094004
"KW1 5NN",58.435264,-3.093426
"KW1 5NP",58.435983,-3.093448
"KW1 5NQ",58.433024,-3.09697
"KW1 5NR",58.436379,-3.093289
"KW1 5NS",58.441343,-3.095738
"KW1 5NU",58.431489,-3.096956
"KW1 5NW",58.435448,-3.092952
"KW1 5PZ",58.438606,-3.09442
"KW1 5QA",58.439342,-3.093432
"KW1 5QB",58.438629,-3.091766
"KW1 5QD",58.439351,-3.094494
"KW1 5QE",58.438535,-3.095377
"KW1 5QF",58.438256,-3.092302
"KW1 5QG",58.437972,-3.090769
"KW1 5QH",58.436495,-3.08913
"KW1 5QJ",58.437141,-3.091377
"KW1 5QL",58.436472,-3.090825
"KW1 5QN",58.436526,-3.086579
"KW1 5QP",58.436136,-3.091226
"KW1 5QQ",58.4371,-3.089817
"KW1 5QR",58.4371,-3.094099
"KW1 5QW",58.435822,-3.088048
"KW1 5SA",58.43553,-3.105354
"KW1 5SB",58.429622,-3.115478
"KW1 5SD",58.427567,-3.149797
"KW1 5SE",58.383072,-3.170427
"KW1 5SF",58.413781,-3.159686
"KW1 5SG",58.43533,-3.183157
"KW1 5SP",58.442287,-3.107159
"KW1 5SR",58.441576,-3.112447
"KW1 5SS",58.441071,-3.119986
"KW1 5ST",58.442371,-3.134571
"KW1 5SU",58.444113,-3.157737
"KW1 5SX",58.443367,-3.158741
"KW1 5SY",58.443109,-3.15743
"KW1 5SZ",58.439993,-3.167297
"KW1 5TA",58.455011,-3.219411
"KW1 5TB",58.462008,-3.234463
"KW1 5TD",58.437591,-3.123438
"KW1 5TE",58.390575,-3.134121
"KW1 5TF",58.430007,-3.086396
"KW1 5TG",58.43048,-3.087797
"KW1 5TH",58.43011,-3.086878
"KW1 5TJ",58.428648,-3.08459
"KW1 5TL",58.429816,-3.084523
"KW1 5TN",58.432347,-3.074069
"KW1 5TP",58.423274,-3.095434
"KW1 5TQ",58.390876,-3.136713
"KW1 5TR",58.388721,-3.132539
"KW1 5TS",58.390238,-3.133665
"KW1 5TT",58.389847,-3.132147
"KW1 5TU",58.377875,-3.120889
"KW1 5TW",58.431948,-3.091593
"KW1 5TX",58.380804,-3.14706
"KW1 5TY",58.428032,-3.092585
"KW1 5TZ",58.388693,-3.131666
"KW1 5UG",58.468426,-3.27249
"KW1 5UH",58.477813,-3.28864
"KW1 5UJ",58.478229,-3.290164
"KW1 5UL",58.486292,-3.267047
"KW1 5UN",58.503583,-3.260617
"KW1 5UP",58.508617,-3.332266
"KW1 5UQ",58.450701,-3.278258
"KW1 5UR",58.516295,-3.353861
"KW1 5UT",58.51674,-3.356814
"KW1 5UU",58.521792,-3.366556
"KW1 5UW",58.505678,-3.298173
"KW1 5XG",58.472985,-3.305146
"KW1 5XH",58.474662,-3.309752
"KW1 5XJ",58.464862,-3.318576
"KW1 5XL",58.485069,-3.360138
"KW1 5XN",58.482066,-3.386434
"KW1 5XQ",58.472838,-3.308947
"KW1 5XR",58.463906,-3.425556
"KW1 5XS",58.466778,-3.42821
"KW1 5XT",58.414955,-3.42606
"KW1 5XU",58.456469,-3.429557
"KW1 5XW",58.462607,-3.416299
"KW1 5XX",58.463384,-3.366277
"KW1 5XY",58.449318,-3.325139
"KW1 5YJ",58.471776,-3.302101
"KW1 5YL",58.470558,-3.30353
"KW1 5YN",58.472697,-3.299803
"KW1 5YP",58.47193,-3.305519
"KW1 5YQ",58.44539,-3.094151
"KW1 5YR",58.471068,-3.305487
"KW1 5YW",58.474411,-3.298186
"KW106AA",57.97273,-3.978594
"KW106AB",57.973642,-3.97653
"KW106RA",57.974622,-3.972442
"KW106RB",57.974999,-3.970704
"KW106RF",57.975496,-3.97342
"KW106RH",57.975045,-3.968897
"KW106RJ",57.975466,-3.970188
"KW106RN",57.975859,-3.971495
"KW106RP",57.975531,-3.964814
"KW106RQ",57.977507,-3.972346
"KW106RR",57.975898,-3.965443
"KW106RS",57.977324,-3.965082
"KW106RU",57.978524,-3.965908
"KW106RW",57.975496,-3.97342
"KW106RX",57.977312,-3.966417
"KW106RY",57.978377,-3.96842
"KW106RZ",57.979144,-3.968208
"KW106SA",57.978755,-3.97069
"KW106SB",57.979084,-3.971469
"KW106SD",57.976973,-3.98243
"KW106SE",57.992404,-3.97863
"KW106SF",57.985321,-3.94803
"KW106SG",57.97787,-3.972705
"KW106SH",57.98797,-3.950491
"KW106SJ",57.977827,-3.972043
"KW106SL",57.978189,-3.973618
"KW106SN",57.972198,-3.982132
"KW106SP",57.972991,-3.983715
"KW106SQ",57.987896,-3.953515
"KW106SR",57.97227,-3.985619
"KW106SS",57.972983,-3.987671
"KW106ST",57.969661,-3.987555
"KW106SU",57.973417,-3.983485
"KW106SW",57.971337,-3.983201
"KW106SX",57.973255,-3.988717
"KW106SY",57.971934,-3.990403
"KW106SZ",57.971507,-3.991884
"KW106TA",57.96686,-4.006267
"KW106TD",57.935366,-4.018495
"KW106TE",57.972918,-3.976863
"KW106TF",57.973079,-3.976347
"KW106TG",57.973121,-3.976569
"KW106TH",57.974485,-3.977236
"KW106TJ",57.973746,-3.979647
"KW106TL",57.974001,-3.978275
"KW106TN",57.972948,-3.979553
"KW106TP",57.973631,-3.980706
"KW106TQ",57.972199,-3.979207
"KW106TR",57.973046,-3.981959
"KW106TS",57.972664,-3.980501
"KW106TT",57.970643,-3.982215
"KW106TU",57.976517,-3.974778
"KW106TW",57.973012,-3.981213
"KW106TX",57.970929,-3.982857
"KW106TY",57.971351,-3.980039
"KW106TZ",57.977474,-3.974509
"KW106UA",57.972265,-3.980732
"KW106UB",57.970135,-3.990574
"KW106UD",57.971295,-3.993952
"KW106UE",57.972475,-3.99488
"KW106UF",57.971843,-3.99454
"KW106UG",57.949307,-4.029366
"KW106YF",57.975066,-3.970454
"KW116UA",58.387822,-4.211405
"KW116UB",58.257744,-3.94191
"KW116UD",58.241616,-4.297621
"KW116UE",58.272426,-4.049269
"KW116UF",58.319569,-4.081826
"KW116UG",58.36909,-4.235215
"KW126AA",58.515168,-3.493488
"KW126UJ",58.500126,-3.481609
"KW126UL",58.488007,-3.487909
"KW126UN",58.473327,-3.50435
"KW126UP",58.442829,-3.497634
"KW126UR",58.337095,-3.698249
"KW126UU",58.526468,-3.456738
"KW126UW",58.459829,-3.483273
"KW126UX",58.52741,-3.408573
"KW126UY",58.507275,-3.376855
"KW126UZ",58.508937,-3.418852
"KW126WB",58.511594,-3.48877
"KW126WD",58.511801,-3.485638
"KW126WU",58.513593,-3.494589
"KW126XA",58.498647,-3.454607
"KW126XB",58.539991,-3.467418
"KW126XD",58.521106,-3.481859
"KW126XE",58.520357,-3.482909
"KW126XF",58.521795,-3.497582
"KW126XG",58.517842,-3.498426
"KW126XH",58.513478,-3.488198
"KW126XJ",58.480141,-3.550638
"KW126XN",58.515539,-3.489452
"KW126XP",58.514558,-3.490321
"KW126XQ",58.515046,-3.543319
"KW126XR",58.512448,-3.487965
"KW126XS",58.513652,-3.488669
"KW126XT",58.51437,-3.489557
"KW126XU",58.513861,-3.49084
"KW126XW",58.514683,-3.492764
"KW126XX",58.514663,-3.49369
"KW126XY",58.512225,-3.494805
"KW126XZ",58.513919,-3.493572
"KW126YA",58.511732,-3.49087
"KW126YB",58.513102,-3.493538
"KW126YD",58.512812,-3.489869
"KW126YE",58.510784,-3.489663
"KW126YF",58.510336,-3.488082
"KW126YG",58.508223,-3.492129
"KW126YH",58.514767,-3.498621
"KW126YJ",58.51665,-3.495869
"KW126YN",58.516716,-3.494035
"KW126YP",58.513588,-3.493421
"KW126YQ",58.509337,-3.489018
"KW126YT",58.512231,-3.489621
"KW126YW",58.485942,-3.592627
"KW126YX",58.519625,-3.497232
"KW126ZA",58.517792,-3.501119
"KW136YT",58.450681,-3.892297
"KW136YU",58.463226,-3.901748
"KW147AA",58.593299,-3.523211
"KW147AB",58.592998,-3.524333
"KW147AD",58.5921,-3.523554
"KW147AE",58.592331,-3.525251
"KW147AF",58.591652,-3.524223
"KW147AG",58.591778,-3.524211
"KW147AH",58.592849,-3.523243
"KW147AJ",58.592993,-3.522458
"KW147AL",58.593324,-3.521836
"KW147AN",58.593414,-3.522596
"KW147AP",58.592446,-3.522365
"KW147AQ",58.592463,-3.523226
"KW147AR",58.592108,-3.522161
"KW147AS",58.588694,-3.54104
"KW147AT",58.585688,-3.539996
"KW147AU",58.591107,-3.530737
"KW147AW",58.592966,-3.520942
"KW147AX",58.571214,-3.548491
"KW147BE",58.593965,-3.522345
"KW147BG",58.5942,-3.522975
"KW147BJ",58.594929,-3.52058
"KW147BL",58.595216,-3.520627
"KW147BQ",58.594524,-3.522129
"KW147BY",58.590972,-3.530043
"KW147BZ",58.587811,-3.534533
"KW147DB",58.593752,-3.524401
"KW147DD",58.593484,-3.524974
"KW147DE",58.592753,-3.525321
"KW147DF",58.593073,-3.525627
"KW147DG",58.592095,-3.526255
"KW147DH",58.591543,-3.525836
"KW147DJ",58.591455,-3.526451
"KW147DL",58.590101,-3.527751
"KW147DN",58.591041,-3.528773
"KW147DP",58.590814,-3.529727
"KW147DQ",58.592254,-3.525746
"KW147DR",58.588008,-3.533079
"KW147DS",58.587164,-3.53072
"KW147DT",58.589124,-3.532835
"KW147DU",58.589324,-3.534134
"KW147DW",58.589071,-3.531285
"KW147DX",58.590161,-3.534808
"KW147DY",58.589115,-3.536637
"KW147DZ",58.590414,-3.539154
"KW147EA",58.588506,-3.53649
"KW147EB",58.58775,-3.533618
"KW147EE",58.585698,-3.534681
"KW147EF",58.585144,-3.530683
"KW147EG",58.588602,-3.527686
"KW147EJ",58.589216,-3.54022
"KW147EL",58.58926,-3.538037
"KW147EP",58.589477,-3.540111
"KW147EQ",58.589298,-3.526564
"KW147ER",58.587216,-3.536915
"KW147ES",58.587028,-3.536133
"KW147ET",58.58666,-3.53536
"KW147EU",58.587996,-3.53633
"KW147EW",58.589963,-3.539306
"KW147EX",58.587804,-3.53584
"KW147EY",58.587399,-3.534411
"KW147GY",58.587163,-3.539837
"KW147GZ",58.591737,-3.527685
"KW147HA",58.594637,-3.523183
"KW147HB",58.59528,-3.523555
"KW147HD",58.594991,-3.522132
"KW147HE",58.595185,-3.527732
"KW147HF",58.595738,-3.522818
"KW147HH",58.59526,-3.522935
"KW147HJ",58.594905,-3.524089
"KW147HL",58.594836,-3.524637
"KW147HN",58.593835,-3.524972
"KW147HP",58.592569,-3.526465
"KW147HQ",58.595434,-3.52191
"KW147HR",58.593026,-3.527277
"KW147HS",58.591886,-3.528758
"KW147HT",58.593479,-3.528484
"KW147HU",58.593821,-3.526159
"KW147HW",58.592464,-3.526977
"KW147HY",58.594537,-3.524865
"KW147HZ",58.5952,-3.524223
"KW147JA",58.59614,-3.525227
"KW147JB",58.595396,-3.525109
"KW147JD",58.594476,-3.526944
"KW147JE",58.594461,-3.528234
"KW147JF",58.595071,-3.526746
"KW147JG",58.595776,-3.526364
"KW147JH",58.596804,-3.532827
"KW147JJ",58.596564,-3.531905
"KW147JL",58.595327,-3.529442
"KW147JN",58.596116,-3.527274
"KW147JP",58.596274,-3.52981
"KW147JQ",58.595841,-3.527004
"KW147JR",58.5968,-3.529454
"KW147JS",58.595681,-3.52839
"KW147JT",58.597259,-3.530851
"KW147JU",58.597761,-3.533919
"KW147JW",58.596068,-3.52679
"KW147JY",58.597499,-3.529571
"KW147JZ",58.59712,-3.52823
"KW147LB",58.585547,-3.541263
"KW147LD",58.587573,-3.543124
"KW147LE",58.582919,-3.533476
"KW147LF",58.586219,-3.544389
"KW147LG",58.599644,-3.539508
"KW147LH",58.586803,-3.545171
"KW147LJ",58.596419,-3.528268
"KW147LL",58.596135,-3.530991
"KW147LN",58.595547,-3.530553
"KW147LP",58.594638,-3.532216
"KW147LQ",58.586488,-3.54225
"KW147LR",58.595295,-3.532813
"KW147LS",58.596091,-3.53314
"KW147LT",58.595063,-3.533457
"KW147LU",58.594174,-3.533418
"KW147LW",58.595306,-3.531144
"KW147LX",58.594204,-3.531664
"KW147LY",58.593507,-3.53215
"KW147LZ",58.592754,-3.533528
"KW147NA",58.592263,-3.533231
"KW147NB",58.593492,-3.533371
"KW147ND",58.59265,-3.534676
"KW147NE",58.591098,-3.534522
"KW147NF",58.590189,-3.53548
"KW147NG",58.591422,-3.533762
"KW147NH",58.591077,-3.53256
"KW147NJ",58.590383,-3.533527
"KW147NL",58.590658,-3.5323
"KW147NN",58.592127,-3.532588
"KW147NP",58.594261,-3.529172
"KW147NQ",58.591916,-3.533715
"KW147NR",58.596955,-3.53378
"KW147NT",58.583778,-3.532997
"KW147NW",58.592632,-3.530959
"KW147NX",58.594538,-3.534569
"KW147NY",58.594974,-3.534932
"KW147NZ",58.595613,-3.537077
"KW147PA",58.595366,-3.534451
"KW147PB",58.596134,-3.534794
"KW147PD",58.596417,-3.538213
"KW147PE",58.596229,-3.536657
"KW147PF",58.595814,-3.536759
"KW147PG",58.595685,-3.540797
"KW147PH",58.596357,-3.539433
"KW147PJ",58.596229,-3.541165
"KW147PL",58.59547,-3.54299
"KW147PN",58.593494,-3.538498
"KW147PP",58.594621,-3.541146
"KW147PQ",58.59613,-3.540386
"KW147PR",58.595234,-3.539504
"KW147PS",58.595279,-3.540228
"KW147PT",58.594349,-3.539878
"KW147PU",58.594854,-3.538971
"KW147PW",58.59411,-3.541777
"KW147PX",58.593776,-3.538218
"KW147PY",58.593881,-3.536932
"KW147PZ",58.592796,-3.539018
"KW147QA",58.592296,-3.536553
"KW147QB",58.592522,-3.535685
"KW147QD",58.593423,-3.535432
"KW147QE",58.593833,-3.536397
"KW147QF",58.594123,-3.53474
"KW147QG",58.591843,-3.53612
"KW147QH",58.58432,-3.534965
"KW147QJ",58.583636,-3.535829
"KW147QL",58.583981,-3.533281
"KW147QN",58.556752,-3.611344
"KW147QP",58.5532,-3.61589
"KW147QQ",58.584581,-3.535733
"KW147QR",58.548573,-3.607394
"KW147QS",58.582591,-3.535336
"KW147QT",58.583348,-3.532875
"KW147QU",58.586188,-3.538057
"KW147QW",58.571158,-3.625074
"KW147QX",58.582371,-3.535688
"KW147QY",58.552584,-3.689642
"KW147QZ",58.552628,-3.688355
"KW147RA",58.558437,-3.658897
"KW147RB",58.515081,-3.654412
"KW147RD",58.55494,-3.710466
"KW147RE",58.559565,-3.770908
"KW147RF",58.558326,-3.785748
"KW147RG",58.558395,-3.787918
"KW147RH",58.555127,-3.792925
"KW147RJ",58.556565,-3.792844
"KW147RL",58.556505,-3.795883
"KW147RN",58.563165,-3.803307
"KW147RP",58.570306,-3.722822
"KW147RQ",58.55692,-3.789957
"KW147RR",58.560139,-3.745375
"KW147RS",58.592203,-3.537512
"KW147RW",58.563696,-3.759168
"KW147RY",58.574435,-4.014028
"KW147RZ",58.555855,-3.991681
"KW147SA",58.55121,-4.08562
"KW147SB",58.56164,-4.005557
"KW147SD",58.560107,-3.766723
"KW147SG",58.511496,-4.220419
"KW147SH",58.588832,-3.542973
"KW147SJ",58.588285,-3.542914
"KW147SL",58.58774,-3.542649
"KW147SN",58.588181,-3.541877
"KW147SP",58.525347,-4.222085
"KW147SQ",58.486716,-4.203277
"KW147SR",58.525233,-4.212065
"KW147SS",58.528706,-4.221628
"KW147ST",58.526208,-4.221143
"KW147SU",58.526399,-4.222547
"KW147SW",58.587557,-3.540697
"KW147SX",58.52696,-4.223905
"KW147SY",58.529571,-4.221992
"KW147SZ",58.532507,-4.199158
"KW147TA",58.534988,-4.192802
"KW147TB",58.542228,-4.156791
"KW147TD",58.525397,-4.223892
"KW147TH",58.522344,-4.278106
"KW147TJ",58.535941,-4.315017
"KW147TY",58.579672,-3.737747
"KW147TZ",58.579663,-3.737764
"KW147UB",58.600869,-3.545947
"KW147UD",58.599962,-3.546664
"KW147UE",58.601061,-3.544131
"KW147UF",58.605092,-3.550281
"KW147UG",58.60026,-3.538313
"KW147UH",58.603814,-3.549003
"KW147UJ",58.612091,-3.549472
"KW147UL",58.611373,-3.551609
"KW147UN",58.607554,-3.554005
"KW147UP",58.610034,-3.553908
"KW147UQ",58.602109,-3.544401
"KW147UR",58.609614,-3.555181
"KW147UT",58.603547,-3.554756
"KW147UU",58.598773,-3.538695
"KW147UW",58.613782,-3.54922
"KW147UX",58.610483,-3.555426
"KW147UY",58.601705,-3.548135
"KW147UZ",58.605362,-3.683169
"KW147XA",58.599122,-3.543323
"KW147XB",58.598691,-3.542564
"KW147XD",58.577479,-3.543677
"KW147XE",58.583446,-3.538951
"KW147XF",58.572283,-3.563343
"KW147XG",58.566337,-3.576557
"KW147XH",58.563656,-3.533854
"KW147XJ",58.563331,-3.536246
"KW147XL",58.571186,-3.547097
"KW147XN",58.553163,-3.546697
"KW147XP",58.57022,-3.546762
"KW147XQ",58.584886,-3.584547
"KW147XR",58.597284,-3.530233
"KW147XT",58.598291,-3.541428
"KW147XU",58.599429,-3.629105
"KW147XW",58.596595,-3.552486
"KW147XX",58.598251,-3.642628
"KW147XY",58.596152,-3.660545
"KW147YA",58.594521,-3.680325
"KW147YB",58.583091,-3.706542
"KW147YD",58.580525,-3.683094
"KW147YE",58.582359,-3.667185
"KW147YH",58.518471,-3.567541
"KW147YJ",58.553366,-3.918509
"KW147YL",58.564453,-3.932835
"KW147YN",58.570136,-3.932443
"KW147YP",58.564834,-3.933785
"KW147YQ",58.557101,-3.928253
"KW147YR",58.564308,-3.935286
"KW147YS",58.557525,-3.931113
"KW147YT",58.556397,-3.927905
"KW147YU",58.563277,-3.931584
"KW147YW",58.565444,-3.935624
"KW147YX",58.563843,-3.932183
"KW148AA",58.595135,-3.519832
"KW148AB",58.59494,-3.519669
"KW148AD",58.595503,-3.5199
"KW148AE",58.594946,-3.518396
"KW148AG",58.595344,-3.518878
"KW148AH",58.595343,-3.517467
"KW148AJ",58.59565,-3.518805
"KW148AL",58.59559,-3.519353
"KW148AN",58.595678,-3.520234
"KW148AP",58.596093,-3.518618
"KW148AQ",58.595089,-3.517662
"KW148AR",58.595638,-3.517548
"KW148AS",58.595937,-3.516598
"KW148AT",58.595456,-3.517024
"KW148AU",58.595612,-3.515964
"KW148AW",58.59604,-3.519321
"KW148AX",58.596011,-3.515689
"KW148AY",58.596214,-3.515921
"KW148AZ",58.596369,-3.518079
"KW148BB",58.596559,-3.518672
"KW148BD",58.59643,-3.520508
"KW148BE",58.596052,-3.519786
"KW148BG",58.596164,-3.520961
"KW148BH",58.596086,-3.522954
"KW148BJ",58.596059,-3.521507
"KW148BL",58.596613,-3.520172
"KW148BN",58.59705,-3.515906
"KW148BP",58.596679,-3.516131
"KW148BQ",58.596468,-3.522609
"KW148BS",58.596536,-3.516847
"KW148BT",58.596708,-3.514463
"KW148BU",58.595034,-3.516197
"KW148BW",58.597201,-3.51605
"KW148BY",58.594786,-3.517443
"KW148BZ",58.594148,-3.518258
"KW148DA",58.59738,-3.514578
"KW148DB",58.594357,-3.516529
"KW148DD",58.593865,-3.519399
"KW148DE",58.597522,-3.513999
"KW148DF",58.59281,-3.505984
"KW148DG",58.592324,-3.504518
"KW148EG",58.594082,-3.521576
"KW148EH",58.593844,-3.521204
"KW148EJ",58.594437,-3.52037
"KW148EN",58.59465,-3.51988
"KW148EP",58.593384,-3.519791
"KW148ER",58.594619,-3.518709
"KW148HL",58.594251,-3.511759
"KW148HN",58.595106,-3.512398
"KW148HP",58.599871,-3.506684
"KW148HR",58.592736,-3.511521
"KW148HS",58.593335,-3.510996
"KW148HT",58.59321,-3.5102
"KW148HU",58.592703,-3.510539
"KW148HW",58.600093,-3.505351
"KW148HX",58.593454,-3.509264
"KW148HY",58.593838,-3.508747
"KW148HZ",58.595314,-3.507744
"KW148JA",58.594816,-3.507241
"KW148JB",58.594531,-3.505542
"KW148JD",58.594478,-3.506968
"KW148JE",58.594473,-3.508155
"KW148JF",58.594059,-3.5075
"KW148JG",58.593883,-3.506375
"KW148JH",58.59425,-3.504188
"KW148JJ",58.594099,-3.504818
"KW148JL",58.593453,-3.506322
"KW148JN",58.593132,-3.50691
"KW148JP",58.592629,-3.509159
"KW148JQ",58.59374,-3.505577
"KW148JR",58.592483,-3.507863
"KW148JS",58.593008,-3.507507
"KW148JT",58.591574,-3.50877
"KW148JU",58.592044,-3.508498
"KW148JW",58.593385,-3.50828
"KW148JX",58.59213,-3.509637
"KW148JZ",58.593601,-3.514329
"KW148NE",58.591191,-3.514551
"KW148NF",58.590202,-3.515455
"KW148NG",58.591738,-3.513164
"KW148NH",58.59115,-3.51276
"KW148NJ",58.589924,-3.514669
"KW148NL",58.589804,-3.51413
"KW148NN",58.591064,-3.511621
"KW148NP",58.589696,-3.512594
"KW148NQ",58.591353,-3.513819
"KW148NR",58.590276,-3.509901
"KW148NT",58.589955,-3.513517
"KW148NW",58.590726,-3.510557
"KW148NX",58.589778,-3.509518
"KW148PP",58.592231,-3.517796
"KW148PS",58.59045,-3.51956
"KW148PT",58.588213,-3.521803
"KW148PU",58.58777,-3.522093
"KW148PX",58.587761,-3.524329
"KW148PY",58.587067,-3.523817
"KW148PZ",58.586127,-3.52658
"KW148QA",58.585533,-3.525918
"KW148QB",58.586777,-3.522463
"KW148QD",58.586231,-3.524624
"KW148QE",58.585599,-3.524854
"KW148QF",58.585011,-3.524468
"KW148QG",58.584691,-3.524196
"KW148QH",58.584916,-3.522623
"KW148QJ",58.58534,-3.523261
"KW148QL",58.586436,-3.523239
"KW148QN",58.586713,-3.523372
"KW148QP",58.586817,-3.521398
"KW148QQ",58.585004,-3.52359
"KW148QR",58.587284,-3.521367
"KW148QS",58.586437,-3.5209
"KW148QT",58.587007,-3.520495
"KW148QU",58.587457,-3.520463
"KW148QW",58.587285,-3.522038
"KW148QX",58.587437,-3.519842
"KW148QY",58.587542,-3.520896
"KW148QZ",58.587711,-3.52025
"KW148RA",58.588031,-3.521279
"KW148RB",58.58821,-3.520564
"KW148RD",58.587774,-3.519461
"KW148RE",58.588655,-3.516403
"KW148RF",58.588879,-3.515673
"KW148SL",58.584958,-3.373851
"KW148SN",58.577347,-3.401567
"KW148SP",58.589396,-3.437815
"KW148SR",58.59423,-3.432026
"KW148SS",58.592842,-3.410566
"KW148ST",58.596923,-3.438675
"KW148SW",58.583959,-3.425156
"KW148SX",58.59053,-3.316902
"KW148SY",58.619489,-3.281284
"KW148SZ",58.623106,-3.28238
"KW148TA",58.594924,-3.263076
"KW148TB",58.575341,-3.331791
"KW148TD",58.56339,-3.351157
"KW148TE",58.556321,-3.38825
"KW148TF",58.596352,-3.403309
"KW148TG",58.594938,-3.390433
"KW148TP",58.594061,-3.394339
"KW148TQ",58.59609,-3.515038
"KW148TS",58.594457,-3.395112
"KW148TT",58.595476,-3.398851
"KW148TU",58.591691,-3.387535
"KW148TX",58.59117,-3.383351
"KW148TY",58.591516,-3.389661
"KW148UA",58.586484,-3.380671
"KW148UB",58.588452,-3.380508
"KW148UD",58.589082,-3.38215
"KW148UE",58.591948,-3.38708
"KW148UF",58.593733,-3.389732
"KW148UG",58.593047,-3.38924
"KW148UH",58.593325,-3.387582
"KW148UJ",58.591779,-3.385233
"KW148UL",58.592128,-3.385384
"KW148UN",58.591624,-3.383782
"KW148UP",58.592555,-3.384902
"KW148UQ",58.593003,-3.388292
"KW148UR",58.593845,-3.389341
"KW148US",58.591204,-3.386053
"KW148UT",58.59186,-3.381038
"KW148UU",58.590764,-3.38521
"KW148UW",58.592206,-3.383082
"KW148UX",58.591821,-3.38883
"KW148XA",58.636712,-3.23208
"KW148XD",58.621997,-3.344414
"KW148XE",58.622879,-3.340832
"KW148XF",58.622246,-3.340325
"KW148XG",58.623183,-3.341808
"KW148XH",58.637144,-3.229149
"KW148XJ",58.637317,-3.227949
"KW148XL",58.648612,-3.196933
"KW148XN",58.651332,-3.262856
"KW148XP",58.640954,-3.305569
"KW148XQ",58.629576,-3.31243
"KW148XR",58.648126,-3.351226
"KW148XS",58.670653,-3.372461
"KW148XT",58.640418,-3.268458
"KW148XW",58.644845,-3.276734
"KW148YD",58.62619,-3.353995
"KW148YE",58.643315,-3.33891
"KW148YH",58.5694,-3.5062
"KW148YJ",58.561749,-3.463274
"KW148YL",58.561388,-3.467333
"KW148YN",58.575209,-3.466794
"KW148YS",58.592668,-3.469383
"KW148YT",58.598107,-3.449977
"KW149AE",58.593324,-3.521836
"KW151AA",58.983311,-2.960721
"KW151AB",58.98346,-2.961125
"KW151AE",58.982771,-2.962097
"KW151AF",58.982399,-2.962522
"KW151AG",58.982005,-2.962389
"KW151AH",58.983393,-2.96415
"KW151AL",58.981545,-2.96382
"KW151AN",58.981175,-2.964158
"KW151AP",58.980882,-2.963663
"KW151AQ",58.981167,-2.962714
"KW151AR",58.9805,-2.96313
"KW151AS",58.980115,-2.962911
"KW151AT",58.979013,-2.963819
"KW151AU",58.978841,-2.963936
"KW151AX",58.978844,-2.963623
"KW151AY",58.977659,-2.964721
"KW151AZ",58.97723,-2.966831
"KW151BA",58.977683,-2.969957
"KW151BB",58.975973,-2.969213
"KW151BD",58.975657,-2.967065
"KW151BE",58.97741,-2.964418
"KW151BF",58.978544,-2.970121
"KW151BG",58.977003,-2.964789
"KW151BH",58.976377,-2.965624
"KW151BJ",58.974991,-2.96475
"KW151BL",58.975116,-2.963641
"KW151BN",58.976808,-2.963166
"KW151BP",58.976647,-2.961961
"KW151BQ",58.974628,-2.962862
"KW151BS",58.97729,-2.961197
"KW151BT",58.977065,-2.96366
"KW151BU",58.978099,-2.96235
"KW151BW",58.975711,-2.962214
"KW151BX",58.98041,-2.964311
"KW151BY",58.97893,-2.972497
"KW151BZ",58.978572,-2.966294
"KW151DA",58.978677,-2.982197
"KW151DB",58.979679,-2.967265
"KW151DD",58.983311,-2.960721
"KW151DE",58.97504,-2.952124
"KW151DF",58.982261,-2.960604
"KW151DG",58.981002,-2.960865
"KW151DH",58.981603,-2.960864
"KW151DJ",58.98189,-2.960959
"KW151DL",58.978526,-2.968902
"KW151DN",58.980206,-2.961521
"KW151DP",58.983311,-2.960721
"KW151DQ",58.979155,-2.961562
"KW151DR",58.977999,-2.96854
"KW151DS",58.980285,-2.961837
"KW151DT",58.980032,-2.962021
"KW151DU",58.979601,-2.962061
"KW151DX",58.979547,-2.96206
"KW151DY",58.978991,-2.960687
"KW151DZ",58.979476,-2.960753
"KW151EA",58.978699,-2.962506
"KW151EB",58.978493,-2.96003
"KW151EE",58.977035,-2.960494
"KW151EF",58.975633,-2.960594
"KW151EG",58.97589,-2.959836
"KW151EH",58.976168,-2.959948
"KW151EJ",58.976493,-2.959626
"KW151EL",58.976153,-2.95953
"KW151EN",58.973637,-2.954833
"KW151EP",58.975684,-2.956177
"KW151EQ",58.975636,-2.959028
"KW151ER",58.974376,-2.955689
"KW151ES",58.974266,-2.954799
"KW151ET",58.975301,-2.956932
"KW151EU",58.974598,-2.958513
"KW151EW",58.974784,-2.957578
"KW151EX",58.977964,-2.967147
"KW151EY",58.975793,-2.948648
"KW151EZ",58.979149,-2.961179
"KW151FA",58.986209,-2.940287
"KW151FB",58.970693,-2.947239
"KW151FD",58.970497,-2.94699
"KW151FE",58.970383,-2.947891
"KW151FF",58.969533,-2.948685
"KW151FG",58.971315,-2.948212
"KW151FH",58.971361,-2.94917
"KW151FJ",58.980124,-2.971331
"KW151FL",58.99248,-2.977596
"KW151FN",58.974964,-2.950295
"KW151FP",58.986329,-2.999762
"KW151FQ",58.984496,-2.941198
"KW151FR",58.98441,-2.941961
"KW151FS",58.986068,-2.941154
"KW151FT",58.9799,-2.968837
"KW151FU",58.985801,-2.942086
"KW151FW",58.974091,-2.950463
"KW151FX",58.9745,-2.950996
"KW151FY",58.979304,-2.968107
"KW151GA",58.981306,-2.954906
"KW151GD",58.988999,-2.97821
"KW151GE",58.990279,-2.974053
"KW151GG",58.993723,-2.975856
"KW151GH",58.977807,-2.961768
"KW151GJ",58.98925,-2.977173
"KW151GL",58.988688,-2.9754
"KW151GN",58.987401,-2.970996
"KW151GP",58.988281,-2.973509
"KW151GQ",58.985292,-2.941689
"KW151GR",58.987876,-2.974698
"KW151GS",58.985468,-2.943329
"KW151GT",58.989026,-2.971077
"KW151GU",58.983016,-2.961687
"KW151GW",58.979233,-2.966835
"KW151GY",58.981734,-2.96146
"KW151GZ",58.982822,-2.957628
"KW151HA",58.975261,-2.948964
"KW151HD",58.982751,-2.961105
"KW151HE",58.982292,-2.960014
"KW151HF",58.982287,-2.959561
"KW151HG",58.982156,-2.958966
"KW151HH",58.984026,-2.977947
"KW151HL",58.983271,-2.958841
"KW151HN",58.984374,-2.947997
"KW151HP",58.983617,-2.958206
"KW151HQ",58.98279,-2.959523
"KW151HR",58.984192,-2.958188
"KW151HT",58.984503,-2.955012
"KW151HU",58.986911,-2.960873
"KW151HW",58.983616,-2.959529
"KW151HX",58.984523,-2.955865
"KW151HY",58.984039,-2.955713
"KW151HZ",58.984069,-2.954078
"KW151JA",58.983962,-2.956424
"KW151JB",58.984008,-2.957574
"KW151JD",58.983734,-2.956905
"KW151JE",58.983289,-2.956336
"KW151JF",58.982142,-2.957278
"KW151JG",58.981297,-2.957394
"KW151JH",58.978814,-2.957864
"KW151JJ",58.979073,-2.956915
"KW151JL",58.979168,-2.95857
"KW151JN",58.980009,-2.959133
"KW151JP",58.979542,-2.960268
"KW151JQ",58.979204,-2.956205
"KW151JR",58.9825,-2.946432
"KW151JS",58.981245,-2.943701
"KW151JT",58.980576,-2.945457
"KW151JU",58.980675,-2.944155
"KW151JW",58.979457,-2.959604
"KW151JX",58.981656,-2.945122
"KW151JY",58.983659,-2.961043
"KW151JZ",58.983596,-2.959772
"KW151LA",58.983645,-2.959234
"KW151LB",58.984198,-2.959736
"KW151LD",58.984419,-2.958977
"KW151LE",58.98454,-2.959711
"KW151LG",58.985108,-2.956978
"KW151LH",58.985552,-2.955146
"KW151LJ",58.98271,-2.948473
"KW151LL",58.986285,-2.9532
"KW151LN",58.987639,-2.95355
"KW151LP",58.987983,-2.951959
"KW151LQ",58.978982,-2.983441
"KW151LR",58.982478,-2.973589
"KW151LS",58.985781,-2.952212
"KW151LT",58.986094,-2.951159
"KW151LU",58.978019,-2.983657
"KW151LW",58.987196,-2.952686
"KW151LX",58.985042,-2.948764
"KW151LY",58.984462,-2.944642
"KW151LZ",58.979916,-2.982267
"KW151NA",58.983548,-2.949262
"KW151NB",58.983028,-2.945403
"KW151ND",58.983359,-2.953015
"KW151NE",58.983185,-2.954628
"KW151NF",58.982563,-2.952488
"KW151NG",58.982263,-2.952984
"KW151NH",58.981297,-2.952436
"KW151NJ",58.981751,-2.954258
"KW151NL",58.982386,-2.955841
"KW151NN",58.982363,-2.956519
"KW151NP",58.985398,-2.954132
"KW151NR",58.984903,-2.954293
"KW151NS",58.983408,-2.943899
"KW151NT",58.977319,-2.941332
"KW151NU",58.984299,-2.960661
"KW151NW",58.983149,-2.958246
"KW151NX",58.982087,-2.959764
"KW151NY",58.981472,-2.956807
"KW151NZ",58.973693,-2.965427
"KW151PA",58.981158,-2.957999
"KW151PB",58.980861,-2.960409
"KW151PD",58.980401,-2.959526
"KW151PE",58.981247,-2.954348
"KW151PF",58.980059,-2.953567
"KW151PG",58.980977,-2.953314
"KW151PH",58.98049,-2.951109
"KW151PJ",58.981114,-2.9505
"KW151PL",58.979942,-2.951059
"KW151PN",58.979239,-2.95144
"KW151PP",58.978602,-2.953736
"KW151PQ",58.980519,-2.952014
"KW151PR",58.979553,-2.953936
"KW151PS",58.977983,-2.954936
"KW151PT",58.975848,-2.953364
"KW151PU",58.977356,-2.953545
"KW151PW",58.978979,-2.952563
"KW151PX",58.97807,-2.952903
"KW151PY",58.974398,-2.953898
"KW151PZ",58.977106,-2.955782
"KW151QA",58.976237,-2.955462
"KW151QB",58.975295,-2.955331
"KW151QD",58.976318,-2.956647
"KW151QE",58.976745,-2.957181
"KW151QF",58.977241,-2.958116
"KW151QG",58.977676,-2.956337
"KW151QH",58.978579,-2.959389
"KW151QJ",58.978466,-2.950322
"KW151QL",58.978326,-2.95098
"KW151QN",58.979665,-2.947276
"KW151QP",58.981771,-2.945473
"KW151QQ",58.978316,-2.958477
"KW151QR",58.985319,-2.948963
"KW151QS",58.98313,-2.963238
"KW151QU",58.970182,-2.934703
"KW151QW",58.980312,-2.957001
"KW151QX",58.984499,-2.962737
"KW151QY",58.983939,-2.963156
"KW151QZ",58.985631,-2.969885
"KW151RA",58.993346,-2.971129
"KW151RB",58.979674,-2.936126
"KW151RD",58.986471,-2.97532
"KW151RE",58.987556,-2.974307
"KW151RF",58.97265,-2.954754
"KW151RG",58.99308,-2.973001
"KW151RH",58.986768,-2.970404
"KW151RL",58.973743,-2.958715
"KW151RN",58.986152,-2.972266
"KW151RP",58.98175,-2.970159
"KW151RR",58.981664,-2.971965
"KW151RS",58.980825,-2.978466
"KW151RT",58.971818,-2.953079
"KW151RU",58.971943,-2.95063
"KW151RW",58.971194,-2.958453
"KW151RX",58.970388,-2.9545
"KW151RY",58.971744,-2.955703
"KW151RZ",58.972721,-2.972948
"KW151SA",58.969655,-2.99114
"KW151SB",58.968828,-2.977065
"KW151SD",58.962302,-2.971855
"KW151SE",58.963674,-2.995785
"KW151SF",58.956364,-3.01308
"KW151SG",58.950279,-3.031778
"KW151SH",58.977285,-2.971529
"KW151SJ",58.971939,-2.972961
"KW151SL",58.969344,-2.952367
"KW151SN",58.974202,-2.951318
"KW151SP",58.971359,-2.944631
"KW151SQ",58.976767,-2.969879
"KW151SR",58.968371,-2.93561
"KW151SS",58.959223,-2.935015
"KW151ST",58.949157,-2.953305
"KW151SU",58.967119,-2.952097
"KW151SW",58.972764,-2.950131
"KW151SX",58.952617,-2.960319
"KW151SY",58.963095,-2.953412
"KW151SZ",58.978627,-2.936863
"KW151TA",58.974155,-2.935506
"KW151TB",58.986584,-2.930606
"KW151TD",58.989713,-2.946212
"KW151TE",58.995834,-2.945632
"KW151TF",58.969809,-2.951441
"KW151TG",58.98244,-2.96181
"KW151TH",58.953743,-2.902465
"KW151TJ",58.97702,-2.974479
"KW151TL",58.978071,-2.940483
"KW151TN",58.978222,-2.973521
"KW151TP",58.98457,-2.995014
"KW151TQ",58.98055,-2.962349
"KW151TR",58.978157,-3.014642
"KW151TS",58.988487,-3.062607
"KW151TT",58.995521,-3.093681
"KW151TU",59.001454,-3.094044
"KW151TW",58.977364,-2.982421
"KW151TX",58.9936,-3.052374
"KW151TY",58.9987,-3.011992
"KW151TZ",58.991516,-2.989802
"KW151UA",58.987254,-2.980945
"KW151UB",58.991894,-2.989656
"KW151UD",58.97948,-2.941844
"KW151UE",58.998191,-2.942546
"KW151UF",58.995688,-2.928502
"KW151UH",58.985044,-2.974009
"KW151UJ",58.993527,-2.940435
"KW151UL",58.986595,-2.9815
"KW151UN",58.977072,-2.94931
"KW151UP",58.973076,-2.951739
"KW151UQ",58.97368,-2.951425
"KW151UR",58.974059,-2.95241
"KW151US",58.972391,-2.952103
"KW151UT",58.977539,-2.945739
"KW151UU",58.977334,-2.946725
"KW151UW",58.978226,-2.976583
"KW151UX",58.976368,-2.947412
"KW151UY",58.976167,-2.946658
"KW151UZ",58.975655,-2.94534
"KW151WA",58.970343,-2.94109
"KW151WB",58.970834,-2.950043
"KW151WD",58.970565,-2.948731
"KW151WQ",58.983311,-2.960721
"KW151WT",58.977986,-2.934793
"KW151WU",58.969145,-2.953787
"KW151WW",58.98536,-2.950773
"KW151WX",58.977667,-2.963642
"KW151WY",58.975171,-2.969591
"KW151WZ",58.983483,-2.959316
"KW151XA",58.976716,-2.945195
"KW151XB",58.977085,-2.945066
"KW151XD",58.977209,-2.944078
"KW151XE",58.976345,-2.944437
"KW151XF",58.975747,-2.943933
"KW151XG",58.976363,-2.943202
"KW151XH",58.976684,-2.942237
"KW151XJ",58.970883,-2.950774
"KW151XL",58.971242,-2.947115
"KW151XN",58.978893,-2.93607
"KW151XP",58.982462,-2.945457
"KW151XQ",58.977303,-2.942289
"KW151XR",58.98571,-2.974933
"KW151XS",58.970653,-2.945377
"KW151XT",58.970109,-2.944875
"KW151XU",58.980483,-2.938479
"KW151XW",58.9835,-2.978594
"KW151XX",58.979806,-2.937782
"KW151XY",58.979882,-2.959251
"KW151XZ",59.001269,-2.941673
"KW151YA",58.983311,-2.960721
"KW151YF",58.972586,-2.951239
"KW151YN",58.987954,-2.949696
"KW151YP",58.988635,-2.948758
"KW151YR",58.988861,-2.949756
"KW151YS",58.988547,-2.950983
"KW151YT",58.98953,-2.949113
"KW151YU",58.989017,-2.946889
"KW151YW",58.98806,-2.948777
"KW151ZG",58.984627,-2.975685
"KW151ZH",58.983763,-2.975922
"KW151ZJ",58.983765,-2.976844
"KW151ZL",58.998169,-2.985328
"KW151ZN",58.985663,-2.976428
"KW151ZP",58.970895,-2.940427
"KW151ZQ",58.983874,-2.958614
"KW151ZR",58.986106,-2.945818
"KW151ZS",58.986231,-2.943403
"KW151ZT",58.984404,-2.950138
"KW151ZU",58.978791,-2.981383
"KW159BD",58.983311,-2.960721
"KW159BG",58.983311,-2.960721
"KW159BJ",58.983311,-2.960721
"KW159BL",58.983311,-2.960721
"KW159SA",58.981472,-2.956807
"KW159ZZ",58.983196,-2.960509
"KW163AA",58.963343,-3.297673
"KW163AD",58.964651,-3.297044
"KW163AE",58.964911,-3.296219
"KW163AF",58.967179,-3.283156
"KW163AG",58.967078,-3.295065
"KW163AH",58.970615,-3.294346
"KW163AJ",58.96504,-3.298571
"KW163AL",58.964821,-3.298024
"KW163AN",58.963838,-3.299343
"KW163AP",58.961884,-3.300748
"KW163AQ",58.969364,-3.295534
"KW163AR",58.961685,-3.300844
"KW163AS",58.961918,-3.301844
"KW163AT",58.961529,-3.302056
"KW163AU",58.961698,-3.303123
"KW163AW",58.963531,-3.301297
"KW163AX",58.961834,-3.303893
"KW163AY",58.962572,-3.302912
"KW163AZ",58.963542,-3.303749
"KW163BA",58.962511,-3.299989
"KW163BB",58.962581,-3.299331
"KW163BF",58.962197,-3.301716
"KW163BG",58.962975,-3.304771
"KW163BH",58.964065,-3.295509
"KW163BL",58.968325,-3.281756
"KW163BN",58.966675,-3.286859
"KW163BP",58.963687,-3.301876
"KW163BQ",58.962543,-3.30578
"KW163BS",58.96255,-3.298825
"KW163BT",58.962212,-3.299404
"KW163BU",58.961656,-3.299296
"KW163BW",58.965722,-3.285154
"KW163BX",58.961912,-3.299705
"KW163BY",58.961182,-3.299939
"KW163BZ",58.960616,-3.300039
"KW163DA",58.9599,-3.300638
"KW163DB",58.960738,-3.300374
"KW163DD",58.959706,-3.301187
"KW163DE",58.959792,-3.301608
"KW163DF",58.958477,-3.301002
"KW163DG",58.958877,-3.301434
"KW163DH",58.957713,-3.301947
"KW163DJ",58.957279,-3.301339
"KW163DL",58.955705,-3.300724
"KW163DN",58.954433,-3.30038
"KW163DP",58.954871,-3.30144
"KW163DQ",58.958128,-3.301806
"KW163DR",58.955859,-3.303268
"KW163DS",58.956435,-3.303185
"KW163DT",58.957686,-3.303736
"KW163DU",58.960276,-3.304338
"KW163DW",58.953106,-3.299252
"KW163DX",58.961804,-3.305144
"KW163DY",58.960411,-3.30257
"KW163DZ",58.961012,-3.301758
"KW163EA",58.961185,-3.301486
"KW163EB",58.959795,-3.300321
"KW163ED",58.958682,-3.301183
"KW163EE",58.966847,-3.283161
"KW163EF",58.967688,-3.282549
"KW163EH",58.961524,-3.303447
"KW163EJ",58.956907,-3.304455
"KW163EL",58.955929,-3.304296
"KW163EP",58.965516,-3.299511
"KW163EQ",58.957943,-3.305015
"KW163EU",58.977076,-3.288674
"KW163EX",58.980904,-3.283945
"KW163EY",58.976186,-3.240021
"KW163EZ",58.972456,-3.22232
"KW163HA",58.958313,-3.224844
"KW163HB",58.947891,-3.217696
"KW163HD",58.962175,-3.113577
"KW163HE",58.98734,-3.144475
"KW163HF",58.99411,-3.157839
"KW163HG",59.002725,-3.173552
"KW163HH",58.993222,-3.178624
"KW163HJ",58.973163,-3.291989
"KW163HQ",58.999171,-3.177244
"KW163HR",58.973707,-3.293209
"KW163HS",58.973057,-3.298942
"KW163HT",58.977256,-3.299361
"KW163HU",58.998816,-3.303429
"KW163HX",59.014785,-3.3025
"KW163HY",59.017259,-3.265864
"KW163HZ",59.033083,-3.292355
"KW163JA",59.030325,-3.263278
"KW163JB",59.043271,-3.282158
"KW163JD",59.052611,-3.280396
"KW163JE",59.048796,-3.298157
"KW163JF",59.025025,-3.293481
"KW163JG",58.969921,-3.28745
"KW163JH",58.971937,-3.274237
"KW163JJ",58.95959,-3.289395
"KW163JL",58.970594,-3.286518
"KW163JN",58.962333,-3.307842
"KW163JP",58.966639,-3.327813
"KW163JQ",58.967267,-3.286081
"KW163JR",58.957327,-3.30647
"KW163JS",58.970003,-3.289992
"KW163JT",58.970972,-3.285611
"KW163JU",58.975983,-3.273795
"KW163JW",58.96086,-3.314098
"KW163JX",58.985333,-3.229231
"KW163JY",58.987599,-3.207891
"KW163JZ",58.996962,-3.21419
"KW163LA",58.979373,-3.175611
"KW163LB",58.983278,-3.214752
"KW163LE",58.97058,-3.284361
"KW163LF",58.98528,-3.210977
"KW163LH",58.97242,-3.291665
"KW163LJ",58.97371,-3.2902
"KW163LL",58.989096,-3.291959
"KW163LN",59.00372,-3.280007
"KW163LP",59.030589,-3.315277
"KW163LR",59.048927,-3.335728
"KW163LS",59.066634,-3.330922
"KW163LT",59.071739,-3.313763
"KW163LU",59.076294,-3.320759
"KW163LW",59.01875,-3.306517
"KW163LX",59.067868,-3.315621
"KW163LY",59.063233,-3.318339
"KW163LZ",59.06777,-3.321652
"KW163NG",58.933722,-3.289541
"KW163NJ",58.911933,-3.330314
"KW163NP",58.826367,-3.103311
"KW163NQ",58.790813,-3.254268
"KW163NR",58.838274,-3.197249
"KW163NS",58.835842,-3.208599
"KW163NT",58.832284,-3.205894
"KW163NU",58.841789,-3.211405
"KW163NW",58.831527,-3.205227
"KW163NX",58.817262,-3.201632
"KW163NY",58.803046,-3.227172
"KW163NZ",58.781424,-3.239745
"KW163PA",58.79269,-3.192702
"KW163PG",58.79906,-3.200259
"KW163PH",58.798996,-3.206123
"KW163PQ",58.800597,-3.160852
"KW169AB",58.963687,-3.301876
"KW172AA",59.161969,-2.767373
"KW172AB",59.213446,-2.756514
"KW172AE",59.120967,-2.611296
"KW172AF",59.099492,-2.588482
"KW172AG",59.110237,-2.577509
"KW172AJ",59.094317,-2.594974
"KW172AL",58.823926,-2.956756
"KW172AN",59.100424,-2.65808
"KW172AP",59.069403,-3.234416
"KW172AQ",59.115081,-3.316662
"KW172AR",59.140769,-2.601669
"KW172AS",59.140142,-2.593462
"KW172AT",59.141335,-2.637368
"KW172AU",59.038062,-2.57513
"KW172AY",59.254729,-2.597803
"KW172AZ",59.282592,-2.580602
"KW172BA",59.227434,-2.659964
"KW172BB",59.255531,-2.550278
"KW172BE",59.36426,-2.42624
"KW172BG",59.380764,-2.410114
"KW172BJ",59.233386,-2.599164
"KW172BL",59.24521,-2.559315
"KW172BN",59.252775,-2.579042
"KW172BP",59.283234,-2.457763
"KW172BU",59.347385,-2.893197
"KW172BW",59.255692,-2.544213
"KW172BZ",59.315596,-2.988825
"KW172DA",59.315888,-2.978592
"KW172DB",59.30514,-2.955435
"KW172DD",59.289737,-2.906677
"KW172DE",59.252742,-2.870343
"KW172DF",59.322399,-2.988109
"KW172DG",59.321551,-2.989771
"KW172DH",59.321088,-2.989248
"KW172DJ",59.321315,-2.991363
"KW172DL",59.324875,-2.976548
"KW172DN",59.33619,-2.972988
"KW172DP",59.290396,-2.976982
"KW172DQ",59.318527,-2.996535
"KW172DR",59.276329,-2.982124
"KW172DU",59.037577,-2.90149
"KW172DW",59.317586,-3.004449
"KW172DX",59.032296,-2.909262
"KW172DY",59.041694,-2.902312
"KW172DZ",59.045168,-2.856182
"KW172EA",59.033746,-2.857257
"KW172EB",59.066704,-2.822832
"KW172ED",59.036541,-2.901968
"KW172EE",59.00727,-3.115591
"KW172EG",59.007111,-3.116334
"KW172EH",59.003072,-3.105585
"KW172EJ",59.001873,-3.106138
"KW172EL",59.008093,-3.121172
"KW172EN",59.008771,-3.118565
"KW172EP",59.008786,-3.121003
"KW172EQ",59.003903,-3.109215
"KW172ER",59.016124,-3.113683
"KW172ES",59.014236,-3.109722
"KW172ET",59.02809,-3.07172
"KW172EU",59.029917,-3.102335
"KW172EW",59.008497,-3.114934
"KW172EX",59.050764,-3.070038
"KW172EY",59.060896,-3.047824
"KW172EZ",59.06565,-3.020466
"KW172GY",59.070067,-3.235329
"KW172GZ",59.070314,-3.234937
"KW172HA",59.082782,-3.044531
"KW172HB",59.087155,-3.040161
"KW172HD",59.089875,-3.051518
"KW172HE",59.087461,-3.059
"KW172HF",59.076414,-3.061224
"KW172HG",59.06785,-3.060785
"KW172HH",59.067271,-3.230956
"KW172HJ",59.00259,-3.107362
"KW172HN",59.069597,-3.232888
"KW172HP",59.092482,-3.25804
"KW172HQ",59.030505,-3.08805
"KW172HR",59.087267,-3.24935
"KW172HS",59.074145,-3.243814
"KW172HT",59.068432,-3.232619
"KW172HU",59.068897,-3.230892
"KW172HW",59.070498,-3.228804
"KW172HX",59.071761,-3.225378
"KW172HY",59.078751,-3.220288
"KW172HZ",59.064725,-3.21039
"KW172JA",59.062688,-3.223589
"KW172JB",59.071955,-3.208429
"KW172JD",59.101986,-3.209643
"KW172JE",59.062988,-3.239313
"KW172JF",59.052454,-3.265206
"KW172JG",59.072093,-3.286564
"KW172JH",59.082076,-3.285193
"KW172JQ",59.069712,-3.260172
"KW172JR",59.032869,-3.177263
"KW172JS",59.021449,-3.189535
"KW172JT",59.018191,-3.178468
"KW172JU",59.018876,-3.157331
"KW172JX",58.996533,-3.124381
"KW172JY",58.998767,-3.15528
"KW172JZ",59.006276,-3.142057
"KW172LA",59.04278,-3.169777
"KW172LB",59.038939,-3.188136
"KW172LD",59.041082,-3.193438
"KW172LE",59.039017,-3.212762
"KW172LF",59.054542,-3.221731
"KW172LG",59.059096,-3.218858
"KW172LH",59.003924,-3.120287
"KW172LL",59.130841,-3.314227
"KW172LN",59.099984,-3.273451
"KW172LP",59.117742,-3.244521
"KW172LQ",59.050163,-3.193317
"KW172LR",59.120964,-3.270736
"KW172LS",59.126539,-3.287365
"KW172LT",59.133324,-3.286047
"KW172LU",59.13667,-3.299927
"KW172LW",59.108866,-3.25321
"KW172LX",59.129082,-3.315889
"KW172LY",59.127172,-3.303987
"KW172LZ",59.107706,-3.282695
"KW172NA",59.101163,-3.301219
"KW172NB",59.093038,-3.327529
"KW172ND",59.109759,-3.324264
"KW172NH",59.117796,-3.07459
"KW172NJ",59.133421,-3.154291
"KW172NL",59.127086,-3.183587
"KW172NN",59.136079,-3.171402
"KW172NP",59.139387,-3.236987
"KW172NR",59.133925,-3.232421
"KW172NS",59.13971,-3.252886
"KW172NW",59.139844,-3.191893
"KW172NY",59.047155,-3.082755
"KW172NZ",59.060491,-3.074229
"KW172PA",59.054285,-3.106306
"KW172PB",59.054256,-3.018943
"KW172PE",59.10413,-3.086105
"KW172PF",59.101306,-3.07252
"KW172PG",59.095146,-3.076814
"KW172PH",59.11022,-3.099813
"KW172PJ",59.116889,-3.119205
"KW172PL",59.107931,-3.123837
"KW172PQ",59.095729,-3.072521
"KW172PR",59.159552,-2.984615
"KW172PS",59.179046,-3.061482
"KW172PT",59.131465,-3.049298
"KW172PU",59.131799,-2.987347
"KW172PY",59.131346,-2.987806
"KW172PZ",59.131093,-2.988044
"KW172QA",59.12102,-2.974513
"KW172QD",59.149407,-2.931807
"KW172QG",58.918803,-2.819432
"KW172QH",58.93753,-2.743168
"KW172QJ",58.93845,-2.728263
"KW172QL",58.944033,-2.769201
"KW172QN",58.922772,-2.830746
"KW172QP",58.948379,-2.880582
"KW172QQ",58.926086,-2.766752
"KW172QR",58.961871,-2.868268
"KW172QS",58.974457,-2.825154
"KW172QT",58.946759,-2.854298
"KW172QU",58.933802,-2.855333
"KW172QW",58.93294,-2.76032
"KW172QX",58.950957,-2.903956
"KW172QY",58.82311,-2.957773
"KW172QZ",58.896342,-2.9182
"KW172RA",58.947057,-3.06917
"KW172RB",58.935087,-3.135343
"KW172RD",58.919075,-3.173405
"KW172RE",58.932658,-3.210089
"KW172RF",58.935698,-3.193116
"KW172RG",58.897014,-2.915927
"KW172RH",58.806624,-2.999934
"KW172RJ",58.791514,-2.975744
"KW172RL",58.788227,-2.940705
"KW172RN",58.762591,-2.960671
"KW172RP",58.932867,-3.165812
"KW172RQ",58.935548,-3.141091
"KW172RR",58.897983,-2.907102
"KW172RS",58.89621,-2.912765
"KW172RT",58.896057,-2.916596
"KW172RU",58.896846,-2.907871
"KW172RW",58.744231,-2.942713
"KW172RX",58.903263,-2.903422
"KW172RY",58.907153,-2.931021
"KW172RZ",58.929811,-2.938649
"KW172SA",58.913534,-2.905148
"KW172SB",58.902312,-2.865142
"KW172SD",58.896615,-2.843932
"KW172SE",58.897133,-2.911713
"KW172SF",58.889658,-2.894166
"KW172SG",58.896089,-2.907
"KW172SH",58.826568,-2.955253
"KW172SL",58.826019,-2.9591
"KW172SN",58.825187,-2.961034
"KW172SP",58.825427,-2.95898
"KW172SR",58.824659,-2.955997
"KW172SS",58.845059,-2.914521
"KW172ST",58.843878,-2.934001
"KW172SU",58.849686,-2.920639
"KW172SW",58.828591,-2.962185
"KW172SX",58.855098,-2.929883
"KW172SY",58.864137,-2.905315
"KW172SZ",58.855649,-2.902926
"KW172TA",58.847552,-2.891988
"KW172TB",58.847436,-2.9098
"KW172TD",58.826081,-2.955552
"KW172TE",58.844715,-2.919953
"KW172TF",58.897465,-2.908026
"KW172TG",58.816381,-2.964028
"KW172TH",58.829597,-2.907635
"KW172TJ",58.808208,-2.940935
"KW172TL",58.827387,-2.973063
"KW172TN",58.824569,-2.964429
"KW172TP",58.825376,-2.962165
"KW172TQ",58.831652,-2.93433
"KW172TR",58.824643,-2.956915
"KW172TS",58.825732,-2.962608
"KW172TT",58.845803,-2.919773
"KW172TW",58.821103,-2.993892
"KW172TX",58.846096,-2.919001
"KW172TY",59.080693,-2.98792
"KW172UB",59.004378,-3.114557
"KW172UD",58.824774,-2.959828
"KW172UE",59.003895,-3.115412
"KW172UF",59.003508,-3.11439
"KW172UG",58.846143,-2.914861
"KW172UQ",59.004539,-3.116721
"KW172UR",59.005274,-3.114847
"KW172UT",59.004999,-3.115448
"KW2 6AA",58.349729,-3.165667
"KW2 6AB",58.346786,-3.163315
"KW3 6AD",58.310207,-3.285678
"KW3 6AE",58.30203,-3.285125
"KW3 6AF",58.301631,-3.286373
"KW3 6AG",58.301237,-3.285369
"KW3 6AH",58.299528,-3.286451
"KW3 6AJ",58.298803,-3.283592
"KW3 6AL",58.298111,-3.284454
"KW3 6AN",58.298066,-3.282712
"KW3 6AP",58.299605,-3.28241
"KW3 6AQ",58.300162,-3.284136
"KW3 6AR",58.300417,-3.281125
"KW3 6AS",58.304873,-3.26842
"KW3 6AT",58.319211,-3.283495
"KW3 6AU",58.318676,-3.257835
"KW3 6AW",58.298637,-3.282187
"KW3 6AX",58.307577,-3.241928
"KW3 6AY",58.306875,-3.256699
"KW3 6AZ",58.307995,-3.242301
"KW3 6BA",58.323786,-3.208555
"KW3 6BB",58.323152,-3.24833
"KW3 6BD",58.341947,-3.261703
"KW3 6BG",58.300136,-3.283231
"KW3 6BH",58.306077,-3.286432
"KW3 6BJ",58.304628,-3.284929
"KW3 6BL",58.306506,-3.285714
"KW3 6BN",58.307803,-3.285403
"KW3 6BP",58.30898,-3.283551
"KW3 6BQ",58.301924,-3.285838
"KW3 6BS",58.307697,-3.287891
"KW3 6BT",58.302034,-3.304219
"KW3 6BU",58.300409,-3.311206
"KW3 6BW",58.308592,-3.2855
"KW3 6BX",58.295784,-3.324137
"KW3 6BY",58.31176,-3.316644
"KW3 6DA",58.317288,-3.298721
"KW3 6DB",58.298777,-3.287055
"KW3 6YX",58.298777,-3.287055
"KW5 6DG",58.287375,-3.346627
"KW5 6DJ",58.288498,-3.369492
"KW5 6DL",58.279147,-3.37116
"KW5 6DN",58.28161,-3.369294
"KW5 6DP",58.274512,-3.382012
"KW5 6DQ",58.287424,-3.390771
"KW5 6DR",58.273276,-3.380004
"KW5 6DS",58.277144,-3.386105
"KW5 6DT",58.268039,-3.399813
"KW5 6DU",58.288829,-3.41005
"KW5 6DW",58.27573,-3.384805
"KW5 6DX",58.3651,-3.403501
"KW6 6EA",58.245995,-3.438708
"KW6 6EB",58.245998,-3.436817
"KW6 6ED",58.246419,-3.434551
"KW6 6EE",58.244999,-3.428173
"KW6 6EF",58.246853,-3.427055
"KW6 6EG",58.249438,-3.429681
"KW6 6EH",58.253892,-3.413638
"KW6 6EJ",58.255629,-3.427067
"KW6 6EL",58.260893,-3.446231
"KW6 6EN",58.289081,-3.443066
"KW6 6EP",58.246924,-3.438371
"KW6 6EQ",58.249429,-3.426443
"KW6 6ET",58.250745,-3.44287
"KW6 6EU",58.242894,-3.453181
"KW6 6EX",58.251246,-3.571675
"KW6 6EY",58.22789,-3.451052
"KW6 6EZ",58.246608,-3.439329
"KW7 6HA",58.201643,-3.482294
"KW7 6HB",58.182535,-3.498505
"KW7 6HD",58.181621,-3.526408
"KW7 6HE",58.184538,-3.501617
"KW7 6HF",58.183715,-3.499779
"KW8 6HH",58.116942,-3.6643
"KW8 6HJ",58.108572,-3.673058
"KW8 6HL",58.098239,-3.687488
"KW8 6HN",58.098867,-3.684141
"KW8 6HP",58.07765,-3.758517
"KW8 6HR",58.08236,-3.745266
"KW8 6HT",58.116226,-3.657188
"KW8 6HU",58.128932,-3.669292
"KW8 6HW",58.097485,-3.69015
"KW8 6HX",58.135228,-3.663931
"KW8 6HY",58.154583,-3.831411
"KW8 6JA",58.116661,-3.652778
"KW8 6JD",58.116919,-3.651551
"KW8 6JE",58.117543,-3.652649
"KW8 6JF",58.117409,-3.653237
"KW8 6JG",58.118229,-3.654497
"KW8 6JH",58.117683,-3.650856
"KW8 6JJ",58.118444,-3.653149
"KW8 6JL",58.120081,-3.6564
"KW8 6JN",58.121494,-3.659691
"KW8 6JP",58.117594,-3.650088
"KW8 6JQ",58.118021,-3.652467
"KW8 6JR",58.11724,-3.649002
"KW8 6JS",58.122524,-3.636275
"KW8 6JU",58.11533,-3.650136
"KW8 6JW",58.118798,-3.651485
"KW8 6JX",58.115758,-3.64963
"KW8 6JY",58.116522,-3.650344
"KW8 6JZ",58.115352,-3.650493
"KW8 6LA",58.11511,-3.646306
"KW8 6LB",58.1153,-3.648233
"KW8 6LD",58.11546,-3.645576
"KW8 6LE",58.116296,-3.643492
"KW8 6LF",58.116146,-3.646015
"KW8 6LG",58.116839,-3.648033
"KW8 6LH",58.11685,-3.650648
"KW8 6LJ",58.115971,-3.647093
"KW8 6LQ",58.116082,-3.648949
"KW9 6AD",58.013399,-3.854676
"KW9 6LA",58.013692,-3.856164
"KW9 6LE",58.013636,-3.866724
"KW9 6LN",58.019964,-3.855473
"KW9 6LP",58.026381,-3.848507
"KW9 6LR",58.023753,-3.870333
"KW9 6LS",58.031667,-3.867291
"KW9 6LT",58.034535,-3.853027
"KW9 6LU",58.037953,-3.840957
"KW9 6LW",58.019233,-3.856925
"KW9 6LX",58.065362,-3.975867
"KW9 6LY",58.0127,-3.853353
"KW9 6LZ",58.01462,-3.84917
"KW9 6NA",58.006529,-3.861276
"KW9 6NB",58.012091,-3.854422
"KW9 6ND",58.012217,-3.857492
"KW9 6NE",58.011979,-3.871902
"KW9 6NF",58.012924,-3.863809
"KW9 6NG",58.017692,-3.875027
"KW9 6NH",58.027068,-3.889184
"KW9 6NJ",58.003755,-3.888565
"KW9 6NL",57.996044,-3.889343
"KW9 6NN",58.007135,-3.898678
"KW9 6NP",58.012074,-3.859279
"KW9 6NQ",58.013594,-3.882972
"KW9 6NR",58.011349,-3.852962
"KW9 6NS",58.011209,-3.853293
"KW9 6NT",58.01097,-3.853704
"KW9 6NU",58.011274,-3.853804
"KW9 6NW",58.009684,-3.853773
"KW9 6NX",58.010946,-3.855311
"KW9 6NY",58.010912,-3.857035
"KW9 6NZ",58.009763,-3.860056
"KW9 6PA",58.010375,-3.859343
"KW9 6PB",58.010913,-3.85453
"KW9 6PD",58.010533,-3.853444
"KW9 6PF",58.009074,-3.854977
"KW9 6PG",58.009308,-3.856783
"KW9 6PH",58.008163,-3.855776
"KW9 6PJ",58.007577,-3.856541
"KW9 6PL",58.00777,-3.858142
"KW9 6PN",58.006835,-3.858804
"KW9 6PP",58.009447,-3.853422
"KW9 6PQ",58.01012,-3.855911
"KW9 6PR",58.00936,-3.852554
"KW9 6PS",58.01069,-3.851946
"KW9 6PT",58.010555,-3.85072
"KW9 6PU",58.009969,-3.850859
"KW9 6PW",58.006973,-3.857339
"KW9 6PX",58.008995,-3.84866
"KW9 6PY",58.01308,-3.845756
"KW9 6PZ",58.008893,-3.847012
"KW9 6QA",58.008885,-3.846335
"KW9 6QB",58.009383,-3.847325
"KW9 6QD",58.00942,-3.848428
"KW9 6QE",58.010022,-3.847206
"KW9 6QF",58.010405,-3.848648
"KW9 6QH",58.008512,-3.859619
"KW9 6QJ",58.012411,-3.852831
"KW9 6QL",58.01557,-3.848118
"KW9 6QN",58.014416,-3.853967
"KW9 6QP",58.015732,-3.857979
"KW9 6QQ",58.014295,-3.849288
"KW9 6QR",58.01712,-3.855207
"KW9 6QS",58.013049,-3.847244
"KW9 6QT",58.014737,-3.847331
"KW9 6QU",58.01276,-3.851681
"KW9 6QW",58.014511,-3.855411
"KW9 6QX",58.013775,-3.851716
"KW9 6QY",58.015077,-3.851123
"KW9 6QZ",58.016744,-3.856965
