"LD7 1DY",52.345606,-3.04372
"LD7 1EA",52.346994,-3.046395
"LD7 1NB",52.354761,-3.012382
"LD7 1ND",52.356612,-3.016712
"LD7 1NE",52.360419,-3.046169
"LD7 1NF",52.372369,-3.049977
"LD7 1TN",52.350193,-3.054634
"LD7 1TP",52.370694,-3.079226
"LD7 1TR",52.385501,-3.083216
"LD7 1TS",52.376471,-3.104047
"LD7 1TT",52.366206,-3.095111
"LD7 1TU",52.381238,-3.119048
"LD7 1TW",52.359061,-3.068326
"LD7 1TY",52.397724,-3.122243
"LD7 1UA",52.401207,-3.14338
"LD7 1UB",52.409885,-3.143178
"LD7 1UD",52.417164,-3.164717
"LD7 1UE",52.399826,-3.157763
"LD7 1UF",52.391106,-3.154905
"LD7 1UW",52.425924,-3.191464
"LD7 1YS",52.428044,-3.218892
"LD7 1YU",52.419254,-3.199342
"LD7 1YY",52.442308,-3.204441
"LD8 2HH",52.26629,-2.964543
"LD8 2HL",52.263378,-2.959981
"LD8 2HN",52.27496,-2.941852
"LD8 2HP",52.276145,-2.938697
"LD8 2HR",52.279739,-2.935636
"LD8 2HS",52.267275,-2.924617
"LD8 2HU",52.258439,-2.929005
"LD8 2HW",52.275861,-2.940479
"LD8 2HY",52.262118,-2.935514
"LD8 2LE",52.256427,-3.018096
"LD8 2LG",52.254436,-3.015472
"LD8 2LH",52.254079,-2.987644
"LD8 2LJ",52.255973,-2.991144
"LD8 2LL",52.257868,-2.994658
"LD8 2LN",52.275864,-3.002478
"LD8 2LP",52.274679,-2.988337
"LD8 2LR",52.28264,-3.000622
"LD8 2LS",52.284409,-2.991324
"LD8 2LT",52.291574,-2.970869
"LD8 2LU",52.297661,-2.965357
"LD8 2LW",52.277077,-3.001435
"LD8 2LY",52.307884,-2.983781
"LD8 2NA",52.306621,-2.967913
"LD8 2NB",52.323522,-2.968091
"LD8 2ND",52.315528,-2.991051
"LD8 2PR",52.240432,-3.039874
"LD8 2PS",52.235416,-3.05894
"LD1 5AB",52.253032,-3.370489
"LD1 5AD",52.246682,-3.376093
"LD1 5AE",52.241923,-3.365474
"LD1 5AF",52.249729,-3.370753
"LD1 5AJ",52.249706,-3.371983
"LD1 5AL",52.228608,-3.383221
"LD1 5AP",52.241656,-3.378457
"LD1 5BA",52.250839,-3.372736
"LD1 5BB",52.241565,-3.378557
"LD1 5BD",52.241191,-3.378208
"LD1 5BE",52.244326,-3.37772
"LD1 5BF",52.25081,-3.371372
"LD1 5BG",52.248867,-3.376073
"LD1 5BH",52.249233,-3.375543
"LD1 5BJ",52.25469,-3.372518
"LD1 5BL",52.252641,-3.373949
"LD1 5BN",52.250718,-3.374622
"LD1 5BP",52.251916,-3.374497
"LD1 5BQ",52.247079,-3.375974
"LD1 5BS",52.251547,-3.37453
"LD1 5BT",52.251303,-3.374625
"LD1 5BU",52.251085,-3.374823
"LD1 5BW",52.252681,-3.374389
"LD1 5BX",52.252173,-3.37326
"LD1 5BY",52.250778,-3.374931
"LD1 5BZ",52.251905,-3.3723
"LD1 5DA",52.249908,-3.375476
"LD1 5DB",52.249437,-3.375754
"LD1 5DD",52.269432,-3.303009
"LD1 5DE",52.239729,-3.36939
"LD1 5DF",52.251754,-3.369819
"LD1 5DG",52.240797,-3.378841
"LD1 5DH",52.240403,-3.378726
"LD1 5DL",52.240921,-3.377482
"LD1 5DP",52.239434,-3.377788
"LD1 5DU",52.239332,-3.377287
"LD1 5DY",52.240044,-3.377118
"LD1 5EA",52.23959,-3.378232
"LD1 5EB",52.2461,-3.376647
"LD1 5ED",52.231538,-3.391688
"LD1 5EE",52.240943,-3.376311
"LD1 5EF",52.242726,-3.373027
"LD1 5EG",52.243451,-3.373298
"LD1 5EH",52.242602,-3.372101
"LD1 5EL",52.241641,-3.37585
"LD1 5EP",52.247614,-3.374086
"LD1 5EQ",52.239505,-3.378639
"LD1 5ER",52.23975,-3.379965
"LD1 5ES",52.238416,-3.376365
"LD1 5ET",52.240692,-3.37935
"LD1 5EU",52.240202,-3.379715
"LD1 5EW",52.230905,-3.382063
"LD1 5EX",52.231617,-3.382715
"LD1 5EY",52.239088,-3.378905
"LD1 5HA",52.238919,-3.374872
"LD1 5HB",52.229752,-3.382261
"LD1 5HE",52.23871,-3.378937
"LD1 5HF",52.242108,-3.377446
"LD1 5HG",52.238221,-3.378424
"LD1 5HP",52.236413,-3.3785
"LD1 5HR",52.237101,-3.378155
"LD1 5HS",52.241424,-3.376736
"LD1 5HT",52.240762,-3.373362
"LD1 5HU",52.23842,-3.376848
"LD1 5HW",52.236758,-3.379052
"LD1 5HY",52.242834,-3.375301
"LD1 5LA",52.24278,-3.376134
"LD1 5LB",52.244122,-3.375897
"LD1 5LD",52.23992,-3.373834
"LD1 5LE",52.241718,-3.365365
"LD1 5LF",52.241321,-3.368575
"LD1 5LG",52.237582,-3.373117
"LD1 5LH",52.244279,-3.377074
"LD1 5LJ",52.241037,-3.36823
"LD1 5LL",52.237401,-3.379409
"LD1 5LN",52.237292,-3.38106
"LD1 5LP",52.236489,-3.379747
"LD1 5LQ",52.23549,-3.381312
"LD1 5LR",52.236182,-3.379854
"LD1 5LS",52.235893,-3.379919
"LD1 5LT",52.235543,-3.38064
"LD1 5LU",52.235491,-3.379716
"LD1 5LW",52.236884,-3.38055
"LD1 5LY",52.235704,-3.37839
"LD1 5NA",52.234168,-3.379074
"LD1 5NB",52.232631,-3.382131
"LD1 5ND",52.228095,-3.384816
"LD1 5NE",52.233924,-3.379199
"LD1 5NF",52.234679,-3.38076
"LD1 5NG",52.234342,-3.38113
"LD1 5NH",52.233913,-3.381614
"LD1 5NL",52.227726,-3.383311
"LD1 5NN",52.235786,-3.382917
"LD1 5NP",52.241409,-3.363305
"LD1 5NQ",52.232072,-3.381484
"LD1 5NR",52.236041,-3.380392
"LD1 5NS",52.232712,-3.381357
"LD1 5NT",52.231024,-3.377278
"LD1 5NU",52.235574,-3.372645
"LD1 5NW",52.229062,-3.382869
"LD1 5NX",52.233121,-3.380228
"LD1 5NY",52.229919,-3.356291
"LD1 5NZ",52.226782,-3.384072
"LD1 5PA",52.215101,-3.338202
"LD1 5PB",52.218224,-3.375448
"LD1 5PD",52.245604,-3.35113
"LD1 5PE",52.24824,-3.367353
"LD1 5PF",52.24508,-3.371576
"LD1 5PG",52.210733,-3.392487
"LD1 5PH",52.225685,-3.387098
"LD1 5PJ",52.210181,-3.392747
"LD1 5PL",52.223677,-3.389685
"LD1 5PN",52.222054,-3.389298
"LD1 5PP",52.221612,-3.394774
"LD1 5PR",52.219638,-3.388359
"LD1 5PS",52.220573,-3.38833
"LD1 5PT",52.217805,-3.38978
"LD1 5PU",52.210826,-3.394509
"LD1 5PW",52.221772,-3.390358
"LD1 5PY",52.211906,-3.392831
"LD1 5RA",52.217393,-3.388845
"LD1 5RB",52.21635,-3.389618
"LD1 5RD",52.214492,-3.390833
"LD1 5RE",52.213022,-3.385137
"LD1 5RF",52.202269,-3.385857
"LD1 5RG",52.201453,-3.400947
"LD1 5RH",52.20469,-3.362503
"LD1 5RJ",52.215133,-3.3922
"LD1 5RL",52.200446,-3.332669
"LD1 5RN",52.204283,-3.369749
"LD1 5RP",52.208056,-3.295197
"LD1 5RR",52.202203,-3.270326
"LD1 5RS",52.186658,-3.325118
"LD1 5RT",52.181097,-3.308572
"LD1 5RU",52.186105,-3.338194
"LD1 5RW",52.199312,-3.309487
"LD1 5RY",52.182198,-3.297605
"LD1 5SA",52.196316,-3.29171
"LD1 5SB",52.171356,-3.293399
"LD1 5SD",52.169369,-3.273573
"LD1 5SE",52.169243,-3.237262
"LD1 5SF",52.162027,-3.281535
"LD1 5SH",52.239765,-3.364763
"LD1 5SJ",52.21534,-3.391401
"LD1 5SL",52.260226,-3.36422
"LD1 5SN",52.272297,-3.338619
"LD1 5SP",52.238001,-3.298807
"LD1 5SQ",52.272666,-3.329793
"LD1 5SR",52.239032,-3.313644
"LD1 5SS",52.258568,-3.342528
"LD1 5ST",52.270131,-3.342482
"LD1 5SU",52.270046,-3.327736
"LD1 5SW",52.256322,-3.309569
"LD1 5SY",52.268363,-3.310232
"LD1 5TA",52.271036,-3.295274
"LD1 5TB",52.281216,-3.27109
"LD1 5TD",52.286008,-3.249148
"LD1 5TE",52.293554,-3.258217
"LD1 5TF",52.295157,-3.253732
"LD1 5TG",52.294266,-3.263941
"LD1 5TH",52.28972,-3.243359
"LD1 5TL",52.296361,-3.233324
"LD1 5TN",52.306581,-3.204904
"LD1 5TP",52.211118,-3.393392
"LD1 5TS",52.232368,-3.380776
"LD1 5TT",52.261585,-3.333388
"LD1 5TU",52.27264,-3.311237
"LD1 5TW",52.297796,-3.237998
"LD1 5TY",52.266295,-3.300411
"LD1 5UA",52.267939,-3.297279
"LD1 5UB",52.264713,-3.293829
"LD1 5UD",52.258467,-3.271245
"LD1 5UE",52.256342,-3.280751
"LD1 5UF",52.257037,-3.260392
"LD1 5UG",52.237766,-3.250634
"LD1 5UH",52.267774,-3.256886
"LD1 5UL",52.240978,-3.379505
"LD1 5UN",52.311824,-3.231729
"LD1 5UP",52.341792,-3.200958
"LD1 5UR",52.328827,-3.189528
"LD1 5US",52.266582,-3.295584
"LD1 5UT",52.343791,-3.197123
"LD1 5UW",52.331553,-3.217573
"LD1 5WA",52.239442,-3.372442
"LD1 5WF",52.241656,-3.378457
"LD1 5YA",52.245731,-3.375961
"LD1 5YB",52.245612,-3.375387
"LD1 5YD",52.245278,-3.374659
"LD1 5YE",52.246103,-3.374069
"LD1 5YF",52.246914,-3.373933
"LD1 5ZG",52.23779,-3.373007
"LD1 6AA",52.239763,-3.382675
"LD1 6AB",52.23983,-3.381564
"LD1 6AE",52.238099,-3.385025
"LD1 6AF",52.240039,-3.384441
"LD1 6AG",52.240758,-3.381432
"LD1 6AH",52.241804,-3.382709
"LD1 6AJ",52.24065,-3.38528
"LD1 6AL",52.241117,-3.382248
"LD1 6AN",52.242232,-3.382957
"LD1 6AP",52.242015,-3.384649
"LD1 6AQ",52.24258,-3.383217
"LD1 6AR",52.240525,-3.38595
"LD1 6AS",52.242355,-3.386329
"LD1 6AT",52.239526,-3.383737
"LD1 6AU",52.238586,-3.381877
"LD1 6AW",52.243587,-3.384727
"LD1 6AX",52.239623,-3.385453
"LD1 6AY",52.239078,-3.382024
"LD1 6AZ",52.241649,-3.380595
"LD1 6BA",52.240719,-3.383246
"LD1 6BB",52.248493,-3.380368
"LD1 6BD",52.24722,-3.381603
"LD1 6BE",52.247227,-3.381017
"LD1 6BG",52.242421,-3.380663
"LD1 6BH",52.244797,-3.379682
"LD1 6BJ",52.245155,-3.382139
"LD1 6BL",52.24744,-3.377377
"LD1 6BN",52.24767,-3.381558
"LD1 6BP",52.248958,-3.37905
"LD1 6BS",52.246641,-3.378084
"LD1 6BT",52.246972,-3.378256
"LD1 6BU",52.247362,-3.377902
"LD1 6BW",52.248589,-3.381397
"LD1 6BX",52.248094,-3.377587
"LD1 6BY",52.250002,-3.381323
"LD1 6BZ",52.243003,-3.381633
"LD1 6DA",52.249123,-3.384226
"LD1 6DB",52.248949,-3.377526
"LD1 6DD",52.248662,-3.377502
"LD1 6DE",52.248835,-3.378035
"LD1 6DF",52.253501,-3.376524
"LD1 6DG",52.24882,-3.381638
"LD1 6DH",52.249044,-3.380971
"LD1 6DJ",52.248668,-3.37926
"LD1 6DL",52.248765,-3.38253
"LD1 6DN",52.2479,-3.384202
"LD1 6DP",52.246299,-3.381941
"LD1 6DQ",52.24788,-3.379016
"LD1 6DR",52.24738,-3.382575
"LD1 6DS",52.248308,-3.382399
"LD1 6DT",52.25475,-3.401029
"LD1 6DU",52.246719,-3.386744
"LD1 6DW",52.247716,-3.383772
"LD1 6DX",52.253503,-3.40307
"LD1 6DY",52.252476,-3.404034
"LD1 6DZ",52.246702,-3.379024
"LD1 6EA",52.2574,-3.402007
"LD1 6EB",52.262238,-3.398935
"LD1 6ED",52.269617,-3.386931
"LD1 6EE",52.265657,-3.417566
"LD1 6EF",52.274323,-3.409371
"LD1 6EG",52.281412,-3.386302
"LD1 6EH",52.294084,-3.404206
"LD1 6EL",52.282389,-3.409275
"LD1 6EN",52.286253,-3.424498
"LD1 6EP",52.251199,-3.382752
"LD1 6ER",52.248284,-3.378282
"LD1 6ES",52.247468,-3.379619
"LD1 6ET",52.243479,-3.395445
"LD1 6EU",52.24337,-3.410689
"LD1 6EW",52.2804,-3.442209
"LD1 6EY",52.23638,-3.426679
"LD1 6HA",52.219785,-3.43979
"LD1 6HB",52.230667,-3.442544
"LD1 6HD",52.255278,-3.450433
"LD1 6HE",52.243296,-3.461804
"LD1 6HF",52.254238,-3.467584
"LD1 6HG",52.251448,-3.469265
"LD1 6HH",52.254509,-3.473981
"LD1 6HL",52.246271,-3.433324
"LD1 6HN",52.274082,-3.334188
"LD1 6HP",52.234885,-3.418665
"LD1 6HR",52.218924,-3.428549
"LD1 6HS",52.217207,-3.431466
"LD1 6HT",52.214201,-3.438424
"LD1 6HU",52.21338,-3.439393
"LD1 6HW",52.213626,-3.438376
"LD1 6HY",52.213875,-3.440053
"LD1 6LA",52.213199,-3.440924
"LD1 6LB",52.212841,-3.440825
"LD1 6LD",52.212551,-3.44023
"LD1 6LE",52.214875,-3.439148
"LD1 6LF",52.211584,-3.439203
"LD1 6LG",52.210608,-3.440313
"LD1 6LH",52.214227,-3.442187
"LD1 6LL",52.214738,-3.442979
"LD1 6LN",52.215614,-3.442656
"LD1 6LP",52.216279,-3.441229
"LD1 6LQ",52.215559,-3.441308
"LD1 6LR",52.216657,-3.441987
"LD1 6LS",52.216274,-3.440906
"LD1 6LT",52.215566,-3.442977
"LD1 6LU",52.208376,-3.440534
"LD1 6LW",52.216135,-3.442702
"LD1 6LX",52.210098,-3.441585
"LD1 6LY",52.215001,-3.444261
"LD1 6LZ",52.21109,-3.441339
"LD1 6NA",52.211288,-3.436925
"LD1 6NB",52.215955,-3.455153
"LD1 6ND",52.225518,-3.473577
"LD1 6NE",52.212882,-3.438206
"LD1 6NF",52.256576,-3.402508
"LD1 6NG",52.253597,-3.401227
"LD1 6NL",52.21603,-3.407495
"LD1 6NN",52.260953,-3.497097
"LD1 6NP",52.269011,-3.508243
"LD1 6NR",52.263092,-3.503485
"LD1 6NS",52.262592,-3.502486
"LD1 6NT",52.258857,-3.499971
"LD1 6NU",52.264787,-3.524175
"LD1 6NW",52.275548,-3.507483
"LD1 6NY",52.277816,-3.543443
"LD1 6PA",52.272118,-3.476529
"LD1 6PB",52.269289,-3.445043
"LD1 6PD",52.266811,-3.468776
"LD1 6PE",52.249388,-3.378448
"LD1 6PF",52.2494,-3.377452
"LD1 6PG",52.30944,-3.35344
"LD1 6PH",52.330147,-3.388163
"LD1 6PL",52.328545,-3.395935
"LD1 6PN",52.324282,-3.411208
"LD1 6PP",52.359286,-3.41178
"LD1 6PR",52.358624,-3.401611
"LD1 6PS",52.370524,-3.395114
"LD1 6PT",52.353809,-3.382958
"LD1 6PU",52.337977,-3.352653
"LD1 6PW",52.338769,-3.407192
"LD1 6RA",52.272708,-3.338793
"LD1 6RB",52.273805,-3.338064
"LD1 6RD",52.273944,-3.337628
"LD1 6RE",52.273805,-3.330882
"LD1 6RF",52.276347,-3.34692
"LD1 6RG",52.27661,-3.357702
"LD1 6RH",52.27388,-3.366031
"LD1 6RJ",52.274245,-3.339616
"LD1 6RL",52.278988,-3.355737
"LD1 6RN",52.280856,-3.366085
"LD1 6RP",52.278098,-3.335232
"LD1 6RQ",52.280733,-3.368939
"LD1 6RR",52.282214,-3.334579
"LD1 6RS",52.283396,-3.338206
"LD1 6RT",52.292721,-3.326141
"LD1 6RU",52.283149,-3.327483
"LD1 6RW",52.282943,-3.357426
"LD1 6RX",52.274517,-3.341867
"LD1 6RY",52.27592,-3.338655
"LD1 6SA",52.275229,-3.341669
"LD1 6SB",52.282654,-3.332276
"LD1 6SD",52.300064,-3.328751
"LD1 6SE",52.307908,-3.311502
"LD1 6SF",52.310128,-3.309925
"LD1 6SG",52.311922,-3.30876
"LD1 6SH",52.324527,-3.315192
"LD1 6SJ",52.309642,-3.309969
"LD1 6SL",52.302607,-3.293306
"LD1 6SN",52.316447,-3.269752
"LD1 6SP",52.324889,-3.246135
"LD1 6SQ",52.310384,-3.308773
"LD1 6SR",52.332967,-3.244894
"LD1 6SS",52.344789,-3.266968
"LD1 6ST",52.338238,-3.276673
"LD1 6SW",52.309671,-3.264424
"LD1 6SY",52.330654,-3.259505
"LD1 6TA",52.275941,-3.33996
"LD1 6TB",52.275178,-3.340597
"LD1 6TD",52.351654,-3.310961
"LD1 6TE",52.309016,-3.309745
"LD1 6TF",52.313169,-3.308944
"LD1 6TG",52.36802,-3.309918
"LD1 6TH",52.339025,-3.321229
"LD1 6TJ",52.276034,-3.341224
"LD1 6TL",52.352223,-3.283713
"LD1 6TN",52.350138,-3.309081
"LD1 6TP",52.35323,-3.31161
"LD1 6TR",52.357534,-3.319843
"LD1 6TS",52.357416,-3.330368
"LD1 6TT",52.363407,-3.345205
"LD1 6TU",52.377436,-3.337743
"LD1 6TW",52.334068,-3.296322
"LD1 6TY",52.388786,-3.305258
"LD1 6UA",52.383411,-3.324567
"LD1 6UB",52.369973,-3.325884
"LD1 6UD",52.353034,-3.228617
"LD1 6UE",52.35407,-3.243065
"LD1 6UF",52.357268,-3.253492
"LD1 6UG",52.36805,-3.254106
"LD1 6UH",52.361372,-3.267413
"LD1 6UL",52.364286,-3.299557
"LD1 6UN",52.379779,-3.299439
"LD1 6UP",52.295289,-3.262446
"LD1 6UR",52.29031,-3.296291
"LD1 6UT",52.280385,-3.299475
"LD1 6YA",52.393809,-3.326481
"LD1 6YB",52.403858,-3.332324
"LD1 6YD",52.408365,-3.320081
"LD1 6YE",52.427376,-3.317281
"LD1 6YF",52.408234,-3.305964
"LD1 6YG",52.397935,-3.29083
"LD1 6YH",52.390172,-3.327753
"LD1 6YL",52.39694,-3.344579
"LD1 6YN",52.40453,-3.358628
"LD1 6YP",52.392596,-3.375999
"LD1 6YR",52.391645,-3.389652
"LD1 6YS",52.424083,-3.3697
"LD1 6YT",52.416812,-3.350742
"LD1 6YW",52.384097,-3.373943
"LD1 9AD",52.241656,-3.378457
"LD1 9AQ",52.241656,-3.378457
"LD1 9AY",52.241656,-3.378457
"LD1 9BE",52.241656,-3.378457
"LD1 9BL",52.241656,-3.378457
"LD1 9BQ",52.241656,-3.378457
"LD1 9SA",52.23779,-3.373007
"LD1 9SB",52.23779,-3.373007
"LD1 9XF",52.23779,-3.373007
"LD1 9ZX",52.23779,-3.373007
"LD1 9ZY",52.23779,-3.373007
"LD1 9ZZ",52.23779,-3.373007
"LD2 3AA",52.148897,-3.403418
"LD2 3AB",52.148488,-3.403054
"LD2 3AD",52.148342,-3.403254
"LD2 3AE",52.149598,-3.401218
"LD2 3AG",52.14817,-3.403366
"LD2 3AH",52.14835,-3.404058
"LD2 3AJ",52.056408,-3.341387
"LD2 3AL",52.148539,-3.405584
"LD2 3AN",52.147802,-3.404787
"LD2 3AP",52.149179,-3.406233
"LD2 3AQ",52.063493,-3.318289
"LD2 3AR",52.149266,-3.40796
"LD2 3AS",52.149807,-3.410857
"LD2 3AT",52.148374,-3.407333
"LD2 3AU",52.150204,-3.409218
"LD2 3AW",52.14681,-3.405033
"LD2 3AX",52.043299,-3.345355
"LD2 3AY",52.149882,-3.407571
"LD2 3AZ",52.046227,-3.341637
"LD2 3BA",52.149863,-3.406912
"LD2 3BB",52.148489,-3.402192
"LD2 3BD",52.149174,-3.402813
"LD2 3BE",52.147324,-3.406394
"LD2 3BF",52.149473,-3.396581
"LD2 3BG",52.149368,-3.403915
"LD2 3BH",52.149185,-3.403427
"LD2 3BJ",52.038618,-3.371574
"LD2 3BL",52.149565,-3.401729
"LD2 3BN",52.150033,-3.399405
"LD2 3BP",52.150449,-3.395428
"LD2 3BQ",52.042588,-3.363414
"LD2 3BS",52.14961,-3.404756
"LD2 3BT",52.150064,-3.405106
"LD2 3BU",52.151569,-3.407858
"LD2 3BW",52.151224,-3.40735
"LD2 3BX",52.064472,-3.347056
"LD2 3BY",52.150788,-3.413724
"LD2 3BZ",52.090116,-3.355564
"LD2 3DA",52.151094,-3.413704
"LD2 3DB",52.150564,-3.410691
"LD2 3DD",52.152451,-3.41002
"LD2 3DE",52.150196,-3.412112
"LD2 3DF",52.149709,-3.415268
"LD2 3DG",52.151815,-3.414297
"LD2 3DH",52.146901,-3.401178
"LD2 3DJ",52.150399,-3.398905
"LD2 3DL",52.148998,-3.40253
"LD2 3DN",52.14935,-3.401649
"LD2 3DP",52.149204,-3.401089
"LD2 3DQ",52.145519,-3.396414
"LD2 3DR",52.149198,-3.400797
"LD2 3DS",52.148864,-3.400961
"LD2 3DT",52.149476,-3.400893
"LD2 3DU",52.149373,-3.400495
"LD2 3DW",52.149288,-3.402305
"LD2 3DX",52.147632,-3.399476
"LD2 3DY",52.143974,-3.400837
"LD2 3DZ",52.149807,-3.410857
"LD2 3EA",52.148132,-3.402751
"LD2 3EB",52.146902,-3.402639
"LD2 3ED",52.147849,-3.402347
"LD2 3EE",52.146604,-3.401943
"LD2 3EF",52.148163,-3.401626
"LD2 3EG",52.148412,-3.399632
"LD2 3EH",52.147965,-3.397908
"LD2 3EJ",52.078242,-3.319584
"LD2 3EL",52.148897,-3.397426
"LD2 3EN",52.149584,-3.395591
"LD2 3EP",52.148298,-3.396311
"LD2 3EQ",52.078679,-3.321494
"LD2 3ER",52.150479,-3.393602
"LD2 3ES",52.149781,-3.395655
"LD2 3ET",52.150007,-3.395531
"LD2 3EU",52.149871,-3.395614
"LD2 3EW",52.150111,-3.395081
"LD2 3EX",52.078018,-3.31876
"LD2 3EY",52.150107,-3.395403
"LD2 3EZ",52.078757,-3.31941
"LD2 3FA",52.152771,-3.46059
"LD2 3FD",52.145882,-3.405968
"LD2 3FE",52.147032,-3.399209
"LD2 3FF",52.117373,-3.346489
"LD2 3FL",52.152592,-3.45177
"LD2 3GA",52.147124,-3.408872
"LD2 3GE",52.152305,-3.45828
"LD2 3GF",52.147865,-3.400258
"LD2 3GG",52.147385,-3.4028
"LD2 3HA",52.148547,-3.408669
"LD2 3HB",52.150081,-3.394598
"LD2 3HD",52.13107,-3.420521
"LD2 3HE",52.147292,-3.411406
"LD2 3HF",52.146973,-3.415488
"LD2 3HG",52.145356,-3.416124
"LD2 3HH",52.140282,-3.430517
"LD2 3HJ",52.070771,-3.379986
"LD2 3HL",52.132508,-3.457399
"LD2 3HN",52.139702,-3.461697
"LD2 3HP",52.137221,-3.42266
"LD2 3HQ",52.08007,-3.365884
"LD2 3HR",52.134345,-3.412107
"LD2 3HS",52.115838,-3.43765
"LD2 3HT",52.115812,-3.460243
"LD2 3HU",52.103649,-3.443989
"LD2 3HW",52.133813,-3.486795
"LD2 3HX",52.081452,-3.389246
"LD2 3HY",52.087946,-3.431061
"LD2 3HZ",52.091212,-3.371931
"LD2 3JB",52.121735,-3.186546
"LD2 3JD",52.12502,-3.187116
"LD2 3JE",52.091368,-3.316527
"LD2 3JF",52.0955,-3.297408
"LD2 3JG",52.096951,-3.284793
"LD2 3JH",52.110042,-3.254737
"LD2 3JJ",52.109997,-3.230846
"LD2 3JL",52.108637,-3.217243
"LD2 3JN",52.096986,-3.224853
"LD2 3JP",52.107964,-3.195964
"LD2 3JQ",52.102032,-3.272252
"LD2 3JR",52.111876,-3.192316
"LD2 3JS",52.117036,-3.199493
"LD2 3JT",52.12797,-3.215243
"LD2 3JU",52.124534,-3.187103
"LD2 3JW",52.100008,-3.197649
"LD2 3JX",52.107104,-3.216734
"LD2 3JY",52.120651,-3.187073
"LD2 3JZ",52.107883,-3.215397
"LD2 3LA",52.113323,-3.429289
"LD2 3LB",52.137558,-3.404289
"LD2 3LD",52.146231,-3.415903
"LD2 3LE",52.14718,-3.41396
"LD2 3LF",52.145524,-3.40283
"LD2 3LG",52.150218,-3.466295
"LD2 3LH",52.14401,-3.479609
"LD2 3LJ",52.112057,-3.3693
"LD2 3LN",52.151685,-3.537526
"LD2 3LP",52.169902,-3.56003
"LD2 3LQ",52.104686,-3.364548
"LD2 3LR",52.153167,-3.547927
"LD2 3LS",52.172027,-3.579393
"LD2 3LT",52.169701,-3.543178
"LD2 3LU",52.179748,-3.557976
"LD2 3LW",52.166412,-3.545082
"LD2 3LX",52.125196,-3.373691
"LD2 3LY",52.177541,-3.54731
"LD2 3LZ",52.139865,-3.394805
"LD2 3NA",52.16845,-3.531583
"LD2 3NB",52.17915,-3.521069
"LD2 3ND",52.186054,-3.49945
"LD2 3NE",52.1727,-3.493181
"LD2 3NF",52.153421,-3.415342
"LD2 3NG",52.154786,-3.416993
"LD2 3NH",52.149805,-3.41321
"LD2 3NJ",52.158296,-3.40617
"LD2 3NL",52.149041,-3.413975
"LD2 3NN",52.150728,-3.416513
"LD2 3NP",52.147163,-3.418344
"LD2 3NQ",52.133112,-3.392534
"LD2 3NR",52.15164,-3.424362
"LD2 3NS",52.149057,-3.428299
"LD2 3NT",52.154928,-3.448981
"LD2 3NU",52.151556,-3.458431
"LD2 3NW",52.157423,-3.423494
"LD2 3NX",52.148151,-3.409489
"LD2 3NY",52.153255,-3.458457
"LD2 3NZ",52.241656,-3.378457
"LD2 3PA",52.153552,-3.459958
"LD2 3PB",52.156919,-3.467567
"LD2 3PD",52.169193,-3.491864
"LD2 3PE",52.168958,-3.515896
"LD2 3PF",52.185201,-3.522534
"LD2 3PG",52.191217,-3.530771
"LD2 3PH",52.195412,-3.563952
"LD2 3PJ",52.071156,-3.328479
"LD2 3PL",52.205702,-3.544557
"LD2 3PN",52.190097,-3.512314
"LD2 3PP",52.182727,-3.48025
"LD2 3PQ",52.076719,-3.316708
"LD2 3PR",52.183562,-3.476021
"LD2 3PS",52.174766,-3.471928
"LD2 3PT",52.161407,-3.447101
"LD2 3PU",52.161777,-3.43144
"LD2 3PW",52.198174,-3.508579
"LD2 3PX",52.072052,-3.341433
"LD2 3PY",52.169024,-3.427008
"LD2 3PZ",52.076859,-3.360533
"LD2 3RA",52.179538,-3.442293
"LD2 3RB",52.179981,-3.442029
"LD2 3RD",52.161217,-3.417548
"LD2 3RE",52.145896,-3.413773
"LD2 3RF",52.168873,-3.421623
"LD2 3RG",52.168253,-3.426838
"LD2 3RH",52.169731,-3.42728
"LD2 3RJ",52.120992,-3.413671
"LD2 3RL",52.169152,-3.429776
"LD2 3RN",52.171805,-3.422286
"LD2 3RP",52.180452,-3.450601
"LD2 3RQ",52.108184,-3.42083
"LD2 3RR",52.180441,-3.441971
"LD2 3RS",52.183055,-3.4311
"LD2 3RT",52.187572,-3.432298
"LD2 3RU",52.193571,-3.439484
"LD2 3RW",52.176915,-3.422069
"LD2 3RX",52.127586,-3.410418
"LD2 3RY",52.200672,-3.433729
"LD2 3RZ",52.128363,-3.397221
"LD2 3SA",52.207563,-3.432707
"LD2 3SB",52.207346,-3.440164
"LD2 3SD",52.207525,-3.448321
"LD2 3SE",52.195238,-3.459641
"LD2 3SF",52.182466,-3.47088
"LD2 3SG",52.209771,-3.500278
"LD2 3SH",52.200695,-3.479208
"LD2 3SJ",52.086362,-3.328347
"LD2 3SL",52.205637,-3.462894
"LD2 3SN",52.181081,-3.441816
"LD2 3SP",52.179592,-3.438579
"LD2 3SQ",52.10183,-3.349422
"LD2 3SR",52.152052,-3.402026
"LD2 3SS",52.152657,-3.401797
"LD2 3ST",52.153704,-3.405996
"LD2 3SU",52.153381,-3.405182
"LD2 3SW",52.180794,-3.441763
"LD2 3SX",52.085738,-3.310129
"LD2 3SY",52.156737,-3.405697
"LD2 3SZ",52.072855,-3.306819
"LD2 3TA",52.158107,-3.40995
"LD2 3TB",52.157173,-3.374061
"LD2 3TD",52.162549,-3.36797
"LD2 3TE",52.172083,-3.346576
"LD2 3TF",52.171332,-3.398757
"LD2 3TG",52.179438,-3.386902
"LD2 3TH",52.179713,-3.405456
"LD2 3TJ",52.059789,-3.286571
"LD2 3TL",52.193854,-3.379699
"LD2 3TN",52.184862,-3.408675
"LD2 3TP",52.157994,-3.392258
"LD2 3TQ",52.062854,-3.295659
"LD2 3TR",52.157078,-3.395913
"LD2 3TS",52.180541,-3.44114
"LD2 3TT",52.17942,-3.441587
"LD2 3TU",52.157399,-3.406785
"LD2 3TW",52.1969,-3.409495
"LD2 3TX",52.059036,-3.314029
"LD2 3TY",52.156264,-3.39482
"LD2 3TZ",52.07001,-3.297369
"LD2 3UA",52.156339,-3.390043
"LD2 3UB",52.157985,-3.392243
"LD2 3UD",52.156764,-3.376739
"LD2 3UE",52.158057,-3.371487
"LD2 3UF",52.152143,-3.368981
"LD2 3UG",52.143308,-3.361739
"LD2 3UH",52.118569,-3.351213
"LD2 3UJ",52.088364,-3.288108
"LD2 3UL",52.117488,-3.347456
"LD2 3UN",52.116968,-3.345732
"LD2 3UP",52.126533,-3.334801
"LD2 3UQ",52.088117,-3.270221
"LD2 3UR",52.119258,-3.326959
"LD2 3US",52.146234,-3.412615
"LD2 3UT",52.129394,-3.299196
"LD2 3UU",52.143095,-3.27877
"LD2 3UW",52.116585,-3.343822
"LD2 3UX",52.094601,-3.263413
"LD2 3UY",52.140803,-3.261199
"LD2 3UZ",52.102363,-3.288117
"LD2 3WY",52.158047,-3.405972
"LD2 3YA",52.149233,-3.277368
"LD2 3YB",52.151025,-3.28958
"LD2 3YD",52.136972,-3.293616
"LD2 3YE",52.180407,-3.440273
"LD2 3YF",52.17883,-3.439842
"LD2 3YG",52.203607,-3.523133
"LD2 3YJ",52.100738,-3.313196
"LD2 3YL",52.151087,-3.390858
"LD2 3YN",52.146944,-3.371496
"LD2 3YP",52.131114,-3.366612
"LD2 3YQ",52.112025,-3.281868
"LD2 3YR",52.106162,-3.355073
"LD2 3YS",52.086297,-3.338868
"LD2 3YT",52.083613,-3.330528
"LD2 3YU",52.0768,-3.327903
"LD2 3YW",52.138051,-3.377739
"LD2 3YX",52.097507,-3.32789
"LD2 3YY",52.072007,-3.318379
"LD2 9AN",52.241656,-3.378457
"LD2 9AP",52.241656,-3.378457
"LD3 0AA",51.997504,-3.233933
"LD3 0AB",51.996406,-3.233131
"LD3 0AD",51.996167,-3.233649
"LD3 0AE",51.996647,-3.232439
"LD3 0AG",51.99678,-3.231772
"LD3 0AH",51.997164,-3.232846
"LD3 0AJ",52.062508,-3.267102
"LD3 0AL",51.997947,-3.231936
"LD3 0AN",51.998794,-3.231799
"LD3 0AP",52.001173,-3.226969
"LD3 0AQ",52.064271,-3.271266
"LD3 0AR",52.000024,-3.23023
"LD3 0AS",51.999084,-3.229825
"LD3 0AT",51.999691,-3.228589
"LD3 0AU",51.998356,-3.228961
"LD3 0AW",51.999561,-3.232373
"LD3 0AX",52.074488,-3.261736
"LD3 0AY",51.998202,-3.229947
"LD3 0AZ",52.059422,-3.264812
"LD3 0BA",51.997832,-3.230956
"LD3 0BB",51.996303,-3.23007
"LD3 0BD",51.996919,-3.227931
"LD3 0BE",51.995774,-3.22822
"LD3 0BG",51.995993,-3.229697
"LD3 0BH",51.995984,-3.227046
"LD3 0BJ",52.045647,-3.248879
"LD3 0BL",51.995603,-3.229075
"LD3 0BN",51.995618,-3.231114
"LD3 0BP",51.99537,-3.232491
"LD3 0BQ",52.039236,-3.244661
"LD3 0BR",52.008502,-3.244857
"LD3 0BS",51.994462,-3.231592
"LD3 0BT",51.993613,-3.230287
"LD3 0BU",51.993356,-3.230761
"LD3 0BW",51.995991,-3.232421
"LD3 0BX",52.046666,-3.260369
"LD3 0BY",51.992282,-3.230338
"LD3 0BZ",52.053172,-3.25148
"LD3 0DA",51.990915,-3.2295
"LD3 0DB",51.99461,-3.232048
"LD3 0DD",51.994042,-3.232236
"LD3 0DE",51.996198,-3.231509
"LD3 0DF",51.998144,-3.228547
"LD3 0DG",51.997201,-3.228477
"LD3 0DH",52.0004,-3.228682
"LD3 0DJ",52.043835,-3.272814
"LD3 0DL",52.013321,-3.221663
"LD3 0DN",52.00907,-3.210168
"LD3 0DP",52.00391,-3.203123
"LD3 0DQ",52.00108,-3.232444
"LD3 0DR",51.993995,-3.225564
"LD3 0DT",51.990111,-3.224672
"LD3 0DU",51.989721,-3.224151
"LD3 0DW",51.995079,-3.224181
"LD3 0DX",51.997064,-3.234722
"LD3 0DY",51.991262,-3.219431
"LD3 0DZ",52.008519,-3.24917
"LD3 0EA",51.99634,-3.205702
"LD3 0EB",52.00027,-3.189668
"LD3 0ED",51.9911,-3.198396
"LD3 0EE",51.981912,-3.185876
"LD3 0EF",51.98255,-3.21334
"LD3 0EG",51.979899,-3.221816
"LD3 0EH",51.97484,-3.211167
"LD3 0EJ",51.980021,-3.205686
"LD3 0EL",51.97697,-3.200683
"LD3 0EN",51.967032,-3.20969
"LD3 0EP",51.957653,-3.20283
"LD3 0ER",51.94749,-3.191602
"LD3 0ES",51.941763,-3.179972
"LD3 0ET",51.962638,-3.184741
"LD3 0EU",51.953573,-3.191109
"LD3 0EW",51.963492,-3.205985
"LD3 0EY",51.962747,-3.220723
"LD3 0HA",51.970711,-3.230402
"LD3 0HB",52.022809,-3.187147
"LD3 0HF",51.997834,-3.234977
"LD3 0HG",51.998237,-3.236066
"LD3 0HH",52.000472,-3.236375
"LD3 0HL",52.004053,-3.241267
"LD3 0HN",52.005707,-3.24647
"LD3 0HP",52.00587,-3.248004
"LD3 0HR",52.006247,-3.248029
"LD3 0HS",52.006361,-3.249241
"LD3 0HT",52.006577,-3.25002
"LD3 0HU",52.007431,-3.250918
"LD3 0HW",52.006209,-3.247402
"LD3 0HX",52.006109,-3.25005
"LD3 0HY",52.008034,-3.252537
"LD3 0LA",52.005734,-3.251511
"LD3 0LB",52.006428,-3.25137
"LD3 0LD",52.006726,-3.252034
"LD3 0LE",52.006899,-3.248513
"LD3 0LF",52.007865,-3.247302
"LD3 0LG",52.007585,-3.246507
"LD3 0LH",52.00947,-3.244316
"LD3 0LJ",52.036166,-3.269433
"LD3 0LL",52.012457,-3.238978
"LD3 0LN",52.023495,-3.244385
"LD3 0LP",52.008722,-3.251274
"LD3 0LQ",52.061588,-3.257303
"LD3 0LR",52.006133,-3.250357
"LD3 0LS",52.010245,-3.261822
"LD3 0LT",52.00385,-3.256193
"LD3 0LU",52.009148,-3.261077
"LD3 0LW",52.021463,-3.262152
"LD3 0LX",52.008138,-3.247761
"LD3 0LY",52.007182,-3.259069
"LD3 0NA",52.012067,-3.287095
"LD3 0NB",52.008242,-3.288209
"LD3 0ND",52.013498,-3.304913
"LD3 0NE",52.015517,-3.28648
"LD3 0NF",52.019297,-3.277889
"LD3 0NG",52.0231,-3.286159
"LD3 0NH",52.02678,-3.294966
"LD3 0NL",52.03234,-3.283158
"LD3 0NN",52.035885,-3.287838
"LD3 0NP",52.054074,-3.30016
"LD3 0NR",52.026127,-3.304479
"LD3 0NS",52.031924,-3.330363
"LD3 0NT",52.03893,-3.353126
"LD3 0NU",52.018645,-3.337416
"LD3 0NW",52.040742,-3.291783
"LD3 0PA",51.999362,-3.277204
"LD3 0PB",51.995785,-3.233172
"LD3 0PD",51.995403,-3.233614
"LD3 0PE",51.995866,-3.234092
"LD3 0PF",51.995306,-3.233422
"LD3 0PG",51.994784,-3.234398
"LD3 0PH",51.994672,-3.233856
"LD3 0PL",51.99343,-3.237463
"LD3 0PN",51.990577,-3.240224
"LD3 0PP",51.980704,-3.248018
"LD3 0PQ",51.995486,-3.235961
"LD3 0PR",51.974191,-3.245769
"LD3 0PS",51.961701,-3.26104
"LD3 0PT",51.96143,-3.271992
"LD3 0PU",51.974586,-3.261824
"LD3 0PW",51.980578,-3.248859
"LD3 0PY",51.983653,-3.254754
"LD3 0RA",51.996098,-3.25886
"LD3 0RB",51.997012,-3.291485
"LD3 0RD",51.992705,-3.284122
"LD3 0RE",51.991163,-3.283743
"LD3 0RF",51.984811,-3.303773
"LD3 0RG",51.987047,-3.274407
"LD3 0RH",51.985012,-3.288737
"LD3 0RL",51.97574,-3.282327
"LD3 0RN",51.977533,-3.297651
"LD3 0RP",51.966621,-3.309505
"LD3 0RS",52.022476,-3.188085
"LD3 0RT",52.027129,-3.211486
"LD3 0RU",52.016319,-3.234233
"LD3 0RW",51.97827,-3.3219
"LD3 0RY",52.019856,-3.228719
"LD3 0SA",52.021907,-3.219113
"LD3 0SB",52.023598,-3.214743
"LD3 0SD",52.027515,-3.213275
"LD3 0SE",52.028347,-3.209347
"LD3 0SG",52.029643,-3.205723
"LD3 0SH",52.031698,-3.214787
"LD3 0SJ",52.032606,-3.204375
"LD3 0SL",52.032344,-3.20619
"LD3 0SN",52.032719,-3.207322
"LD3 0SP",52.031546,-3.170323
"LD3 0SQ",52.029088,-3.210664
"LD3 0SR",52.021006,-3.158724
"LD3 0SS",52.012441,-3.162102
"LD3 0ST",52.023454,-3.186494
"LD3 0SU",52.022222,-3.189259
"LD3 0SW",52.032152,-3.182613
"LD3 0SX",52.0221,-3.18879
"LD3 0SY",52.021979,-3.18832
"LD3 0SZ",52.023438,-3.188082
"LD3 0TA",52.018441,-3.203819
"LD3 0TB",52.018995,-3.185545
"LD3 0TD",52.022144,-3.187115
"LD3 0TE",52.02787,-3.186334
"LD3 0TF",52.034541,-3.198872
"LD3 0TG",52.019868,-3.186384
"LD3 0TH",52.042346,-3.272495
"LD3 0TL",51.959545,-3.321567
"LD3 0TN",51.963682,-3.321412
"LD3 0TP",51.961824,-3.348881
"LD3 0TR",51.962613,-3.356167
"LD3 0TS",51.970609,-3.33942
"LD3 0TT",51.972905,-3.324814
"LD3 0TU",51.978981,-3.324979
"LD3 0TW",51.959367,-3.335723
"LD3 0TY",51.983253,-3.330522
"LD3 0UA",51.986434,-3.319475
"LD3 0UB",51.989916,-3.325695
"LD3 0UD",51.989783,-3.327074
"LD3 0UE",51.98924,-3.328252
"LD3 0UF",51.988939,-3.33969
"LD3 0UG",51.999273,-3.337901
"LD3 0UH",52.014789,-3.345228
"LD3 0UJ",51.989193,-3.326824
"LD3 0UL",52.012948,-3.331606
"LD3 0UN",52.006156,-3.309493
"LD3 0UP",52.031226,-3.268972
"LD3 0UR",52.032348,-3.264951
"LD3 0US",52.03183,-3.265505
"LD3 0UT",52.03063,-3.254991
"LD3 0UU",52.033362,-3.264339
"LD3 0UW",52.005325,-3.296809
"LD3 0UY",52.034209,-3.266637
"LD3 0YA",52.034584,-3.268542
"LD3 0YB",52.036889,-3.272427
"LD3 0YD",52.038271,-3.268559
"LD3 0YE",52.045069,-3.27842
"LD3 0YF",52.039479,-3.270693
"LD3 0YG",52.044493,-3.272687
"LD3 0YH",52.043718,-3.266118
"LD3 0YJ",52.039922,-3.269656
"LD3 0YL",52.039433,-3.263314
"LD3 0YN",52.038079,-3.274619
"LD3 0YP",52.052089,-3.286918
"LD3 0YQ",52.038584,-3.268714
"LD3 0YR",52.067459,-3.284851
"LD3 0YS",52.074848,-3.284158
"LD3 0YT",52.061338,-3.283027
"LD3 0YU",52.0575,-3.27965
"LD3 0YW",52.043338,-3.28222
"LD3 0YX",52.039736,-3.266866
"LD3 0YY",52.066516,-3.273167
"LD3 0YZ",52.040835,-3.271679
"LD3 3BE",51.94119,-3.411706
"LD3 3DE",51.94119,-3.411706
"LD3 3DF",51.94119,-3.411706
"LD3 3DG",51.94119,-3.411706
"LD3 3DH",51.94119,-3.411706
"LD3 7AA",51.946986,-3.391619
"LD3 7AD",51.946593,-3.389803
"LD3 7AE",51.946619,-3.389935
"LD3 7AF",51.94673,-3.390389
"LD3 7AG",51.947271,-3.39029
"LD3 7AH",51.947385,-3.390511
"LD3 7AJ",51.923705,-3.347723
"LD3 7AL",51.947702,-3.391074
"LD3 7AN",51.947874,-3.391734
"LD3 7AP",51.947439,-3.391299
"LD3 7AQ",51.934104,-3.355176
"LD3 7AR",51.947661,-3.391495
"LD3 7AS",51.947246,-3.390885
"LD3 7AU",51.946707,-3.389312
"LD3 7AX",51.92254,-3.355977
"LD3 7AY",51.947378,-3.390322
"LD3 7AZ",51.922518,-3.347004
"LD3 7BA",51.947692,-3.389633
"LD3 7BD",51.922359,-3.344381
"LD3 7BE",51.94374,-3.380869
"LD3 7BF",51.942111,-3.374854
"LD3 7BG",51.945963,-3.387572
"LD3 7BH",51.947265,-3.390042
"LD3 7BJ",51.921922,-3.346404
"LD3 7BL",51.946471,-3.387253
"LD3 7BN",51.946411,-3.387702
"LD3 7BQ",51.918847,-3.344829
"LD3 7BS",51.927294,-3.339773
"LD3 7BU",51.947262,-3.385721
"LD3 7BX",51.922415,-3.345721
"LD3 7BY",51.947184,-3.382401
"LD3 7BZ",51.923328,-3.344556
"LD3 7DB",51.945547,-3.380197
"LD3 7DD",51.944776,-3.389107
"LD3 7DE",51.943893,-3.39004
"LD3 7DG",51.947242,-3.392006
"LD3 7DH",51.947158,-3.391465
"LD3 7DJ",51.947175,-3.390811
"LD3 7DL",51.946646,-3.392176
"LD3 7DQ",51.908892,-3.339473
"LD3 7DR",51.914832,-3.337323
"LD3 7DS",51.945538,-3.391575
"LD3 7DT",51.945655,-3.389309
"LD3 7DU",51.945491,-3.390278
"LD3 7DW",51.946352,-3.390436
"LD3 7DX",51.94469,-3.391068
"LD3 7DY",51.945417,-3.391193
"LD3 7EA",51.944014,-3.383584
"LD3 7EB",51.944461,-3.383787
"LD3 7ED",51.945066,-3.385871
"LD3 7EE",51.945826,-3.384716
"LD3 7EF",51.945905,-3.387963
"LD3 7EG",51.945609,-3.38791
"LD3 7EH",51.945207,-3.388451
"LD3 7EJ",51.925148,-3.293623
"LD3 7EL",51.944637,-3.385669
"LD3 7EN",51.943708,-3.383589
"LD3 7EP",51.942428,-3.380029
"LD3 7EQ",51.918616,-3.300619
"LD3 7ER",51.945536,-3.388723
"LD3 7ES",51.945584,-3.388448
"LD3 7ET",51.945153,-3.385365
"LD3 7EU",51.944843,-3.387261
"LD3 7EW",51.943903,-3.388425
"LD3 7EX",51.925456,-3.290215
"LD3 7EY",51.944315,-3.387783
"LD3 7EZ",51.926223,-3.29236
"LD3 7FB",51.946612,-3.379823
"LD3 7FD",51.944541,-3.388503
"LD3 7FE",51.944726,-3.386515
"LD3 7FF",51.939058,-3.254615
"LD3 7GA",51.946956,-3.388825
"LD3 7HA",51.944338,-3.385834
"LD3 7HB",51.945273,-3.384306
"LD3 7HD",51.943776,-3.38474
"LD3 7HE",51.94408,-3.385666
"LD3 7HF",51.944056,-3.385375
"LD3 7HG",51.943842,-3.38675
"LD3 7HH",51.942036,-3.380526
"LD3 7HJ",51.893419,-3.242647
"LD3 7HL",51.943366,-3.38899
"LD3 7HN",51.892386,-3.24086
"LD3 7HP",51.943152,-3.379658
"LD3 7HQ",51.896891,-3.253513
"LD3 7HR",51.944858,-3.382184
"LD3 7HT",51.919804,-3.346021
"LD3 7HU",51.943441,-3.385661
"LD3 7HW",51.943893,-3.39004
"LD3 7HX",51.890919,-3.240108
"LD3 7HY",51.947912,-3.390819
"LD3 7HZ",51.891779,-3.234421
"LD3 7JA",51.894969,-3.28828
"LD3 7JB",51.894802,-3.288726
"LD3 7JD",51.894339,-3.28755
"LD3 7JE",51.897029,-3.283238
"LD3 7JF",51.895757,-3.283637
"LD3 7JG",51.896552,-3.283282
"LD3 7JH",51.895029,-3.285302
"LD3 7JJ",51.886841,-3.260861
"LD3 7JL",51.893208,-3.248992
"LD3 7JP",51.947946,-3.390252
"LD3 7JQ",51.896517,-3.264082
"LD3 7JR",51.89412,-3.241838
"LD3 7JW",51.951871,-3.389079
"LD3 7LA",51.948329,-3.391341
"LD3 7LB",51.946795,-3.389518
"LD3 7LD",51.948835,-3.39108
"LD3 7LE",51.948286,-3.391893
"LD3 7LF",51.948378,-3.391706
"LD3 7LH",51.948616,-3.391364
"LD3 7LJ",51.923329,-3.331802
"LD3 7LL",51.949691,-3.390947
"LD3 7LN",51.951684,-3.388884
"LD3 7LP",51.951113,-3.390074
"LD3 7LQ",51.915658,-3.35321
"LD3 7LS",51.949841,-3.391213
"LD3 7LT",51.948893,-3.391518
"LD3 7LU",51.949043,-3.390214
"LD3 7LW",51.950724,-3.390236
"LD3 7LX",51.914359,-3.320298
"LD3 7LY",51.949052,-3.389472
"LD3 7LZ",51.908547,-3.307771
"LD3 7NA",51.94973,-3.389129
"LD3 7NB",51.950137,-3.39048
"LD3 7ND",51.950253,-3.389829
"LD3 7NE",51.94937,-3.388419
"LD3 7NF",51.949995,-3.38726
"LD3 7NG",51.949875,-3.388333
"LD3 7NH",51.949873,-3.387678
"LD3 7NJ",51.887302,-3.236129
"LD3 7NL",51.951483,-3.387655
"LD3 7NN",51.951578,-3.386479
"LD3 7NP",51.950293,-3.384854
"LD3 7NQ",51.888812,-3.237013
"LD3 7NR",51.948851,-3.385901
"LD3 7NS",51.949116,-3.384803
"LD3 7NT",51.947942,-3.386018
"LD3 7NU",51.916668,-3.318039
"LD3 7NW",51.950556,-3.38623
"LD3 7NX",51.882999,-3.236606
"LD3 7NY",51.948784,-3.387019
"LD3 7NZ",51.874674,-3.244179
"LD3 7PA",51.949508,-3.386663
"LD3 7PB",51.947858,-3.387034
"LD3 7PD",51.948513,-3.387942
"LD3 7PE",51.948886,-3.3921
"LD3 7PF",51.942358,-3.381452
"LD3 7PG",51.94963,-3.385401
"LD3 7PJ",51.925854,-3.27513
"LD3 7PL",51.941653,-3.377124
"LD3 7PN",51.942927,-3.369656
"LD3 7PP",51.943474,-3.370604
"LD3 7PQ",51.926541,-3.292907
"LD3 7PR",51.944735,-3.366482
"LD3 7PS",51.944794,-3.36529
"LD3 7PT",51.945272,-3.365174
"LD3 7PW",51.943421,-3.369715
"LD3 7PX",51.917385,-3.263345
"LD3 7PZ",51.898892,-3.24463
"LD3 7QA",51.94896,-3.3912
"LD3 7RA",51.942217,-3.365052
"LD3 7RB",51.942217,-3.365052
"LD3 7RD",51.944584,-3.367117
"LD3 7RE",51.942312,-3.366932
"LD3 7RH",51.941422,-3.369974
"LD3 7RJ",51.888369,-3.23812
"LD3 7RL",51.942308,-3.370292
"LD3 7RN",51.942773,-3.37211
"LD3 7RP",51.943123,-3.376035
"LD3 7RQ",51.890352,-3.236779
"LD3 7RR",51.943622,-3.37637
"LD3 7RS",51.946639,-3.383621
"LD3 7RT",51.944684,-3.380142
"LD3 7RU",51.942149,-3.369298
"LD3 7RW",51.942884,-3.374165
"LD3 7RX",51.885203,-3.239922
"LD3 7RZ",51.889359,-3.237173
"LD3 7SA",51.944468,-3.378651
"LD3 7SB",51.890699,-3.231092
"LD3 7SD",51.922072,-3.345871
"LD3 7SE",51.947334,-3.388022
"LD3 7SF",51.944653,-3.3471
"LD3 7SG",51.941844,-3.367688
"LD3 7SH",51.941737,-3.354374
"LD3 7SJ",51.891418,-3.231141
"LD3 7SL",51.938423,-3.344658
"LD3 7SN",51.942595,-3.346267
"LD3 7SP",51.947721,-3.339902
"LD3 7SQ",51.8896,-3.227822
"LD3 7SR",51.955484,-3.38382
"LD3 7SS",51.958506,-3.383026
"LD3 7ST",51.941971,-3.366092
"LD3 7SU",51.942219,-3.328667
"LD3 7SW",51.948703,-3.349098
"LD3 7SX",51.902924,-3.243375
"LD3 7SY",51.935929,-3.300145
"LD3 7SZ",51.919411,-3.245343
"LD3 7TA",51.937161,-3.297722
"LD3 7TB",51.938578,-3.300498
"LD3 7TD",51.938804,-3.299544
"LD3 7TE",51.939547,-3.290052
"LD3 7TF",51.947132,-3.293688
"LD3 7TG",51.945908,-3.29214
"LD3 7TH",51.947251,-3.291
"LD3 7TJ",51.945791,-3.290536
"LD3 7TL",51.946887,-3.289753
"LD3 7TN",51.948232,-3.286838
"LD3 7TP",51.945739,-3.285428
"LD3 7TQ",51.916518,-3.250293
"LD3 7TR",51.941081,-3.265539
"LD3 7TS",51.941752,-3.259971
"LD3 7TT",51.944161,-3.260883
"LD3 7TU",51.955348,-3.251461
"LD3 7TW",51.957418,-3.282197
"LD3 7TX",51.946639,-3.294314
"LD3 7TY",51.940586,-3.260535
"LD3 7UA",51.939967,-3.261245
"LD3 7UB",51.940074,-3.259633
"LD3 7UD",51.939936,-3.258233
"LD3 7UE",51.940525,-3.249404
"LD3 7UG",51.938637,-3.255331
"LD3 7UH",51.933221,-3.239514
"LD3 7UL",51.947142,-3.230659
"LD3 7UN",51.95324,-3.236472
"LD3 7UP",51.957815,-3.29679
"LD3 7UQ",51.90406,-3.298032
"LD3 7UR",51.940195,-3.254254
"LD3 7US",51.938882,-3.253432
"LD3 7UU",51.940525,-3.249404
"LD3 7UW",51.948663,-3.308923
"LD3 7UX",51.898941,-3.292594
"LD3 7UY",51.935726,-3.344607
"LD3 7UZ",51.896992,-3.29155
"LD3 7YA",51.933248,-3.326118
"LD3 7YB",51.929218,-3.323061
"LD3 7YD",51.924847,-3.313553
"LD3 7YE",51.916577,-3.3004
"LD3 7YF",51.903891,-3.277372
"LD3 7YG",51.912626,-3.286852
"LD3 7YJ",51.896134,-3.290275
"LD3 7YL",51.90341,-3.29829
"LD3 7YN",51.899614,-3.304139
"LD3 7YP",51.893364,-3.283758
"LD3 7YQ",51.896484,-3.290314
"LD3 7YR",51.876936,-3.273121
"LD3 7YS",51.883522,-3.30392
"LD3 7YT",51.858247,-3.303843
"LD3 7YU",51.881479,-3.283608
"LD3 7YW",51.895021,-3.298324
"LD3 7YX",51.895267,-3.288957
"LD3 7YZ",51.895065,-3.288573
"LD3 7ZZ",51.94119,-3.411647
"LD3 8AD",51.946239,-3.393953
"LD3 8AF",51.946106,-3.395273
"LD3 8AH",51.947244,-3.395571
"LD3 8AJ",51.924404,-3.617003
"LD3 8AL",51.946006,-3.398369
"LD3 8AN",51.946648,-3.397371
"LD3 8AP",51.945251,-3.398389
"LD3 8AR",51.945719,-3.399815
"LD3 8AS",51.945936,-3.399735
"LD3 8AT",51.946143,-3.399727
"LD3 8AU",51.947167,-3.399046
"LD3 8AW",51.946029,-3.398777
"LD3 8AY",51.946426,-3.399343
"LD3 8BA",51.947592,-3.39887
"LD3 8BB",51.946631,-3.398811
"LD3 8BD",51.948096,-3.398027
"LD3 8BE",51.948275,-3.398891
"LD3 8BG",51.947948,-3.400641
"LD3 8BH",51.952374,-3.570745
"LD3 8BL",51.947339,-3.396665
"LD3 8BN",51.945817,-3.393126
"LD3 8BT",51.943218,-3.414228
"LD3 8BU",51.945841,-3.399426
"LD3 8BY",51.945474,-3.400026
"LD3 8DA",51.94566,-3.401792
"LD3 8DB",51.946419,-3.400754
"LD3 8DD",51.945823,-3.403194
"LD3 8DE",51.945581,-3.404627
"LD3 8DF",51.947074,-3.401603
"LD3 8DG",51.945164,-3.40345
"LD3 8DH",51.945263,-3.402638
"LD3 8DJ",51.944476,-3.405276
"LD3 8DL",51.944876,-3.403412
"LD3 8DN",51.945031,-3.405541
"LD3 8DP",51.944006,-3.404767
"LD3 8DQ",51.945512,-3.405178
"LD3 8DR",51.944046,-3.405205
"LD3 8DS",51.944155,-3.401352
"LD3 8DT",51.94359,-3.402731
"LD3 8DU",51.944234,-3.403028
"LD3 8DW",51.944746,-3.406056
"LD3 8DX",51.946232,-3.405084
"LD3 8DY",51.943139,-3.404303
"LD3 8EA",51.942863,-3.401836
"LD3 8EB",51.944893,-3.400517
"LD3 8ED",51.944891,-3.407428
"LD3 8EE",51.943541,-3.401552
"LD3 8EF",51.94557,-3.416848
"LD3 8EG",51.945365,-3.408418
"LD3 8EH",51.933869,-3.431229
"LD3 8EJ",51.9241,-3.463712
"LD3 8EL",51.926507,-3.457391
"LD3 8EN",51.923075,-3.465162
"LD3 8EP",51.915272,-3.478706
"LD3 8EQ",51.942786,-3.399986
"LD3 8ER",51.924936,-3.488825
"LD3 8ES",51.943515,-3.481497
"LD3 8ET",51.937176,-3.496402
"LD3 8EU",51.947997,-3.498174
"LD3 8EW",51.919925,-3.464681
"LD3 8EX",51.94648,-3.414432
"LD3 8EY",51.949898,-3.507783
"LD3 8FB",51.922762,-3.463523
"LD3 8HA",51.948059,-3.529052
"LD3 8HB",51.950691,-3.525053
"LD3 8HD",51.954125,-3.536899
"LD3 8HF",51.95585,-3.5315
"LD3 8HG",51.958014,-3.537192
"LD3 8HH",51.956057,-3.55683
"LD3 8HL",51.961194,-3.562044
"LD3 8HN",51.962954,-3.548583
"LD3 8HP",51.956342,-3.507271
"LD3 8HR",51.955717,-3.500629
"LD3 8HS",51.957706,-3.493389
"LD3 8HT",51.923869,-3.464955
"LD3 8HW",51.963735,-3.532206
"LD3 8LA",51.941504,-3.411017
"LD3 8LB",51.935301,-3.412364
"LD3 8LD",51.925135,-3.428522
"LD3 8LE",51.917124,-3.427003
"LD3 8LF",51.931713,-3.415437
"LD3 8LG",51.925349,-3.418262
"LD3 8LH",51.913295,-3.405945
"LD3 8LJ",51.94424,-3.406273
"LD3 8LL",51.906769,-3.395987
"LD3 8LN",51.921086,-3.398016
"LD3 8LP",51.907406,-3.371686
"LD3 8LQ",51.942286,-3.416235
"LD3 8LR",51.919913,-3.373987
"LD3 8LS",51.928285,-3.378533
"LD3 8LT",51.928098,-3.394366
"LD3 8LU",51.936774,-3.393631
"LD3 8LW",51.913729,-3.379178
"LD3 8NA",51.939072,-3.415072
"LD3 8NB",51.93072,-3.434299
"LD3 8ND",51.922346,-3.460106
"LD3 8NE",51.915815,-3.450196
"LD3 8NF",51.900664,-3.479854
"LD3 8NG",51.912154,-3.474227
"LD3 8NH",51.898691,-3.490864
"LD3 8NL",51.872376,-3.479128
"LD3 8NN",51.91375,-3.491
"LD3 8NP",51.910354,-3.531391
"LD3 8NR",51.926609,-3.509227
"LD3 8NS",51.939106,-3.460185
"LD3 8NU",51.94119,-3.411706
"LD3 8NW",51.906604,-3.512598
"LD3 8PA",51.948004,-3.407263
"LD3 8PB",51.943933,-3.436889
"LD3 8PD",51.942567,-3.438329
"LD3 8PE",51.940312,-3.442548
"LD3 8PF",51.945631,-3.456018
"LD3 8PG",51.947057,-3.569628
"LD3 8PH",51.946024,-3.571541
"LD3 8PJ",51.942718,-3.440618
"LD3 8PL",51.947447,-3.581442
"LD3 8PN",51.949959,-3.571853
"LD3 8PP",51.945264,-3.571893
"LD3 8PR",51.944757,-3.573548
"LD3 8PS",51.944399,-3.574787
"LD3 8PT",51.948206,-3.596514
"LD3 8PU",51.934335,-3.6108
"LD3 8PW",51.945738,-3.571444
"LD3 8PY",51.922102,-3.616383
"LD3 8RA",51.919639,-3.614316
"LD3 8RB",51.954819,-3.614037
"LD3 8RD",51.961665,-3.625491
"LD3 8RE",51.969483,-3.643985
"LD3 8RF",51.955292,-3.655676
"LD3 8RG",51.966357,-3.647656
"LD3 8RH",51.971092,-3.674005
"LD3 8RL",51.946207,-3.569278
"LD3 8RP",51.951725,-3.560026
"LD3 8RR",51.947924,-3.566675
"LD3 8RS",51.946346,-3.569021
"LD3 8RT",51.944365,-3.568515
"LD3 8RU",51.943587,-3.567513
"LD3 8RY",51.94277,-3.566103
"LD3 8SA",51.938468,-3.56908
"LD3 8SB",51.940557,-3.564862
"LD3 8SD",51.939737,-3.56428
"LD3 8SE",51.938691,-3.564506
"LD3 8SF",51.937161,-3.563914
"LD3 8SG",51.936739,-3.563871
"LD3 8SH",51.939243,-3.563565
"LD3 8SL",51.93751,-3.563388
"LD3 8SN",51.937241,-3.562681
"LD3 8SP",51.929377,-3.556982
"LD3 8SR",51.927059,-3.547958
"LD3 8SS",51.915896,-3.551063
"LD3 8ST",51.909455,-3.566208
"LD3 8SU",51.888992,-3.562648
"LD3 8SW",51.936964,-3.561158
"LD3 8SY",51.893646,-3.589114
"LD3 8TA",51.898544,-3.539274
"LD3 8TB",51.940551,-3.542821
"LD3 8TD",51.936339,-3.527955
"LD3 8TE",51.926694,-3.524981
"LD3 8TF",51.94877,-3.513696
"LD3 8TG",51.918302,-3.534148
"LD3 8TL",51.911726,-3.583254
"LD3 8TN",51.947607,-3.568177
"LD3 8TP",51.950301,-3.564357
"LD3 8TR",51.951092,-3.563715
"LD3 8TS",51.952666,-3.567699
"LD3 8TT",51.960803,-3.57379
"LD3 8TU",51.966928,-3.587746
"LD3 8TW",51.94989,-3.565507
"LD3 8TY",51.958964,-3.603518
"LD3 8UA",51.977786,-3.564528
"LD3 8UB",51.983107,-3.586862
"LD3 8UD",51.994457,-3.59995
"LD3 8UE",51.948905,-3.628856
"LD3 8UF",51.949035,-3.629836
"LD3 8UG",51.948559,-3.63043
"LD3 8UH",51.949736,-3.633746
"LD3 8UL",51.950705,-3.633898
"LD3 8UP",51.949907,-3.630508
"LD3 8UQ",51.950401,-3.633145
"LD3 8UR",51.942633,-3.629866
"LD3 8UT",51.938154,-3.616247
"LD3 8UU",51.945511,-3.60493
"LD3 8UW",51.950833,-3.631822
"LD3 8UY",51.927777,-3.650576
"LD3 8YA",51.912496,-3.641248
"LD3 8YB",51.917795,-3.631976
"LD3 8YD",51.918061,-3.671362
"LD3 8YE",51.934407,-3.658704
"LD3 8YF",51.946348,-3.678321
"LD3 8YG",51.928797,-3.680837
"LD3 8YH",51.934645,-3.569922
"LD3 8YL",51.912198,-3.588955
"LD3 8YN",51.90553,-3.605873
"LD3 8YP",51.908033,-3.606922
"LD3 8YR",51.895027,-3.625555
"LD3 8YS",51.900737,-3.639831
"LD3 8YT",51.909403,-3.62244
"LD3 8YU",51.913125,-3.606726
"LD3 8YW",51.90628,-3.606307
"LD3 8YY",51.881929,-3.614912
"LD3 9AA",51.946867,-3.392518
"LD3 9AB",51.947279,-3.392633
"LD3 9AD",51.947606,-3.392381
"LD3 9AE",51.947923,-3.392143
"LD3 9AF",51.947872,-3.39268
"LD3 9AH",51.948078,-3.39273
"LD3 9AJ",51.965694,-3.377308
"LD3 9AL",51.947677,-3.393183
"LD3 9AN",51.948034,-3.393413
"LD3 9AP",51.949144,-3.396153
"LD3 9AR",51.94893,-3.395186
"LD3 9AS",51.94941,-3.397224
"LD3 9AT",51.949188,-3.395442
"LD3 9AU",51.949264,-3.395881
"LD3 9AY",51.948769,-3.395865
"LD3 9BA",51.950158,-3.3978
"LD3 9BB",51.949825,-3.396291
"LD3 9BD",51.949913,-3.396454
"LD3 9BE",51.950113,-3.394801
"LD3 9BG",51.949495,-3.395335
"LD3 9BH",51.949689,-3.395661
"LD3 9BL",51.95019,-3.396622
"LD3 9BN",51.950059,-3.395512
"LD3 9BP",51.955802,-3.388909
"LD3 9BQ",51.957173,-3.387787
"LD3 9BR",51.95721,-3.389957
"LD3 9BS",51.957517,-3.392164
"LD3 9BT",51.956308,-3.394018
"LD3 9BU",51.948892,-3.392319
"LD3 9BW",51.949622,-3.396037
"LD3 9DA",51.948449,-3.392538
"LD3 9DB",51.948809,-3.394091
"LD3 9DD",51.948735,-3.391965
"LD3 9DE",51.94904,-3.39356
"LD3 9DF",51.949796,-3.39271
"LD3 9DG",51.949863,-3.39232
"LD3 9DH",51.950224,-3.391458
"LD3 9DJ",51.94935,-3.39469
"LD3 9DL",51.950557,-3.392996
"LD3 9DN",51.95106,-3.393055
"LD3 9DP",51.950881,-3.392206
"LD3 9DR",51.95098,-3.393693
"LD3 9DS",51.95029,-3.393482
"LD3 9DT",51.950217,-3.394324
"LD3 9DU",51.950407,-3.394999
"LD3 9DW",51.951346,-3.393195
"LD3 9DX",51.950896,-3.393196
"LD3 9DY",51.950604,-3.395078
"LD3 9EA",51.953336,-3.393722
"LD3 9EB",51.951631,-3.393408
"LD3 9ED",51.9524,-3.392238
"LD3 9EE",51.948124,-3.391917
"LD3 9EF",51.952299,-3.393952
"LD3 9EG",51.952894,-3.394596
"LD3 9EH",51.954904,-3.393364
"LD3 9EL",51.955594,-3.393545
"LD3 9EN",51.95427,-3.392296
"LD3 9EP",51.953788,-3.390404
"LD3 9EQ",51.954916,-3.387776
"LD3 9ER",51.956369,-3.391896
"LD3 9ES",51.955425,-3.391139
"LD3 9ET",51.954887,-3.388764
"LD3 9EU",51.952302,-3.39142
"LD3 9EW",51.953133,-3.391839
"LD3 9EY",51.955193,-3.388745
"LD3 9HA",51.95064,-3.398834
"LD3 9HB",51.950944,-3.396762
"LD3 9HD",51.950539,-3.396022
"LD3 9HE",51.950996,-3.394654
"LD3 9HF",51.951032,-3.395397
"LD3 9HG",51.951815,-3.394607
"LD3 9HH",51.951458,-3.395861
"LD3 9HJ",51.953586,-3.394632
"LD3 9HL",51.952144,-3.396378
"LD3 9HN",51.952207,-3.39491
"LD3 9HP",51.952658,-3.397805
"LD3 9HR",51.953256,-3.398187
"LD3 9HS",51.953649,-3.395362
"LD3 9HT",51.95383,-3.396794
"LD3 9HU",51.954487,-3.397469
"LD3 9HW",51.952723,-3.39609
"LD3 9HY",51.953674,-3.398506
"LD3 9LA",51.95049,-3.395569
"LD3 9LB",51.950162,-3.395196
"LD3 9LD",51.95456,-3.395841
"LD3 9LE",51.95554,-3.398098
"LD3 9LF",51.955589,-3.399337
"LD3 9LG",51.951198,-3.398109
"LD3 9LH",51.952327,-3.399876
"LD3 9LL",51.951073,-3.399487
"LD3 9LN",51.964503,-3.394462
"LD3 9LP",51.967316,-3.426836
"LD3 9LR",51.965447,-3.433399
"LD3 9LS",51.963689,-3.48027
"LD3 9LT",51.977255,-3.498888
"LD3 9LU",51.982599,-3.529442
"LD3 9LW",51.964908,-3.427443
"LD3 9LY",51.989338,-3.519375
"LD3 9NA",51.997173,-3.539232
"LD3 9NB",52.009576,-3.548531
"LD3 9ND",51.990228,-3.498375
"LD3 9NE",51.989557,-3.470302
"LD3 9NF",51.971561,-3.459027
"LD3 9NG",51.952757,-3.475864
"LD3 9NH",51.955451,-3.479678
"LD3 9NL",51.964116,-3.493457
"LD3 9NN",51.958458,-3.480854
"LD3 9NP",51.963872,-3.45262
"LD3 9NR",51.96944,-3.465509
"LD3 9NS",51.968806,-3.455721
"LD3 9NT",51.958121,-3.450848
"LD3 9NU",51.965224,-3.450146
"LD3 9NW",51.958169,-3.457865
"LD3 9NY",51.963883,-3.441428
"LD3 9PA",51.958185,-3.431654
"LD3 9PB",51.964505,-3.433224
"LD3 9PD",51.965548,-3.431714
"LD3 9PE",51.961183,-3.423977
"LD3 9PF",51.954356,-3.404697
"LD3 9PG",51.95093,-3.406235
"LD3 9PH",51.950387,-3.42672
"LD3 9PL",51.955761,-3.396213
"LD3 9PN",51.956087,-3.398261
"LD3 9PP",51.977598,-3.413054
"LD3 9PR",51.985027,-3.415123
"LD3 9PS",51.983131,-3.40902
"LD3 9PT",51.983623,-3.419651
"LD3 9PU",51.990264,-3.414035
"LD3 9PW",51.993908,-3.412344
"LD3 9PY",51.99277,-3.411973
"LD3 9QA",51.96388,-3.432869
"LD3 9RA",51.993473,-3.411864
"LD3 9RB",51.996434,-3.413093
"LD3 9RD",52.00236,-3.416033
"LD3 9RE",52.012236,-3.414247
"LD3 9RF",52.023296,-3.423909
"LD3 9RG",52.054585,-3.448284
"LD3 9RH",52.013092,-3.417101
"LD3 9RL",51.968832,-3.374231
"LD3 9RN",51.968453,-3.444224
"LD3 9RP",51.998139,-3.451049
"LD3 9RR",51.99598,-3.463506
"LD3 9RS",52.000779,-3.461551
"LD3 9RT",52.004071,-3.47442
"LD3 9RU",52.003863,-3.498728
"LD3 9RW",51.981214,-3.45356
"LD3 9RY",52.005546,-3.467213
"LD3 9SA",52.019245,-3.493952
"LD3 9SB",52.02738,-3.506832
"LD3 9SD",52.026803,-3.480736
"LD3 9SE",52.032918,-3.477818
"LD3 9SF",52.037991,-3.474763
"LD3 9SG",52.024111,-3.464454
"LD3 9SH",52.012344,-3.450431
"LD3 9SN",51.957902,-3.381639
"LD3 9SP",51.960533,-3.375738
"LD3 9SR",51.952539,-3.38194
"LD3 9SS",51.967201,-3.376073
"LD3 9ST",51.967529,-3.377263
"LD3 9SU",51.969072,-3.388999
"LD3 9SW",51.960633,-3.37414
"LD3 9SX",51.95,-3.38304
"LD3 9SY",51.966514,-3.374859
"LD3 9TA",51.974643,-3.346805
"LD3 9TB",51.979668,-3.342923
"LD3 9TD",51.977318,-3.358155
"LD3 9TE",51.989756,-3.368711
"LD3 9TF",51.981662,-3.365028
"LD3 9TG",51.987262,-3.386708
"LD3 9TH",52.007023,-3.35362
"LD3 9TL",52.015162,-3.379818
"LD3 9TN",52.003459,-3.386422
"LD3 9TP",51.996621,-3.401199
"LD3 9TR",51.977142,-3.404551
"LD3 9TS",51.972819,-3.398345
"LD3 9TT",51.982236,-3.407157
"LD3 9TW",51.992189,-3.3867
"LD3 9UA",51.953976,-3.402648
"LD3 9UB",51.953865,-3.400666
"LD3 9UD",51.954858,-3.400318
"LD3 9UE",51.953316,-3.39995
"LD3 9UF",51.954963,-3.401311
"LD3 9WJ",51.94119,-3.411706
"LD4 4AA",52.116648,-3.555132
"LD4 4AB",52.128961,-3.534976
"LD4 4AE",52.13361,-3.533543
"LD4 4AF",52.133567,-3.53062
"LD4 4AG",52.134142,-3.535505
"LD4 4AH",52.134402,-3.53414
"LD4 4AJ",52.133086,-3.530969
"LD4 4AL",52.137119,-3.545032
"LD4 4AN",52.134977,-3.560943
"LD4 4AP",52.146176,-3.555079
"LD4 4AR",52.134693,-3.529782
"LD4 4AS",52.135908,-3.52902
"LD4 4AT",52.134818,-3.528471
"LD4 4AU",52.138364,-3.523346
"LD4 4AW",52.140985,-3.548498
"LD4 4AY",52.139023,-3.510539
"LD4 4BA",52.143374,-3.49369
"LD4 4BB",52.146127,-3.494981
"LD4 4BD",52.154348,-3.493312
"LD4 4BG",52.152025,-3.516124
"LD4 4BH",52.130915,-3.525708
"LD4 4BL",52.126918,-3.512175
"LD4 4BN",52.124036,-3.522346
"LD4 4BS",52.115034,-3.54253
"LD4 4BT",52.111129,-3.557101
"LD4 4BU",52.120151,-3.532775
"LD4 4BW",52.116112,-3.554909
"LD4 4BY",52.113886,-3.558658
"LD4 4DA",52.124275,-3.575995
"LD4 4DB",52.12147,-3.588677
"LD4 4DD",52.114034,-3.578642
"LD4 4DE",52.109897,-3.590763
"LD4 4DF",52.116206,-3.600291
"LD4 4DG",52.109587,-3.560844
"LD4 4DH",52.107116,-3.583596
"LD4 4DJ",52.123236,-3.59635
"LD4 4DL",52.098075,-3.60062
"LD4 4DN",52.097516,-3.604045
"LD4 4DP",52.090444,-3.616841
"LD4 4DR",52.058693,-3.637166
"LD4 4DS",52.059478,-3.637647
"LD4 4DU",52.071139,-3.609651
"LD4 4DW",52.082676,-3.59572
"LD4 4EA",52.112129,-3.555559
"LD4 4EB",52.112811,-3.554998
"LD4 4ED",52.083479,-3.600141
"LD4 4EE",52.11412,-3.55595
"LD4 4EF",52.112687,-3.555549
"LD4 4EG",52.112381,-3.555568
"LD4 4EH",52.112161,-3.555896
"LD4 4EL",52.112583,-3.55112
"LD4 4EN",52.10813,-3.553346
"LD4 4EP",52.109971,-3.563705
"LD4 4ER",52.102311,-3.569117
"LD4 4ES",52.095945,-3.583186
"LD4 4EW",52.11007,-3.558977
"LD5 4AB",52.135189,-3.627068
"LD5 4AD",52.116061,-3.665236
"LD5 4AF",52.103404,-3.611995
"LD5 4AG",52.114779,-3.630253
"LD5 4AH",52.106508,-3.634741
"LD5 4RA",52.107624,-3.639805
"LD5 4RB",52.107611,-3.638169
"LD5 4RD",52.107994,-3.63846
"LD5 4RE",52.107609,-3.637687
"LD5 4RF",52.108215,-3.636745
"LD5 4RG",52.107957,-3.635305
"LD5 4RH",52.107151,-3.637626
"LD5 4RJ",52.106964,-3.632961
"LD5 4RL",52.106953,-3.635735
"LD5 4RN",52.106071,-3.635791
"LD5 4RP",52.105059,-3.631607
"LD5 4RQ",52.107121,-3.634573
"LD5 4RR",52.102184,-3.621675
"LD5 4RS",52.105879,-3.626905
"LD5 4RT",52.108293,-3.633769
"LD5 4RU",52.107206,-3.635628
"LD5 4RW",52.106333,-3.636968
"LD5 4RX",52.108789,-3.63167
"LD5 4SA",52.109606,-3.633744
"LD5 4SB",52.123389,-3.624052
"LD5 4SD",52.114909,-3.629951
"LD5 4SE",52.115485,-3.629285
"LD5 4SF",52.130908,-3.616684
"LD5 4SG",52.136449,-3.616491
"LD5 4SL",52.12128,-3.637399
"LD5 4SN",52.109843,-3.643858
"LD5 4SP",52.106936,-3.638889
"LD5 4SR",52.106585,-3.63889
"LD5 4SS",52.106935,-3.63956
"LD5 4ST",52.106288,-3.639566
"LD5 4SU",52.106495,-3.641457
"LD5 4SY",52.109105,-3.654155
"LD5 4TA",52.103993,-3.642271
"LD5 4TB",52.101686,-3.638112
"LD5 4TD",52.094676,-3.634658
"LD5 4TE",52.091721,-3.66211
"LD5 4TH",52.109835,-3.649582
"LD5 4TL",52.118835,-3.65602
"LD5 4TN",52.13871,-3.669105
"LD5 4TP",52.164011,-3.668502
"LD5 4TR",52.186256,-3.704312
"LD5 4TS",52.176192,-3.636593
"LD5 4TT",52.159839,-3.603713
"LD5 4TW",52.152062,-3.683023
"LD5 4TY",52.155281,-3.592424
"LD5 4UA",52.15007,-3.588803
"LD5 4UB",52.149993,-3.5818
"LD5 4UD",52.152784,-3.574137
"LD5 4UE",52.162085,-3.574538
"LD5 4UF",52.139012,-3.574601
"LD5 4UG",52.132972,-3.595851
"LD5 4UH",52.141063,-3.594635
"LD5 4UL",52.143948,-3.617113
"LD5 4UN",52.136771,-3.610029
"LD5 4UP",52.148234,-3.5782
"LD5 4UR",52.148886,-3.577185
"LD5 4UT",52.148716,-3.577092
"LD5 4UU",52.149409,-3.579104
"LD5 4UY",52.1494,-3.580448
"LD5 4YA",52.149435,-3.582496
"LD5 4YB",52.148609,-3.583051
"LD5 4YD",52.149567,-3.575309
"LD5 4YE",52.153506,-3.57729
"LD5 4YF",52.15595,-3.584817
"LD5 4YG",52.168383,-3.589602
"LD6 5AB",52.300116,-3.511353
"LD6 5AD",52.299983,-3.511158
"LD6 5AF",52.299789,-3.511562
"LD6 5AG",52.299565,-3.513607
"LD6 5AH",52.299318,-3.513261
"LD6 5AL",52.2991,-3.513401
"LD6 5AN",52.298736,-3.51377
"LD6 5AP",52.29905,-3.515217
"LD6 5AR",52.298296,-3.515133
"LD6 5AS",52.297728,-3.516653
"LD6 5AT",52.300246,-3.513132
"LD6 5AU",52.300573,-3.512879
"LD6 5AW",52.299504,-3.515556
"LD6 5AY",52.301392,-3.512775
"LD6 5BA",52.300815,-3.513635
"LD6 5BB",52.302222,-3.512569
"LD6 5BD",52.302417,-3.51281
"LD6 5BE",52.30267,-3.512701
"LD6 5BG",52.302911,-3.512167
"LD6 5BH",52.29873,-3.507933
"LD6 5BL",52.297234,-3.499743
"LD6 5BN",52.299549,-3.507139
"LD6 5BP",52.299046,-3.51205
"LD6 5BT",52.300783,-3.511214
"LD6 5BU",52.301171,-3.511095
"LD6 5BW",52.299942,-3.515761
"LD6 5BY",52.300882,-3.511922
"LD6 5DA",52.302567,-3.510219
"LD6 5DB",52.303677,-3.506355
"LD6 5DD",52.302365,-3.511928
"LD6 5DE",52.303018,-3.51151
"LD6 5DF",52.302923,-3.509776
"LD6 5DG",52.303451,-3.510014
"LD6 5DH",52.304539,-3.505739
"LD6 5DJ",52.303369,-3.51076
"LD6 5DL",52.30078,-3.509997
"LD6 5DN",52.301012,-3.509433
"LD6 5DP",52.301814,-3.508595
"LD6 5DR",52.302118,-3.506654
"LD6 5DS",52.30113,-3.508674
"LD6 5DW",52.302456,-3.509013
"LD6 5DY",52.303165,-3.502818
"LD6 5DZ",52.304276,-3.500304
"LD6 5EA",52.301475,-3.507747
"LD6 5EB",52.300901,-3.50827
"LD6 5ED",52.301021,-3.508084
"LD6 5EE",52.300475,-3.508608
"LD6 5EF",52.303446,-3.504001
"LD6 5EG",52.303923,-3.503958
"LD6 5EH",52.302954,-3.505964
"LD6 5EL",52.302687,-3.507862
"LD6 5EN",52.301734,-3.501479
"LD6 5EP",52.304958,-3.504609
"LD6 5ER",52.302185,-3.504941
"LD6 5ES",52.302329,-3.507703
"LD6 5EU",52.29916,-3.519298
"LD6 5EW",52.302468,-3.502486
"LD6 5EY",52.303242,-3.533885
"LD6 5HA",52.317794,-3.539728
"LD6 5HB",52.29537,-3.542528
"LD6 5HD",52.290405,-3.54954
"LD6 5HE",52.26664,-3.608092
"LD6 5HF",52.253553,-3.638531
"LD6 5HG",52.294525,-3.515444
"LD6 5HH",52.293389,-3.526814
"LD6 5HL",52.286763,-3.546862
"LD6 5HN",52.280112,-3.558285
"LD6 5HP",52.271923,-3.565589
"LD6 5HR",52.267414,-3.566632
"LD6 5HS",52.316564,-3.632026
"LD6 5HT",52.309674,-3.541896
"LD6 5HW",52.276179,-3.563306
"LD6 5HY",52.277377,-3.56115
"LD6 5LA",52.303855,-3.513519
"LD6 5LB",52.305757,-3.515227
"LD6 5LD",52.318517,-3.533943
"LD6 5LE",52.339561,-3.55007
"LD6 5LF",52.339045,-3.52272
"LD6 5LG",52.344608,-3.493301
"LD6 5LH",52.345751,-3.48895
"LD6 5LJ",52.351586,-3.495386
"LD6 5LL",52.359906,-3.493685
"LD6 5LN",52.362469,-3.49358
"LD6 5LP",52.389461,-3.51962
"LD6 5LQ",52.341126,-3.482806
"LD6 5LR",52.370503,-3.523464
"LD6 5LS",52.304159,-3.508748
"LD6 5LT",52.315072,-3.50752
"LD6 5LU",52.341433,-3.484108
"LD6 5LW",52.366855,-3.495858
"LD6 5LY",52.359048,-3.476827
"LD6 5LZ",52.344129,-3.488543
"LD6 5NA",52.366195,-3.480473
"LD6 5NB",52.379607,-3.448746
"LD6 5ND",52.362736,-3.431378
"LD6 5NE",52.360374,-3.42368
"LD6 5NF",52.374686,-3.421555
"LD6 5NG",52.343871,-3.46603
"LD6 5NH",52.320312,-3.456081
"LD6 5NL",52.313659,-3.453853
"LD6 5NN",52.30335,-3.50872
"LD6 5NP",52.305798,-3.507175
"LD6 5NR",52.309327,-3.50464
"LD6 5NS",52.316422,-3.486131
"LD6 5NT",52.311113,-3.473573
"LD6 5NU",52.302874,-3.491691
"LD6 5NY",52.302248,-3.477869
"LD6 5PA",52.304838,-3.484247
"LD6 5PB",52.300303,-3.467274
"LD6 5PD",52.292411,-3.464975
"LD6 5PE",52.300653,-3.430695
"LD6 5PL",52.304041,-3.512381
"LD6 5PN",52.305155,-3.507462
"LD6 5PP",52.304688,-3.51101
"LD6 5PW",52.305172,-3.510425
"LD6 5WL",52.301186,-3.5085
"LD7 1AA",52.344386,-3.048506
"LD7 1AD",52.3449,-3.048342
"LD7 1AE",52.344118,-3.04828
"LD7 1AF",52.344096,-3.049718
"LD7 1AG",52.345019,-3.049109
"LD7 1AJ",52.34627,-3.04789
"LD7 1AL",52.346011,-3.04875
"LD7 1AN",52.345942,-3.048426
"LD7 1AP",52.346195,-3.048212
"LD7 1AQ",52.344498,-3.049008
"LD7 1AR",52.346274,-3.048434
"LD7 1AS",52.346272,-3.048757
"LD7 1AT",52.344232,-3.050661
"LD7 1AU",52.344227,-3.050235
"LD7 1AW",52.346015,-3.048281
"LD7 1BA",52.343861,-3.051944
"LD7 1BB",52.344411,-3.051737
"LD7 1BD",52.345602,-3.049269
"LD7 1BE",52.345972,-3.047061
"LD7 1BG",52.343387,-3.047587
"LD7 1BL",52.344068,-3.04891
"LD7 1BS",52.344403,-3.049623
"LD7 1BT",52.343132,-3.047904
"LD7 1DB",52.342307,-3.047709
"LD7 1DE",52.341588,-3.052785
"LD7 1DF",52.342012,-3.049537
"LD7 1DG",52.341619,-3.048221
"LD7 1DH",52.342754,-3.048982
"LD7 1DJ",52.342624,-3.046395
"LD7 1DL",52.34187,-3.051412
"LD7 1DN",52.342634,-3.051357
"LD7 1DP",52.343708,-3.047874
"LD7 1DQ",52.341492,-3.054383
"LD7 1DR",52.343853,-3.046703
"LD7 1DS",52.343866,-3.046278
"LD7 1DT",52.344498,-3.044957
"LD7 1DW",52.343102,-3.049342
"LD7 1EB",52.345009,-3.047141
"LD7 1ED",52.344836,-3.046447
"LD7 1EE",52.34613,-3.046448
"LD7 1EF",52.34024,-3.056716
"LD7 1EG",52.339068,-3.05911
"LD7 1EH",52.343409,-3.056234
"LD7 1EN",52.345272,-3.050994
"LD7 1EP",52.346141,-3.053378
"LD7 1ER",52.344658,-3.054282
"LD7 1ES",52.345205,-3.053444
"LD7 1ET",52.345177,-3.051491
"LD7 1EU",52.34484,-3.051996
"LD7 1EW",52.346509,-3.050406
"LD7 1EY",52.344545,-3.05287
"LD7 1HA",52.344033,-3.052829
"LD7 1HB",52.342955,-3.056737
"LD7 1HD",52.34351,-3.055018
"LD7 1HE",52.342156,-3.056542
"LD7 1HF",52.34323,-3.05209
"LD7 1HG",52.343507,-3.050247
"LD7 1HH",52.343094,-3.058296
"LD7 1HJ",52.341996,-3.0391
"LD7 1HL",52.34312,-3.051295
"LD7 1HN",52.344898,-3.056563
"LD7 1HP",52.341238,-3.043529
"LD7 1HQ",52.341862,-3.055302
"LD7 1HS",52.342277,-3.037902
"LD7 1HT",52.343016,-3.036657
"LD7 1HU",52.342257,-3.047311
"LD7 1HW",52.341165,-3.038625
"LD7 1HX",52.340649,-3.044073
"LD7 1HY",52.339033,-3.043859
"LD7 1HZ",52.335467,-3.04037
"LD7 1LA",52.340291,-3.038781
"LD7 1LB",52.340883,-3.039954
"LD7 1LD",52.338042,-3.038992
"LD7 1LE",52.338498,-3.040265
"LD7 1LF",52.339509,-3.041845
"LD7 1LG",52.343991,-3.057525
"LD7 1LJ",52.338348,-3.041994
"LD7 1LN",52.325826,-3.047906
"LD7 1LP",52.34357,-3.032971
"LD7 1LR",52.3463,-3.010398
"LD7 1LS",52.341143,-3.012144
"LD7 1LT",52.344911,-3.000325
"LD7 1LU",52.346774,-2.962272
"LD7 1LW",52.332282,-3.027337
"LD7 1LY",52.326539,-2.994481
"LD7 1NA",52.336217,-2.965785
"LD7 1NG",52.329083,-3.064697
"LD7 1NH",52.318689,-3.056775
"LD7 1NJ",52.298261,-3.067888
"LD7 1NL",52.307855,-3.064833
"LD7 1NN",52.298153,-3.068926
"LD7 1NP",52.30306,-3.079018
"LD7 1NQ",52.297762,-3.069416
"LD7 1NR",52.305471,-3.106019
"LD7 1NS",52.310025,-3.118953
"LD7 1NT",52.308715,-3.119609
"LD7 1NU",52.30507,-3.121922
"LD7 1NW",52.296006,-3.074696
"LD7 1NY",52.304158,-3.142946
"LD7 1PA",52.306853,-3.168874
"LD7 1PB",52.296143,-3.180807
"LD7 1PD",52.316424,-3.065699
"LD7 1PE",52.323764,-3.079198
"LD7 1PF",52.361598,-3.10231
"LD7 1PG",52.342744,-3.076094
"LD7 1PH",52.354399,-3.081677
"LD7 1PL",52.358037,-3.101472
"LD7 1PN",52.360965,-3.098931
"LD7 1PP",52.361837,-3.100833
"LD7 1PR",52.361848,-3.102492
"LD7 1PS",52.362377,-3.105531
"LD7 1PT",52.360289,-3.104833
"LD7 1PU",52.357876,-3.123348
"LD7 1PW",52.361348,-3.09828
"LD7 1PY",52.362679,-3.118432
"LD7 1PZ",52.360698,-3.095694
"LD7 1RA",52.360359,-3.138228
"LD7 1RB",52.368191,-3.109774
"LD7 1RD",52.373687,-3.108487
"LD7 1RE",52.369733,-3.114013
"LD7 1RF",52.374834,-3.108883
"LD7 1RG",52.375688,-3.110755
"LD7 1RH",52.380328,-3.171181
"LD7 1RL",52.388674,-3.160058
"LD7 1RN",52.381964,-3.140033
"LD7 1RP",52.375671,-3.12687
"LD7 1RR",52.36039,-3.096876
"LD7 1RS",52.34345,-3.05258
"LD7 1RT",52.342148,-3.055441
"LD7 1RW",52.38085,-3.132423
"LD7 1RY",52.343002,-3.055446
"LD7 1SA",52.343006,-3.060041
"LD7 1SB",52.342276,-3.059275
"LD7 1SD",52.337346,-3.064661
"LD7 1SE",52.329002,-3.074571
"LD7 1SF",52.326863,-3.10284
"LD7 1SG",52.321692,-3.117266
"LD7 1SH",52.314676,-3.119554
"LD7 1SL",52.325713,-3.140625
"LD7 1SN",52.332698,-3.153676
"LD7 1SP",52.334927,-3.160133
"LD7 1SR",52.332827,-3.165244
"LD7 1SS",52.33579,-3.157411
"LD7 1ST",52.340202,-3.160374
"LD7 1SU",52.341203,-3.182712
"LD7 1SW",52.33432,-3.157871
"LD7 1SY",52.355175,-3.164584
"LD7 1TA",52.345097,-3.153573
"LD7 1TB",52.347258,-3.133663
"LD7 1TD",52.337791,-3.134669
"LD7 1TE",52.348779,-3.113648
"LD7 1UG",52.410119,-3.222161
"LD7 1UH",52.401879,-3.200694
"LD7 1UP",52.346407,-3.057759
"LD7 1UR",52.350721,-3.07087
"LD7 1UT",52.353045,-3.071367
"LD7 1UU",52.361336,-3.093801
"LD7 1UY",52.376762,-3.120786
"LD7 1YA",52.386414,-3.148346
"LD7 1YB",52.392117,-3.161867
"LD7 1YD",52.402748,-3.174215
"LD7 1YE",52.40922,-3.184236
"LD7 1YF",52.409315,-3.186371
"LD7 1YG",52.411092,-3.187624
"LD7 1YH",52.414385,-3.206047
"LD7 1YL",52.42006,-3.219878
"LD7 1YN",52.421631,-3.221803
"LD7 1YP",52.423756,-3.224112
"LD7 1YR",52.408702,-3.249349
"LD7 1YT",52.438069,-3.260919
"LD7 1YW",52.422412,-3.222751
"LD7 9AF",52.241656,-3.378457
"LD7 9AP",52.241656,-3.378457
"LD7 9AQ",52.241656,-3.378457
"LD8 2AA",52.273674,-3.006268
"LD8 2AB",52.274493,-3.00507
"LD8 2AD",52.273652,-3.005696
"LD8 2AE",52.274092,-3.004709
"LD8 2AF",52.274448,-3.003999
"LD8 2AG",52.274898,-3.002896
"LD8 2AH",52.273714,-3.004686
"LD8 2AJ",52.267827,-2.998164
"LD8 2AN",52.273443,-3.004871
"LD8 2AP",52.272801,-3.00534
"LD8 2AQ",52.274372,-3.003485
"LD8 2AR",52.272209,-3.004095
"LD8 2AS",52.271749,-3.003147
"LD8 2AT",52.272169,-3.004505
"LD8 2AU",52.272661,-3.005879
"LD8 2AW",52.27294,-3.00587
"LD8 2AX",52.277426,-3.015309
"LD8 2AY",52.270201,-3.00024
"LD8 2AZ",52.236664,-3.149455
"LD8 2BA",52.274008,-3.007155
"LD8 2BB",52.2752,-3.008648
"LD8 2BD",52.273264,-3.006918
"LD8 2BE",52.273889,-3.007387
"LD8 2BG",52.275763,-3.010068
"LD8 2BH",52.275416,-3.009664
"LD8 2BL",52.275748,-3.010815
"LD8 2BP",52.274952,-3.007133
"LD8 2BS",52.275147,-3.005305
"LD8 2BT",52.275155,-3.00551
"LD8 2BU",52.275281,-3.005425
"LD8 2BW",52.276359,-3.012954
"LD8 2BY",52.275736,-3.006974
"LD8 2DA",52.275895,-3.008297
"LD8 2DB",52.2756,-3.008129
"LD8 2DD",52.274861,-3.009358
"LD8 2DE",52.270812,-3.003448
"LD8 2DG",52.271851,-3.000643
"LD8 2DH",52.27588,-3.015347
"LD8 2DL",52.27179,-3.0058
"LD8 2DN",52.271518,-3.004959
"LD8 2DP",52.273271,-3.008194
"LD8 2DR",52.273149,-3.006696
"LD8 2DS",52.272456,-3.007838
"LD8 2DT",52.273015,-3.007572
"LD8 2DU",52.271419,-3.007082
"LD8 2DW",52.270978,-3.003994
"LD8 2DX",52.29846,-3.026172
"LD8 2DY",52.273674,-3.009419
"LD8 2EA",52.273361,-3.010233
"LD8 2EB",52.27364,-3.010166
"LD8 2ED",52.285268,-3.046025
"LD8 2EE",52.283539,-3.05135
"LD8 2EF",52.290109,-3.030231
"LD8 2EG",52.293221,-3.036227
"LD8 2EH",52.295362,-3.021658
"LD8 2EL",52.296818,-3.021633
"LD8 2EN",52.298668,-3.024036
"LD8 2EP",52.307376,-3.039887
"LD8 2EQ",52.296163,-3.022527
"LD8 2ER",52.313008,-3.032201
"LD8 2ES",52.277221,-3.010892
"LD8 2ET",52.280606,-3.014649
"LD8 2EU",52.287773,-3.013405
"LD8 2EW",52.304739,-3.02576
"LD8 2EY",52.299261,-3.020882
"LD8 2HA",52.312117,-3.015721
"LD8 2HB",52.302646,-3.008949
"LD8 2HD",52.290895,-3.00572
"LD8 2HE",52.274611,-3.005952
"LD8 2HF",52.271055,-3.001299
"LD8 2HG",52.267157,-2.978337
"LD8 2LA",52.268369,-3.003129
"LD8 2LB",52.270459,-2.997329
"LD8 2LD",52.26572,-2.996402
"LD8 2LF",52.26877,-2.997218
"LD8 2NE",52.270643,-3.010625
"LD8 2NF",52.282883,-3.031984
"LD8 2NG",52.264123,-3.015987
"LD8 2NH",52.268383,-3.020319
"LD8 2NJ",52.271724,-3.010313
"LD8 2NL",52.275218,-3.03355
"LD8 2NN",52.269291,-3.061124
"LD8 2NP",52.278954,-3.04422
"LD8 2NQ",52.281768,-3.033057
"LD8 2NR",52.279337,-3.069749
"LD8 2NS",52.282697,-3.074022
"LD8 2NT",52.288421,-3.116033
"LD8 2NU",52.238745,-3.090241
"LD8 2NW",52.276369,-3.061894
"LD8 2NX",52.299532,-3.024907
"LD8 2NY",52.270279,-3.013138
"LD8 2PA",52.261481,-3.082682
"LD8 2PB",52.270827,-3.078191
"LD8 2PD",52.265943,-3.101811
"LD8 2PE",52.259723,-3.108353
"LD8 2PF",52.269223,-3.117236
"LD8 2PG",52.261233,-3.116933
"LD8 2PH",52.228724,-3.087902
"LD8 2PL",52.223534,-3.089108
"LD8 2PN",52.220192,-3.095686
"LD8 2PP",52.210671,-3.107204
"LD8 2PT",52.237927,-3.076558
"LD8 2PU",52.232877,-3.078193
"LD8 2PW",52.217275,-3.098981
"LD8 2PY",52.231358,-3.090939
"LD8 2RA",52.240006,-3.105518
"LD8 2RB",52.232914,-3.105313
"LD8 2RD",52.238238,-3.127939
"LD8 2RE",52.227636,-3.126279
"LD8 2RF",52.230713,-3.091626
"LD8 2RG",52.226588,-3.097235
"LD8 2RH",52.224827,-3.100925
"LD8 2RJ",52.272231,-3.002572
"LD8 2RL",52.223093,-3.099842
"LD8 2RN",52.215827,-3.104815
"LD8 2RP",52.212753,-3.144374
"LD8 2RR",52.209124,-3.11681
"LD8 2RS",52.293117,-3.021313
"LD8 2RT",52.2708,-3.002759
"LD8 2RU",52.271558,-2.99813
"LD8 2RW",52.217617,-3.11616
"LD8 2RY",52.256688,-3.081715
"LD8 2SA",52.25427,-3.079693
"LD8 2SB",52.254008,-3.080815
"LD8 2SD",52.254637,-3.081914
"LD8 2SE",52.263396,-3.075768
"LD8 2SF",52.254962,-3.077806
"LD8 2SG",52.260903,-3.0611
"LD8 2SH",52.247969,-3.056763
"LD8 2SJ",52.25525,-3.080757
"LD8 2SL",52.240746,-3.155902
"LD8 2SN",52.240629,-3.154039
"LD8 2SP",52.239757,-3.154075
"LD8 2SQ",52.255374,-3.079911
"LD8 2SR",52.239621,-3.155112
"LD8 2SS",52.239017,-3.150688
"LD8 2ST",52.240031,-3.151798
"LD8 2SU",52.241222,-3.153147
"LD8 2SW",52.239993,-3.154755
"LD8 2SX",52.239301,-3.157446
"LD8 2SY",52.24011,-3.152927
"LD8 2SZ",52.25555,-3.079402
"LD8 2TA",52.241734,-3.15231
"LD8 2TB",52.240908,-3.160403
"LD8 2TD",52.240569,-3.155634
"LD8 2TE",52.239853,-3.157109
"LD8 2TF",52.24013,-3.155403
"LD8 2TG",52.254167,-3.131097
"LD8 2TH",52.253357,-3.136717
"LD8 2TL",52.244191,-3.158467
"LD8 2TN",52.221423,-3.185045
"LD8 2TP",52.21756,-3.221742
"LD8 2TR",52.211404,-3.208459
"LD8 2TU",52.241275,-3.151478
"LD8 2TW",52.220966,-3.21497
"LD8 2UA",52.287385,-3.020814
"LD8 2UB",52.294294,-3.02241
"LD8 2UF",52.270283,-3.007422
"LD8 2UG",52.272226,-3.006309
"LD8 2UH",52.268985,-3.005781
"LD8 2UN",52.219433,-3.100001
"LD8 2WA",52.241656,-3.378457
"LD8 2WF",52.241656,-3.378457
"LD8 2YT",52.269866,-3.001551
