"WC1A1AB",51.516386,-0.125165
"WC1A1AD",51.517341,-0.124203
"WC1A1AP",51.517361,-0.125413
"WC1A1AW",51.516987,-0.127331
"WC1A1BA",51.517017,-0.123611
"WC1A1BH",51.51698,-0.125213
"WC1A1BL",51.516855,-0.126429
"WC1A1BN",51.516954,-0.125286
"WC1A1BS",51.516677,-0.127099
"WC1A1DB",51.516293,-0.129493
"WC1A1DE",51.516638,-0.127461
"WC1A1DG",51.516601,-0.127981
"WC1A1EP",51.517312,-0.125732
"WC1A1ES",51.517167,-0.126214
"WC1A1EU",51.516987,-0.127331
"WC1A1HB",51.51692,-0.128242
"WC1A1HD",51.516729,-0.129201
"WC1A1HH",51.516695,-0.129361
"WC1A1HL",51.516632,-0.129911
"WC1A1HP",51.516849,-0.129441
"WC1A1HU",51.51725,-0.126369
"WC1A1JB",51.517194,-0.127899
"WC1A1JD",51.517717,-0.126898
"WC1A1JH",51.516719,-0.125786
"WC1A1JJ",51.516786,-0.12548
"WC1A1JL",51.517599,-0.125677
"WC1A1JN",51.517361,-0.125413
"WC1A1JR",51.516395,-0.125165
"WC1A1JS",51.516878,-0.125044
"WC1A1JT",51.517599,-0.125677
"WC1A1JU",51.51759,-0.125678
"WC1A1LG",51.51791,-0.126039
"WC1A1LH",51.517919,-0.126039
"WC1A1LP",51.518013,-0.125704
"WC1A1LQ",51.518113,-0.125786
"WC1A1LT",51.517929,-0.125534
"WC1A1LU",51.517929,-0.125549
"WC1A1LY",51.517654,-0.125199
"WC1A1NH",51.517339,-0.126308
"WC1A1NJ",51.51753,-0.126415
"WC1A1NL",51.517657,-0.12654
"WC1A1NN",51.51774,-0.126666
"WC1A1NP",51.517763,-0.126377
"WC1A1NS",51.517643,-0.126223
"WC1A1NT",51.517251,-0.125865
"WC1A1NU",51.517173,-0.123216
"WC1A1PB",51.516582,-0.124523
"WC1A1YT",51.524565,-0.112042
"WC1A2AE",51.518775,-0.124462
"WC1A2AH",51.517656,-0.122533
"WC1A2AJ",51.517845,-0.121977
"WC1A2AL",51.517607,-0.121699
"WC1A2BP",51.518064,-0.122141
"WC1A2DA",51.518192,-0.121704
"WC1A2DB",51.518065,-0.121637
"WC1A2EA",51.517845,-0.121386
"WC1A2EB",51.519206,-0.122152
"WC1A2ED",51.517907,-0.122465
"WC1A2EP",51.518681,-0.121381
"WC1A2HH",51.517686,-0.126049
"WC1A2HL",51.518247,-0.124627
"WC1A2HN",51.517998,-0.125358
"WC1A2HR",51.517486,-0.125927
"WC1A2HS",51.518083,-0.125009
"WC1A2JA",51.518092,-0.124475
"WC1A2JB",51.518371,-0.124478
"WC1A2JD",51.518181,-0.124976
"WC1A2JH",51.518538,-0.124832
"WC1A2JL",51.518557,-0.124312
"WC1A2JR",51.518562,-0.124081
"WC1A2JS",51.518072,-0.123784
"WC1A2JU",51.518234,-0.123821
"WC1A2JX",51.518353,-0.123946
"WC1A2LA",51.517924,-0.124064
"WC1A2LD",51.517962,-0.124236
"WC1A2LH",51.518045,-0.124319
"WC1A2LP",51.518561,-0.123447
"WC1A2LS",51.518829,-0.123854
"WC1A2NJ",51.518903,-0.123995
"WC1A2NS",51.519455,-0.12367
"WC1A2PJ",51.519715,-0.123082
"WC1A2QA",51.519845,-0.122774
"WC1A2QD",51.518697,-0.121236
"WC1A2QH",51.518375,-0.121336
"WC1A2QL",51.519888,-0.122657
"WC1A2QN",51.519802,-0.122891
"WC1A2QP",51.519985,-0.12248
"WC1A2QR",51.518375,-0.12135
"WC1A2QS",51.518375,-0.121336
"WC1A2RA",51.518438,-0.12191
"WC1A2RJ",51.5186,-0.123056
"WC1A2RL",51.518133,-0.122528
"WC1A2RN",51.518195,-0.122453
"WC1A2RP",51.518036,-0.122661
"WC1A2SA",51.517836,-0.124212
"WC1A2SD",51.517958,-0.124553
"WC1A2SE",51.517491,-0.125149
"WC1A2SL",51.517425,-0.124387
"WC1A2SN",51.517999,-0.123715
"WC1A2TA",51.518206,-0.123159
"WC1A2TH",51.517704,-0.123266
"WC1A9AE",51.524565,-0.112042
"WC1A9AL",51.524565,-0.112042
"WC1A9AN",51.524565,-0.112042
"WC1A9BE",51.524565,-0.112042
"WC1A9BF",51.524565,-0.112042
"WC1A9FB",51.524565,-0.112042
"WC1A9FD",51.524565,-0.112042
"WC1A9GE",51.524565,-0.112042
"WC1A9GL",51.524565,-0.112042
"WC1A9HJ",51.524565,-0.112042
"WC1A9HN",51.524565,-0.112042
"WC1A9HU",51.524565,-0.112042
"WC1A9HZ",51.524565,-0.112042
"WC1A9JA",51.524565,-0.112042
"WC1A9JE",51.524565,-0.112042
"WC1A9JH",51.524565,-0.112042
"WC1A9LA",51.524565,-0.112042
"WC1A9LB",51.524565,-0.112042
"WC1A9LR",51.524565,-0.112042
"WC1A9LZ",51.524565,-0.112042
"WC1A9NE",51.524565,-0.112042
"WC1A9NL",51.524565,-0.112042
"WC1A9NN",51.524565,-0.112042
"WC1A9NR",51.524565,-0.112042
"WC1A9NT",51.524565,-0.112042
"WC1A9NU",51.524565,-0.112042
"WC1A9NX",51.524565,-0.112042
"WC1A9NY",51.524565,-0.112042
"WC1A9NZ",51.524565,-0.112042
"WC1A9PA",51.524565,-0.112042
"WC1A9PE",51.524565,-0.112042
"WC1A9PG",51.524565,-0.112042
"WC1A9PU",51.524565,-0.112042
"WC1A9QA",51.524565,-0.112042
"WC1A9QD",51.524565,-0.112042
"WC1A9QE",51.524565,-0.112042
"WC1A9QJ",51.524565,-0.112042
"WC1A9QL",51.524565,-0.112042
"WC1A9QN",51.524565,-0.112042
"WC1A9QP",51.524565,-0.112042
"WC1A9QQ",51.524565,-0.112042
"WC1A9QR",51.524565,-0.112042
"WC1A9QS",51.524565,-0.112042
"WC1A9QT",51.524565,-0.112042
"WC1A9QU",51.524565,-0.112042
"WC1A9QW",51.524565,-0.112042
"WC1B3AA",51.518137,-0.12897
"WC1B3AD",51.517902,-0.128908
"WC1B3AE",51.517872,-0.129298
"WC1B3AG",51.517761,-0.129634
"WC1B3AH",51.517972,-0.130476
"WC1B3AJ",51.517672,-0.129725
"WC1B3AN",51.51795,-0.130809
"WC1B3AR",51.518405,-0.131655
"WC1B3AS",51.518106,-0.129822
"WC1B3AT",51.51853,-0.129358
"WC1B3AU",51.517657,-0.130994
"WC1B3AX",51.518304,-0.129324
"WC1B3AZ",51.518627,-0.131516
"WC1B3BA",51.518186,-0.125826
"WC1B3BD",51.518268,-0.125376
"WC1B3BE",51.518426,-0.125125
"WC1B3BF",51.518538,-0.124832
"WC1B3BG",51.518538,-0.124832
"WC1B3BJ",51.518538,-0.124832
"WC1B3BL",51.518637,-0.124784
"WC1B3BN",51.518792,-0.124374
"WC1B3BP",51.518915,-0.124196
"WC1B3BQ",51.517189,-0.129845
"WC1B3BS",51.516934,-0.130245
"WC1B3DA",51.519222,-0.124285
"WC1B3DD",51.51897,-0.1265
"WC1B3DE",51.51897,-0.1265
"WC1B3DG",51.519362,-0.126873
"WC1B3DN",51.518295,-0.129872
"WC1B3DP",51.518573,-0.12927
"WC1B3DR",51.51853,-0.129358
"WC1B3DY",51.524565,-0.112042
"WC1B3ED",51.518723,-0.13131
"WC1B3EE",51.518668,-0.13124
"WC1B3EG",51.518082,-0.13063
"WC1B3EL",51.518155,-0.130642
"WC1B3ES",51.518218,-0.130697
"WC1B3GH",51.517618,-0.13026
"WC1B3HA",51.518605,-0.131805
"WC1B3HB",51.518989,-0.131631
"WC1B3HD",51.518868,-0.131939
"WC1B3HE",51.519058,-0.131498
"WC1B3HF",51.518165,-0.128479
"WC1B3HH",51.519284,-0.13097
"WC1B3HN",51.519206,-0.131146
"WC1B3HP",51.519128,-0.131351
"WC1B3HX",51.5182,-0.130078
"WC1B3JA",51.519614,-0.130236
"WC1B3JL",51.517971,-0.126484
"WC1B3JQ",51.517776,-0.128351
"WC1B3JS",51.518735,-0.131512
"WC1B3JY",51.524565,-0.112042
"WC1B3LA",51.517634,-0.129005
"WC1B3LB",51.518015,-0.128096
"WC1B3LD",51.517552,-0.129484
"WC1B3LE",51.517776,-0.128351
"WC1B3LH",51.517727,-0.128613
"WC1B3LN",51.517275,-0.128472
"WC1B3LQ",51.517275,-0.128472
"WC1B3LS",51.517275,-0.128472
"WC1B3LW",51.524565,-0.112042
"WC1B3NA",51.517576,-0.129325
"WC1B3NB",51.517583,-0.129209
"WC1B3ND",51.517072,-0.130427
"WC1B3NG",51.517275,-0.128472
"WC1B3NH",51.517205,-0.129715
"WC1B3NN",51.517167,-0.129053
"WC1B3NP",51.517287,-0.130403
"WC1B3NQ",51.517287,-0.130403
"WC1B3NZ",51.517799,-0.126981
"WC1B3PA",51.518041,-0.126365
"WC1B3PB",51.518058,-0.126307
"WC1B3PD",51.517909,-0.126544
"WC1B3PE",51.517851,-0.12682
"WC1B3PH",51.517816,-0.126908
"WC1B3PL",51.517851,-0.126806
"WC1B3PP",51.517668,-0.127188
"WC1B3PR",51.524565,-0.112042
"WC1B3PS",51.518006,-0.12752
"WC1B3QA",51.517587,-0.127191
"WC1B3QB",51.517742,-0.127315
"WC1B3QD",51.517387,-0.127617
"WC1B3QE",51.517105,-0.127398
"WC1B3QJ",51.518245,-0.127842
"WC1B3QQ",51.520721,-0.126947
"WC1B3QT",51.518766,-0.128354
"WC1B3QU",51.518966,-0.128547
"WC1B3RA",51.519479,-0.129088
"WC1B3RB",51.519058,-0.128644
"WC1B3RD",51.51925,-0.128838
"WC1B3RE",51.519598,-0.129256
"WC1B3RF",51.51989,-0.129475
"WC1B3RY",51.517618,-0.129107
"WC1B3SR",51.517205,-0.126904
"WC1B3UB",51.517275,-0.128472
"WC1B3WE",51.524565,-0.112042
"WC1B3WZ",51.524565,-0.112042
"WC1B4AA",51.517988,-0.120199
"WC1B4AD",51.519206,-0.122152
"WC1B4AE",51.518277,-0.120316
"WC1B4AF",51.518712,-0.1205
"WC1B4AR",51.519688,-0.121397
"WC1B4BA",51.519982,-0.121774
"WC1B4BB",51.519982,-0.121774
"WC1B4BH",51.520271,-0.121863
"WC1B4BJ",51.52048,-0.122561
"WC1B4BL",51.520407,-0.122477
"WC1B4BN",51.520407,-0.122477
"WC1B4BP",51.520489,-0.122561
"WC1B4BS",51.520489,-0.122561
"WC1B4DA",51.519206,-0.122152
"WC1B4DR",51.519206,-0.122152
"WC1B4EA",51.519206,-0.122152
"WC1B4EE",51.524565,-0.112042
"WC1B4ET",51.520261,-0.122916
"WC1B4HA",51.520336,-0.123071
"WC1B4HD",51.520693,-0.123475
"WC1B4HH",51.520934,-0.123912
"WC1B4HP",51.521115,-0.124582
"WC1B4HR",51.521072,-0.124699
"WC1B4HS",51.521167,-0.124421
"WC1B4JA",51.520804,-0.125344
"WC1B4JB",51.519206,-0.122152
"WC1B4JP",51.520681,-0.125565
"WC1B4JU",51.520804,-0.125344
"WC1B4NB",51.519443,-0.121234
"WC1B5AA",51.520625,-0.122613
"WC1B5AB",51.520761,-0.122679
"WC1B5AD",51.520883,-0.122962
"WC1B5AE",51.520773,-0.122837
"WC1B5AF",51.521118,-0.123054
"WC1B5AG",51.521238,-0.123236
"WC1B5AH",51.519868,-0.123595
"WC1B5AJ",51.521238,-0.123236
"WC1B5AN",51.521438,-0.123386
"WC1B5AR",51.521562,-0.123857
"WC1B5BA",51.52224,-0.124089
"WC1B5BB",51.521837,-0.124163
"WC1B5BE",51.522633,-0.125024
"WC1B5BH",51.519647,-0.124959
"WC1B5BJ",51.520259,-0.125554
"WC1B5BL",51.519444,-0.124636
"WC1B5BP",51.519869,-0.125916
"WC1B5BW",51.519222,-0.124285
"WC1B5DA",51.520721,-0.126947
"WC1B5DN",51.521135,-0.127493
"WC1B5DP",51.521739,-0.12816
"WC1B5DQ",51.521794,-0.128244
"WC1B5DR",51.522483,-0.127452
"WC1B5DT",51.52152,-0.127952
"WC1B5DU",51.52152,-0.127952
"WC1B5EA",51.522237,-0.127808
"WC1B5EG",51.522849,-0.126139
"WC1B5EH",51.523053,-0.12652
"WC1B5ER",51.522743,-0.126864
"WC1B5HA",51.518245,-0.121125
"WC1B5HJ",51.518688,-0.121251
"WC1B5HL",51.518697,-0.121236
"WC1B5HP",51.519364,-0.121901
"WC1B5JA",51.520635,-0.124356
"WC1B5JD",51.519958,-0.123635
"WC1B5JE",51.520114,-0.123844
"WC1B5JH",51.520108,-0.124565
"WC1B5JJ",51.520583,-0.12505
"WC1B5JP",51.522483,-0.127452
"WC1B5JR",51.519869,-0.124258
"WC1B5JS",51.521934,-0.12351
"WC1B5JT",51.519613,-0.123966
"WC1B5JU",51.519961,-0.124355
"WC1B5JX",51.521575,-0.123554
"WC1E6AA",51.52282,-0.133362
"WC1E6AD",51.522609,-0.133126
"WC1E6AE",51.524045,-0.135158
"WC1E6AF",51.522472,-0.132973
"WC1E6AG",51.523127,-0.135152
"WC1E6AJ",51.521516,-0.133344
"WC1E6AP",51.523189,-0.133938
"WC1E6AQ",51.52327,-0.135665
"WC1E6AR",51.523076,-0.133611
"WC1E6AU",51.524045,-0.135158
"WC1E6BN",51.525559,-0.133697
"WC1E6BP",51.525052,-0.135188
"WC1E6BS",51.525378,-0.134209
"WC1E6BT",51.523569,-0.132424
"WC1E6DB",51.524891,-0.136911
"WC1E6DD",51.522735,-0.134231
"WC1E6DE",51.523623,-0.134685
"WC1E6DG",51.521681,-0.133568
"WC1E6DH",51.524045,-0.135158
"WC1E6DP",51.52012,-0.129826
"WC1E6DX",51.524183,-0.136507
"WC1E6DY",51.524183,-0.136507
"WC1E6EA",51.521987,-0.131897
"WC1E6EB",51.52152,-0.13134
"WC1E6ED",51.521704,-0.131577
"WC1E6EE",51.521529,-0.13134
"WC1E6EG",51.522197,-0.132062
"WC1E6EQ",51.522467,-0.13208
"WC1E6ER",51.521529,-0.13134
"WC1E6HA",51.519893,-0.130253
"WC1E6HB",51.520021,-0.130392
"WC1E6HD",51.519792,-0.130142
"WC1E6HE",51.520147,-0.130416
"WC1E6HG",51.520742,-0.131055
"WC1E6HH",51.521008,-0.131361
"WC1E6HJ",51.521712,-0.132139
"WC1E6HP",51.519651,-0.130883
"WC1E6HR",51.519858,-0.130875
"WC1E6HU",51.522606,-0.133487
"WC1E6HW",51.520367,-0.130666
"WC1E6HX",51.522918,-0.133863
"WC1E6JA",51.522499,-0.135235
"WC1E6JB",51.522729,-0.135543
"WC1E6JD",51.523158,-0.13541
"WC1E6JF",51.523139,-0.135901
"WC1E6JL",51.523601,-0.135522
"WC1E6JN",51.52342,-0.136048
"WC1E6JP",51.523336,-0.136397
"WC1E6JW",51.523336,-0.136397
"WC1E7AA",51.520465,-0.131196
"WC1E7AD",51.522686,-0.131148
"WC1E7AE",51.520308,-0.131462
"WC1E7AG",51.520415,-0.131991
"WC1E7AH",51.520947,-0.132041
"WC1E7AP",51.521161,-0.132522
"WC1E7AQ",51.520804,-0.131557
"WC1E7AR",51.521262,-0.132633
"WC1E7AS",51.52139,-0.132787
"WC1E7AT",51.521491,-0.132912
"WC1E7AU",51.521628,-0.133036
"WC1E7AX",51.521747,-0.133161
"WC1E7AY",51.521866,-0.133286
"WC1E7AZ",51.521985,-0.13344
"WC1E7BD",51.519269,-0.132297
"WC1E7BL",51.51937,-0.13186
"WC1E7BS",51.519827,-0.131207
"WC1E7BT",51.519653,-0.131589
"WC1E7DB",51.520088,-0.130663
"WC1E7DE",51.520022,-0.131589
"WC1E7DF",51.519561,-0.132559
"WC1E7DH",51.519938,-0.131938
"WC1E7DP",51.519971,-0.132326
"WC1E7DQ",51.520245,-0.130902
"WC1E7DS",51.520027,-0.130796
"WC1E7DU",51.519772,-0.132233
"WC1E7EA",51.520537,-0.132836
"WC1E7EB",51.519927,-0.132976
"WC1E7EN",51.520884,-0.133744
"WC1E7ER",51.520878,-0.133961
"WC1E7ET",51.521059,-0.132872
"WC1E7EU",51.520621,-0.13364
"WC1E7EX",51.520667,-0.132586
"WC1E7EY",51.52092,-0.133181
"WC1E7FB",51.52024,-0.13341
"WC1E7HB",51.521895,-0.134568
"WC1E7HE",51.522183,-0.134037
"WC1E7HF",51.522183,-0.134037
"WC1E7HG",51.522422,-0.133782
"WC1E7HH",51.522422,-0.133782
"WC1E7HJ",51.521745,-0.134185
"WC1E7HL",51.521791,-0.133693
"WC1E7HN",51.521518,-0.134612
"WC1E7HT",51.520925,-0.130687
"WC1E7HU",51.520642,-0.128724
"WC1E7HX",51.521891,-0.130359
"WC1E7HY",51.522686,-0.131148
"WC1E7HZ",51.522097,-0.131446
"WC1E7JE",51.522973,-0.132217
"WC1E7JL",51.522988,-0.130343
"WC1E7JN",51.522398,-0.131679
"WC1E7JW",51.519867,-0.128611
"WC1E7LE",51.523196,-0.131574
"WC1E7LR",51.519963,-0.132989
"WC1E7LY",51.521804,-0.133937
"WC1E7PA",51.520888,-0.132288
"WC1E7PH",51.520884,-0.133744
"WC1E7QB",51.519767,-0.131412
"WC1E7QE",51.519802,-0.131324
"WC1E7WX",51.524565,-0.112042
"WC1H0AA",51.522981,-0.129911
"WC1H0AB",51.523271,-0.130648
"WC1H0AF",51.526889,-0.130789
"WC1H0AG",51.523733,-0.131379
"WC1H0AH",51.525323,-0.133001
"WC1H0AJ",51.525418,-0.132189
"WC1H0AL",51.522977,-0.127965
"WC1H0AN",51.526198,-0.133167
"WC1H0AP",51.523919,-0.12895
"WC1H0AQ",51.524395,-0.127244
"WC1H0AR",51.523934,-0.131587
"WC1H0AT",51.524126,-0.131795
"WC1H0AW",51.524382,-0.132073
"WC1H0AX",51.526198,-0.133167
"WC1H0AY",51.525635,-0.133363
"WC1H0BS",51.526889,-0.130789
"WC1H0BT",51.525987,-0.131777
"WC1H0BW",51.525732,-0.132133
"WC1H0BX",51.525721,-0.131427
"WC1H0DB",51.522743,-0.126864
"WC1H0DG",51.523252,-0.12719
"WC1H0DH",51.525676,-0.130867
"WC1H0DP",51.52606,-0.131284
"WC1H0DS",51.526241,-0.130801
"WC1H0EA",51.525821,-0.1304
"WC1H0EB",51.526595,-0.131521
"WC1H0EF",51.526131,-0.130675
"WC1H0EG",51.526601,-0.130815
"WC1H0EH",51.526198,-0.131466
"WC1H0HA",51.526164,-0.129896
"WC1H0HB",51.526164,-0.129896
"WC1H0HD",51.526164,-0.129896
"WC1H0HF",51.526164,-0.129896
"WC1H0HJ",51.526164,-0.129896
"WC1H0HL",51.526164,-0.129896
"WC1H0HP",51.526164,-0.129896
"WC1H0HQ",51.526164,-0.129896
"WC1H0HT",51.526704,-0.130465
"WC1H0HW",51.526164,-0.129896
"WC1H0HX",51.526699,-0.1296
"WC1H0JE",51.526827,-0.129205
"WC1H0JH",51.526699,-0.1296
"WC1H0JJ",51.526749,-0.129367
"WC1H0JL",51.526662,-0.12901
"WC1H0JR",51.524048,-0.127488
"WC1H0JW",51.526418,-0.129467
"WC1H0JX",51.523252,-0.12719
"WC1H0JZ",51.523252,-0.12719
"WC1H0LH",51.523131,-0.125767
"WC1H0LL",51.523415,-0.126145
"WC1H0LN",51.524084,-0.126896
"WC1H0LP",51.523415,-0.126145
"WC1H0LQ",51.523083,-0.125625
"WC1H0LR",51.523415,-0.126145
"WC1H0LS",51.523415,-0.126145
"WC1H0LW",51.523415,-0.126145
"WC1H0ND",51.523415,-0.126145
"WC1H0NF",51.523415,-0.126145
"WC1H0NG",51.523415,-0.126145
"WC1H0NH",51.523415,-0.126145
"WC1H0NJ",51.523415,-0.126145
"WC1H0NL",51.523415,-0.126145
"WC1H0NN",51.526802,-0.129869
"WC1H0NR",51.523657,-0.129422
"WC1H0NS",51.52351,-0.129269
"WC1H0NT",51.523837,-0.129458
"WC1H0NU",51.523837,-0.129458
"WC1H0PD",51.524486,-0.130109
"WC1H0PJ",51.524376,-0.129983
"WC1H0PN",51.524156,-0.129747
"WC1H0PP",51.524939,-0.132022
"WC1H0PW",51.525324,-0.130766
"WC1H0PY",51.524915,-0.131648
"WC1H0QB",51.52597,-0.132412
"WC1H0QZ",51.524565,-0.112042
"WC1H0XB",51.524565,-0.112042
"WC1H0XG",51.52235,-0.129259
"WC1H8AA",51.529813,-0.123028
"WC1H8AB",51.529679,-0.123639
"WC1H8AG",51.529243,-0.123383
"WC1H8AH",51.526833,-0.119993
"WC1H8AL",51.528966,-0.122904
"WC1H8AP",51.528502,-0.122
"WC1H8AQ",51.526712,-0.120301
"WC1H8AS",51.529255,-0.121883
"WC1H8AT",51.529767,-0.12241
"WC1H8BA",51.530027,-0.121793
"WC1H8BB",51.529953,-0.122229
"WC1H8BD",51.529971,-0.121623
"WC1H8BG",51.5299,-0.121179
"WC1H8BH",51.529648,-0.121694
"WC1H8BJ",51.529392,-0.12143
"WC1H8BL",51.529145,-0.121181
"WC1H8BP",51.528898,-0.120917
"WC1H8BS",51.527648,-0.124256
"WC1H8BU",51.52765,-0.1244
"WC1H8BW",51.530073,-0.122397
"WC1H8BZ",51.527724,-0.123416
"WC1H8DB",51.52769,-0.123504
"WC1H8DD",51.527796,-0.122837
"WC1H8DF",51.527806,-0.122894
"WC1H8DG",51.527905,-0.122356
"WC1H8DN",51.527905,-0.122356
"WC1H8DR",51.528022,-0.121789
"WC1H8DT",51.528022,-0.121789
"WC1H8DU",51.528337,-0.121286
"WC1H8DY",51.528365,-0.120752
"WC1H8EA",51.528402,-0.120274
"WC1H8EB",51.528558,-0.119907
"WC1H8EE",51.528795,-0.120114
"WC1H8EF",51.528759,-0.121211
"WC1H8EG",51.529199,-0.123976
"WC1H8EJ",51.529384,-0.123737
"WC1H8EN",51.528879,-0.123643
"WC1H8EP",51.528744,-0.123086
"WC1H8ER",51.528477,-0.122708
"WC1H8ET",51.528442,-0.123315
"WC1H8EU",51.52842,-0.123662
"WC1H8EW",51.527804,-0.123327
"WC1H8EZ",51.528274,-0.123523
"WC1H8HA",51.52834,-0.122021
"WC1H8HB",51.528233,-0.123741
"WC1H8HG",51.527977,-0.123478
"WC1H8HH",51.52807,-0.123143
"WC1H8HJ",51.528076,-0.122897
"WC1H8HL",51.528206,-0.122632
"WC1H8HP",51.528115,-0.121987
"WC1H8HS",51.528192,-0.121768
"WC1H8HW",51.528093,-0.122277
"WC1H8HX",51.527239,-0.121735
"WC1H8HZ",51.52654,-0.121331
"WC1H8JA",51.527135,-0.120874
"WC1H8JD",51.527182,-0.120469
"WC1H8JF",51.527562,-0.120583
"WC1H8JG",51.52766,-0.119945
"WC1H8JH",51.527548,-0.120252
"WC1H8JJ",51.527712,-0.119279
"WC1H8JL",51.527135,-0.120874
"WC1H8JN",51.527217,-0.119271
"WC1H8JP",51.527347,-0.118948
"WC1H8JS",51.527281,-0.123824
"WC1H8JU",51.527524,-0.123266
"WC1H8JW",51.527548,-0.120252
"WC1H8JX",51.526716,-0.120546
"WC1H8JZ",51.527159,-0.122949
"WC1H8LA",51.526873,-0.1225
"WC1H8LB",51.52762,-0.122512
"WC1H8LD",51.527621,-0.122051
"WC1H8LF",51.527703,-0.121557
"WC1H8LG",51.527821,-0.121048
"WC1H8LH",51.528387,-0.119871
"WC1H8LJ",51.527912,-0.12054
"WC1H8LP",51.528103,-0.120128
"WC1H8LR",51.528191,-0.119432
"WC1H8LS",51.528151,-0.119722
"WC1H8ND",51.529432,-0.124514
"WC1H8NH",51.529432,-0.124514
"WC1H8NJ",51.529432,-0.124514
"WC1H8NN",51.529432,-0.124514
"WC1H8NP",51.529432,-0.124514
"WC1H9AA",51.527733,-0.129053
"WC1H9AB",51.527165,-0.128932
"WC1H9AD",51.526982,-0.129329
"WC1H9AH",51.526537,-0.127934
"WC1H9AL",51.526785,-0.128212
"WC1H9AP",51.527349,-0.128103
"WC1H9AQ",51.52584,-0.127646
"WC1H9AR",51.527545,-0.127994
"WC1H9AS",51.527669,-0.127873
"WC1H9AT",51.527268,-0.128625
"WC1H9AU",51.529077,-0.125379
"WC1H9AW",51.527109,-0.128228
"WC1H9AX",51.528034,-0.128147
"WC1H9AZ",51.527763,-0.127523
"WC1H9BB",51.527978,-0.126924
"WC1H9BD",51.527897,-0.126912
"WC1H9BF",51.528277,-0.12707
"WC1H9BL",51.528605,-0.126191
"WC1H9BQ",51.525382,-0.128241
"WC1H9BT",51.528259,-0.127071
"WC1H9BY",51.526844,-0.128008
"WC1H9DB",51.528259,-0.127071
"WC1H9DJ",51.52867,-0.125237
"WC1H9DL",51.528792,-0.124958
"WC1H9DP",51.528585,-0.124938
"WC1H9DQ",51.528528,-0.125344
"WC1H9DR",51.528585,-0.124938
"WC1H9DS",51.528388,-0.124441
"WC1H9DT",51.528388,-0.124441
"WC1H9DU",51.528388,-0.124441
"WC1H9DW",51.528788,-0.124684
"WC1H9DX",51.52828,-0.124431
"WC1H9DZ",51.52821,-0.123973
"WC1H9EG",51.52875,-0.124037
"WC1H9EH",51.52711,-0.127723
"WC1H9EL",51.526234,-0.126981
"WC1H9EN",51.526849,-0.126062
"WC1H9EP",51.526638,-0.125249
"WC1H9ER",51.526788,-0.125055
"WC1H9ES",51.527052,-0.125275
"WC1H9EU",51.524241,-0.128317
"WC1H9EW",51.526464,-0.125039
"WC1H9EX",51.524388,-0.129594
"WC1H9EZ",51.524934,-0.130047
"WC1H9GB",51.529077,-0.125379
"WC1H9GD",51.529077,-0.125379
"WC1H9GE",51.529077,-0.125379
"WC1H9GF",51.529077,-0.125379
"WC1H9GG",51.529077,-0.125379
"WC1H9GH",51.529077,-0.125379
"WC1H9GJ",51.529077,-0.125379
"WC1H9GL",51.529077,-0.125379
"WC1H9GN",51.529077,-0.125379
"WC1H9GP",51.529077,-0.125379
"WC1H9GQ",51.529077,-0.125379
"WC1H9GR",51.529077,-0.125379
"WC1H9GS",51.529077,-0.125379
"WC1H9GT",51.529077,-0.125379
"WC1H9GU",51.529077,-0.125379
"WC1H9GW",51.529077,-0.125379
"WC1H9GX",51.529077,-0.125379
"WC1H9HB",51.525837,-0.129678
"WC1H9HD",51.525828,-0.129693
"WC1H9HE",51.525627,-0.130033
"WC1H9HF",51.525828,-0.129693
"WC1H9HG",51.525627,-0.130033
"WC1H9HH",51.525678,-0.129887
"WC1H9HQ",51.525828,-0.129693
"WC1H9HR",51.526365,-0.128417
"WC1H9HU",51.525828,-0.129693
"WC1H9HW",51.525837,-0.129678
"WC1H9HX",51.526365,-0.128417
"WC1H9JA",51.526365,-0.128417
"WC1H9JB",51.527588,-0.125022
"WC1H9JE",51.529077,-0.125379
"WC1H9JG",51.527588,-0.125022
"WC1H9JH",51.526336,-0.128274
"WC1H9JJ",51.526336,-0.128274
"WC1H9JP",51.526365,-0.128417
"WC1H9JR",51.526365,-0.128417
"WC1H9JZ",51.525898,-0.129013
"WC1H9LG",51.526365,-0.128417
"WC1H9LN",51.525775,-0.1286
"WC1H9LP",51.529077,-0.125379
"WC1H9LQ",51.526336,-0.128274
"WC1H9LT",51.525382,-0.128241
"WC1H9LU",51.529077,-0.125379
"WC1H9LZ",51.529077,-0.125379
"WC1H9NA",51.525036,-0.127938
"WC1H9NE",51.527543,-0.124995
"WC1H9NP",51.528334,-0.12613
"WC1H9NS",51.528528,-0.125344
"WC1H9NT",51.527908,-0.124822
"WC1H9NU",51.527908,-0.124822
"WC1H9NX",51.527908,-0.124822
"WC1H9PA",51.527688,-0.123966
"WC1H9PB",51.527844,-0.12419
"WC1H9PD",51.527608,-0.124603
"WC1H9PE",51.527939,-0.124489
"WC1H9PF",51.526684,-0.125261
"WC1H9PG",51.528136,-0.124452
"WC1H9PJ",51.527491,-0.129106
"WC1H9PL",51.526894,-0.125469
"WC1H9PN",51.527028,-0.128793
"WC1H9PP",51.527369,-0.125939
"WC1H9PR",51.527569,-0.126075
"WC1H9PT",51.527724,-0.126242
"WC1H9PU",51.527908,-0.124822
"WC1H9PW",51.527249,-0.125786
"WC1H9PX",51.527908,-0.124822
"WC1H9PY",51.5273,-0.128984
"WC1H9PZ",51.527848,-0.126107
"WC1H9QA",51.527829,-0.126021
"WC1H9QD",51.527646,-0.125856
"WC1H9QE",51.527482,-0.12569
"WC1H9QG",51.527327,-0.125581
"WC1H9QH",51.527052,-0.125275
"WC1H9QL",51.527448,-0.125259
"WC1H9QP",51.526628,-0.123447
"WC1H9QR",51.526628,-0.123447
"WC1H9QS",51.526218,-0.124285
"WC1H9QT",51.526695,-0.124309
"WC1H9QU",51.525154,-0.130297
"WC1H9QW",51.526628,-0.123447
"WC1H9QX",51.526916,-0.124603
"WC1H9QZ",51.526916,-0.124603
"WC1H9RA",51.524808,-0.127198
"WC1H9RD",51.524938,-0.12689
"WC1H9RE",51.525382,-0.125978
"WC1H9RF",51.52675,-0.12435
"WC1H9RG",51.525638,-0.125102
"WC1H9RH",51.525739,-0.124709
"WC1H9RL",51.525865,-0.124113
"WC1H9RN",51.527781,-0.125288
"WC1H9RS",51.526312,-0.122292
"WC1H9RT",51.526307,-0.122509
"WC1H9RU",51.525034,-0.126727
"WC1H9RW",51.52608,-0.123513
"WC1H9RX",51.526534,-0.122643
"WC1H9RZ",51.526869,-0.122817
"WC1H9SA",51.52606,-0.124523
"WC1H9SE",51.526011,-0.124842
"WC1H9SF",51.525925,-0.125047
"WC1H9SH",51.525448,-0.12671
"WC1H9SN",51.525362,-0.126944
"WC1H9SP",51.529077,-0.125379
"WC1H9SR",51.529077,-0.125379
"WC1H9SZ",51.526853,-0.129147
"WC1H9TE",51.524565,-0.112042
"WC1H9TG",51.524565,-0.112042
"WC1H9TW",51.526205,-0.129115
"WC1H9WH",51.524565,-0.112042
"WC1H9WP",51.524565,-0.112042
"WC1H9WS",51.524565,-0.112042
"WC1H9XA",51.524565,-0.112042
"WC1H9XX",51.52551,-0.127255
"WC1H9XY",51.526227,-0.12763
"WC1H9XZ",51.525911,-0.126994
"WC1H9ZD",51.529077,-0.125379
"WC1N1AB",51.525387,-0.12517
"WC1N1AE",51.52418,-0.123922
"WC1N1AF",51.524273,-0.123529
"WC1N1AG",51.526022,-0.125519
"WC1N1AL",51.525839,-0.125844
"WC1N1AN",51.523832,-0.124095
"WC1N1AP",51.524995,-0.125403
"WC1N1AQ",51.524812,-0.123493
"WC1N1AS",51.523551,-0.121671
"WC1N1AW",51.52415,-0.123174
"WC1N1AX",51.525083,-0.122458
"WC1N1AZ",51.525479,-0.120784
"WC1N1BD",51.525235,-0.122985
"WC1N1BE",51.525597,-0.123662
"WC1N1BG",51.525769,-0.123771
"WC1N1BJ",51.525869,-0.123839
"WC1N1BL",51.525952,-0.123388
"WC1N1BN",51.525671,-0.123256
"WC1N1BP",51.524709,-0.123785
"WC1N1BS",51.523727,-0.123682
"WC1N1DA",51.523946,-0.117157
"WC1N1DB",51.52224,-0.124089
"WC1N1DD",51.522653,-0.124043
"WC1N1DE",51.522837,-0.122003
"WC1N1DF",51.522755,-0.123678
"WC1N1DG",51.523063,-0.122094
"WC1N1DH",51.523844,-0.11755
"WC1N1DJ",51.523486,-0.120996
"WC1N1DN",51.524423,-0.120006
"WC1N1DP",51.524334,-0.116665
"WC1N1DR",51.524129,-0.11627
"WC1N1DT",51.52386,-0.117434
"WC1N1DW",51.52375,-0.117857
"WC1N1DX",51.523734,-0.117944
"WC1N1DZ",51.523511,-0.118659
"WC1N1EA",51.523212,-0.119075
"WC1N1EH",51.523229,-0.120098
"WC1N1EP",51.522934,-0.121321
"WC1N1ES",51.522541,-0.123226
"WC1N1EX",51.523554,-0.125808
"WC1N1HA",51.523951,-0.125878
"WC1N1HB",51.524053,-0.126681
"WC1N1HD",51.524053,-0.126681
"WC1N1HE",51.524332,-0.125574
"WC1N1HJ",51.524504,-0.126749
"WC1N1HN",51.524659,-0.126901
"WC1N1HP",51.524889,-0.126632
"WC1N1HQ",51.524358,-0.126625
"WC1N1HT",51.523901,-0.125001
"WC1N1HX",51.522923,-0.124579
"WC1N1JA",51.522985,-0.123409
"WC1N1JD",51.522793,-0.124354
"WC1N1JE",51.523029,-0.123926
"WC1N1JF",51.524497,-0.125711
"WC1N1JG",51.524514,-0.125653
"WC1N1JH",51.524837,-0.12564
"WC1N1JJ",51.524892,-0.125681
"WC1N1JL",51.523147,-0.123446
"WC1N1JN",51.525086,-0.126047
"WC1N1JP",51.52507,-0.12612
"WC1N1JQ",51.523281,-0.122806
"WC1N1JS",51.524755,-0.126119
"WC1N1JX",51.524709,-0.126077
"WC1N1LA",51.5231,-0.125538
"WC1N1LB",51.523176,-0.125261
"WC1N1LE",51.523357,-0.12472
"WC1N1LJ",51.522996,-0.124677
"WC1N1LN",51.523257,-0.123571
"WC1N1LT",51.523375,-0.123033
"WC1N1LX",51.523485,-0.122625
"WC1N1LY",51.523191,-0.122219
"WC1N1LZ",51.523373,-0.122355
"WC1N1NJ",51.525175,-0.124833
"WC1N1NL",51.525328,-0.124827
"WC1N1NN",51.525455,-0.124894
"WC1N1NP",51.52548,-0.124229
"WC1N1NX",51.524812,-0.123493
"WC1N1NY",51.524812,-0.123493
"WC1N1NZ",51.524812,-0.123493
"WC1N1PA",51.525479,-0.122485
"WC1N1PB",51.525439,-0.122804
"WC1N1PD",51.525671,-0.123256
"WC1N1PE",51.525336,-0.123082
"WC1N1PF",51.525783,-0.122372
"WC1N1PG",51.526316,-0.121413
"WC1N1PH",51.525529,-0.122238
"WC1N1PJ",51.525971,-0.122854
"WC1N1QE",51.523832,-0.124095
"WC1N1QF",51.523832,-0.124095
"WC1N1QG",51.523832,-0.124095
"WC1N1RE",51.525421,-0.125616
"WC1N2AA",51.524511,-0.117061
"WC1N2AB",51.5245,-0.118071
"WC1N2AD",51.525012,-0.117444
"WC1N2AF",51.525763,-0.117774
"WC1N2AH",51.526201,-0.118174
"WC1N2AJ",51.525754,-0.119446
"WC1N2AL",51.526574,-0.118447
"WC1N2AN",51.525914,-0.118733
"WC1N2AP",51.525133,-0.119414
"WC1N2AT",51.521688,-0.115405
"WC1N2AY",51.524181,-0.118344
"WC1N2BF",51.522761,-0.116197
"WC1N2BG",51.522397,-0.11588
"WC1N2BH",51.522351,-0.115824
"WC1N2BL",51.52215,-0.11566
"WC1N2BS",51.522314,-0.115783
"WC1N2BW",51.522268,-0.115712
"WC1N2BX",51.522205,-0.115686
"WC1N2BY",51.522433,-0.115922
"WC1N2DE",51.52257,-0.115455
"WC1N2DG",51.521957,-0.116489
"WC1N2DL",51.522615,-0.115496
"WC1N2EB",51.522259,-0.115165
"WC1N2ED",51.522351,-0.115276
"WC1N2ES",51.521723,-0.114841
"WC1N2HY",51.521697,-0.114309
"WC1N2HZ",51.521988,-0.114527
"WC1N2JA",51.521552,-0.114272
"WC1N2JB",51.521802,-0.114103
"WC1N2JE",51.52218,-0.114159
"WC1N2JF",51.522066,-0.114913
"WC1N2JG",51.522271,-0.114746
"WC1N2JJ",51.5223,-0.11437
"WC1N2JN",51.522444,-0.114898
"WC1N2JP",51.522547,-0.11462
"WC1N2JQ",51.522246,-0.114906
"WC1N2JS",51.523453,-0.116168
"WC1N2JT",51.523208,-0.115991
"WC1N2JU",51.522838,-0.114795
"WC1N2JX",51.523045,-0.115392
"WC1N2JY",51.522952,-0.115756
"WC1N2JZ",51.522889,-0.11573
"WC1N2LA",51.523473,-0.11572
"WC1N2LD",51.523459,-0.115375
"WC1N2LE",51.524061,-0.115941
"WC1N2LF",51.524,-0.116621
"WC1N2LG",51.523883,-0.116049
"WC1N2LH",51.523846,-0.116541
"WC1N2LJ",51.5238,-0.1165
"WC1N2LQ",51.523264,-0.11557
"WC1N2LR",51.5237,-0.116403
"WC1N2LS",51.523408,-0.116141
"WC1N2LW",51.523654,-0.116361
"WC1N2LX",51.523599,-0.116263
"WC1N2NA",51.521594,-0.115711
"WC1N2NB",51.521458,-0.115688
"WC1N2NE",51.521377,-0.115663
"WC1N2NP",51.521435,-0.116482
"WC1N2NR",51.521802,-0.116366
"WC1N2NS",51.521712,-0.115822
"WC1N2NT",51.521866,-0.115873
"WC1N2NU",51.525937,-0.120188
"WC1N2NW",51.521957,-0.116489
"WC1N2NX",51.521998,-0.116257
"WC1N2NY",51.525479,-0.120784
"WC1N2NZ",51.521866,-0.115859
"WC1N2PA",51.522357,-0.116242
"WC1N2PB",51.522784,-0.116498
"WC1N2PF",51.523292,-0.117342
"WC1N2PG",51.52337,-0.117152
"WC1N2PH",51.522944,-0.116362
"WC1N2PL",51.52339,-0.11669
"WC1N2PN",51.523098,-0.116428
"WC1N2QL",51.521594,-0.115711
"WC1N2WB",51.524565,-0.112042
"WC1N2WS",51.524565,-0.112042
"WC1N3AA",51.520117,-0.121178
"WC1N3AB",51.520038,-0.120792
"WC1N3AD",51.51994,-0.121387
"WC1N3AE",51.519711,-0.121108
"WC1N3AF",51.520592,-0.122196
"WC1N3AH",51.520946,-0.122412
"WC1N3AJ",51.520916,-0.121664
"WC1N3AL",51.520692,-0.121731
"WC1N3AN",51.520761,-0.122131
"WC1N3AP",51.521184,-0.122719
"WC1N3AQ",51.520864,-0.12181
"WC1N3AR",51.521373,-0.122712
"WC1N3AS",51.520569,-0.121937
"WC1N3AT",51.521405,-0.123013
"WC1N3AX",51.520592,-0.12221
"WC1N3AY",51.522396,-0.123131
"WC1N3AZ",51.52214,-0.123415
"WC1N3BA",51.522509,-0.122867
"WC1N3BB",51.522509,-0.122867
"WC1N3BG",51.522171,-0.122001
"WC1N3BH",51.521135,-0.121294
"WC1N3BJ",51.521179,-0.119563
"WC1N3BP",51.520576,-0.121202
"WC1N3BT",51.520476,-0.121134
"WC1N3BW",51.520761,-0.120978
"WC1N3DA",51.521131,-0.116552
"WC1N3DB",51.521003,-0.116471
"WC1N3DF",51.521221,-0.116592
"WC1N3DH",51.521294,-0.116675
"WC1N3DN",51.521575,-0.116793
"WC1N3DP",51.521684,-0.116861
"WC1N3EA",51.521937,-0.116951
"WC1N3EB",51.522217,-0.116997
"WC1N3EE",51.523316,-0.117673
"WC1N3EF",51.523479,-0.117767
"WC1N3EG",51.52357,-0.117835
"WC1N3EN",51.523168,-0.118025
"WC1N3EP",51.52285,-0.117793
"WC1N3EQ",51.522726,-0.117322
"WC1N3ER",51.522387,-0.117538
"WC1N3ES",51.521664,-0.11728
"WC1N3EW",51.523079,-0.117524
"WC1N3EY",51.521428,-0.117145
"WC1N3GS",51.521069,-0.118299
"WC1N3HB",51.52111,-0.116985
"WC1N3HR",51.521739,-0.121399
"WC1N3HZ",51.521746,-0.120188
"WC1N3JB",51.522125,-0.119149
"WC1N3JE",51.52221,-0.119924
"WC1N3JH",51.52221,-0.119924
"WC1N3JL",51.521962,-0.119603
"WC1N3JP",51.521406,-0.119698
"WC1N3JQ",51.521636,-0.120567
"WC1N3JT",51.521113,-0.120531
"WC1N3JW",51.52162,-0.119011
"WC1N3JX",51.521586,-0.120281
"WC1N3JZ",51.521006,-0.121127
"WC1N3LA",51.521129,-0.117576
"WC1N3LB",51.521496,-0.118051
"WC1N3LD",51.521352,-0.117999
"WC1N3LE",51.521088,-0.117808
"WC1N3LH",51.521688,-0.118201
"WC1N3LJ",51.521496,-0.118051
"WC1N3LL",51.521797,-0.118269
"WC1N3LN",51.522503,-0.1186
"WC1N3LP",51.52264,-0.118739
"WC1N3LQ",51.52264,-0.118739
"WC1N3LR",51.522832,-0.118904
"WC1N3LS",51.523051,-0.118534
"WC1N3LT",51.52264,-0.118739
"WC1N3LU",51.522849,-0.118269
"WC1N3LW",51.522069,-0.118445
"WC1N3LX",51.523036,-0.118737
"WC1N3LZ",51.523112,-0.118979
"WC1N3NA",51.522233,-0.118539
"WC1N3NB",51.521994,-0.11878
"WC1N3NF",51.521981,-0.119141
"WC1N3NG",51.52153,-0.118496
"WC1N3NH",51.521694,-0.118619
"WC1N3NL",51.521069,-0.118299
"WC1N3NN",51.52221,-0.119924
"WC1N3NR",51.520812,-0.11743
"WC1N3NW",51.521496,-0.118051
"WC1N3PA",51.520854,-0.118942
"WC1N3PB",51.52103,-0.118675
"WC1N3PD",51.521254,-0.118666
"WC1N3PE",51.520979,-0.118879
"WC1N3PF",51.521103,-0.119306
"WC1N3PG",51.520753,-0.119379
"WC1N3PH",51.520532,-0.120195
"WC1N3PJ",51.520954,-0.12012
"WC1N3PR",51.520515,-0.120787
"WC1N3PS",51.520863,-0.120642
"WC1N3PX",51.520761,-0.120978
"WC1N3PZ",51.520277,-0.120522
"WC1N3QA",51.521259,-0.117296
"WC1N3QH",51.521712,-0.118042
"WC1N3QL",51.521264,-0.117613
"WC1N3QN",51.521419,-0.117708
"WC1N3QS",51.5216,-0.117801
"WC1N3QT",51.521861,-0.117834
"WC1N3QU",51.522178,-0.117403
"WC1N3QW",51.521496,-0.118051
"WC1N3QZ",51.522103,-0.11778
"WC1N3RA",51.522406,-0.118143
"WC1N3RB",51.522624,-0.118249
"WC1N3RX",51.522396,-0.123131
"WC1N3WA",51.524565,-0.112042
"WC1N3XX",51.524565,-0.112042
"WC1R4AB",51.518026,-0.119765
"WC1R4AG",51.519738,-0.118858
"WC1R4AJ",51.518773,-0.117039
"WC1R4AP",51.518702,-0.118209
"WC1R4AQ",51.51873,-0.117141
"WC1R4AT",51.518888,-0.117437
"WC1R4AX",51.519662,-0.11693
"WC1R4AY",51.519703,-0.116726
"WC1R4AZ",51.519704,-0.115616
"WC1R4BB",51.519672,-0.117592
"WC1R4BD",51.519498,-0.117398
"WC1R4BE",51.519667,-0.117838
"WC1R4BG",51.519318,-0.117924
"WC1R4BH",51.519955,-0.11673
"WC1R4BN",51.519915,-0.115363
"WC1R4BS",51.519486,-0.115496
"WC1R4BU",51.519704,-0.115616
"WC1R4BW",51.520398,-0.115717
"WC1R4BX",51.51964,-0.11559
"WC1R4BZ",51.519219,-0.115132
"WC1R4EB",51.520513,-0.11616
"WC1R4ED",51.5201,-0.115672
"WC1R4EE",51.52014,-0.115916
"WC1R4EF",51.52014,-0.115916
"WC1R4EH",51.520668,-0.116297
"WC1R4EQ",51.520331,-0.116037
"WC1R4FS",51.518795,-0.117802
"WC1R4HD",51.520477,-0.116752
"WC1R4HE",51.520323,-0.116672
"WC1R4HQ",51.519738,-0.118873
"WC1R4JH",51.519706,-0.116337
"WC1R4LL",51.519134,-0.115986
"WC1R4LP",51.520323,-0.116686
"WC1R4LR",51.518852,-0.115248
"WC1R4NA",51.518583,-0.116974
"WC1R4NY",51.518652,-0.117317
"WC1R4PA",51.518982,-0.11716
"WC1R4PD",51.519362,-0.117317
"WC1R4PF",51.519852,-0.117571
"WC1R4PN",51.520271,-0.117352
"WC1R4PS",51.519338,-0.116914
"WC1R4PZ",51.519388,-0.116696
"WC1R4QF",51.518906,-0.118561
"WC1R4QG",51.518753,-0.119129
"WC1R4QH",51.518958,-0.118444
"WC1R4QR",51.519,-0.114925
"WC1R4QT",51.518983,-0.118327
"WC1R4RA",51.519077,-0.118064
"WC1R4RB",51.519547,-0.119313
"WC1R4RE",51.519673,-0.118212
"WC1R4RG",51.520016,-0.117737
"WC1R4RH",51.520073,-0.117879
"WC1R4RL",51.519792,-0.118337
"WC1R4SE",51.519545,-0.118073
"WC1R4SG",51.519436,-0.119663
"WC1R4TF",51.519411,-0.115297
"WC1R4TH",51.51894,-0.117349
"WC1R4TQ",51.520677,-0.116297
"WC1R5AA",51.519359,-0.113223
"WC1R5AH",51.520012,-0.113542
"WC1R5AT",51.519707,-0.114708
"WC1R5AZ",51.520168,-0.113176
"WC1R5BH",51.520614,-0.115204
"WC1R5BN",51.519925,-0.114815
"WC1R5BP",51.520088,-0.114909
"WC1R5BQ",51.519707,-0.114708
"WC1R5DH",51.518607,-0.113961
"WC1R5DJ",51.518834,-0.11411
"WC1R5DX",51.519005,-0.114132
"WC1R5EF",51.519178,-0.114254
"WC1R5ET",51.519098,-0.112052
"WC1R5EU",51.519169,-0.113116
"WC1R5EY",51.519062,-0.113178
"WC1R5HP",51.518856,-0.112134
"WC1R5HT",51.518816,-0.11241
"WC1R5JD",51.520051,-0.112604
"WC1R5JH",51.519504,-0.113261
"WC1R5JJ",51.51876,-0.112859
"WC1R5JP",51.519515,-0.11228
"WC1R5JR",51.519696,-0.112374
"WC1R5JT",51.520199,-0.112857
"WC1R5LN",51.521304,-0.113388
"WC1R5LP",51.52108,-0.113397
"WC1R5LQ",51.520735,-0.11321
"WC1R5LR",51.52059,-0.113129
"WC1R5LW",51.520943,-0.113288
"WC1R5NR",51.520714,-0.115272
"WC1R5NT",51.52059,-0.113129
"WC1V6AA",51.518435,-0.113896
"WC1V6AE",51.518408,-0.113911
"WC1V6AL",51.51847,-0.1161
"WC1V6AN",51.517642,-0.121049
"WC1V6AT",51.518556,-0.113055
"WC1V6AX",51.518499,-0.113418
"WC1V6AY",51.518841,-0.113418
"WC1V6AZ",51.518556,-0.113055
"WC1V6BA",51.518417,-0.116145
"WC1V6BH",51.518096,-0.118003
"WC1V6BN",51.518562,-0.112838
"WC1V6BS",51.518495,-0.112611
"WC1V6BX",51.518501,-0.112394
"WC1V6BZ",51.518501,-0.112394
"WC1V6DA",51.518417,-0.116145
"WC1V6DF",51.518224,-0.117551
"WC1V6DR",51.518439,-0.111892
"WC1V6DT",51.518278,-0.115315
"WC1V6DW",51.518056,-0.119389
"WC1V6DX",51.518278,-0.115315
"WC1V6EA",51.51847,-0.1161
"WC1V6EP",51.518325,-0.114909
"WC1V6ER",51.518325,-0.114909
"WC1V6HG",51.518784,-0.113781
"WC1V6HR",51.518956,-0.113874
"WC1V6HU",51.518841,-0.113418
"WC1V6HZ",51.519031,-0.113468
"WC1V6JF",51.518578,-0.115533
"WC1V6JJ",51.517885,-0.119958
"WC1V6JQ",51.517856,-0.119844
"WC1V6JS",51.517965,-0.119364
"WC1V6LF",51.518287,-0.118702
"WC1V6LJ",51.518334,-0.118267
"WC1V6LS",51.518065,-0.117154
"WC1V6NG",51.518224,-0.117551
"WC1V6NP",51.518436,-0.114516
"WC1V6NX",51.518148,-0.118967
"WC1V6NY",51.518445,-0.119589
"WC1V6NZ",51.518618,-0.119149
"WC1V6PA",51.516166,-0.125491
"WC1V6PB",51.516386,-0.125165
"WC1V6PJ",51.516669,-0.124332
"WC1V6PL",51.517456,-0.122945
"WC1V6PQ",51.517563,-0.12173
"WC1V6PS",51.517522,-0.12202
"WC1V6PX",51.517516,-0.122222
"WC1V6QT",51.518417,-0.116145
"WC1V6RB",51.518329,-0.115111
"WC1V6RD",51.517824,-0.120076
"WC1V6RL",51.518365,-0.11511
"WC1V6WX",51.524565,-0.112042
"WC1V7AA",51.515731,-0.125307
"WC1V7AB",51.516327,-0.123769
"WC1V7AP",51.516613,-0.123628
"WC1V7BD",51.516893,-0.122593
"WC1V7BF",51.517257,-0.121151
"WC1V7BH",51.516764,-0.122973
"WC1V7BN",51.518149,-0.113446
"WC1V7BW",51.517265,-0.121699
"WC1V7BX",51.524565,-0.112042
"WC1V7DA",51.517477,-0.119758
"WC1V7DN",51.517514,-0.119253
"WC1V7DX",51.51744,-0.11914
"WC1V7DZ",51.517499,-0.120031
"WC1V7EE",51.517784,-0.115941
"WC1V7EG",51.517486,-0.119758
"WC1V7EJ",51.517609,-0.116784
"WC1V7EN",51.517329,-0.11779
"WC1V7EP",51.517305,-0.121394
"WC1V7EW",51.517556,-0.119049
"WC1V7EX",51.517425,-0.118781
"WC1V7EY",51.517765,-0.116388
"WC1V7EZ",51.517741,-0.117124
"WC1V7HD",51.517305,-0.121394
"WC1V7HF",51.517857,-0.115433
"WC1V7HH",51.517815,-0.115608
"WC1V7HJ",51.517857,-0.115433
"WC1V7HP",51.517955,-0.115386
"WC1V7HZ",51.517853,-0.115174
"WC1V7JH",51.517927,-0.114724
"WC1V7JS",51.518064,-0.114329
"WC1V7JU",51.517665,-0.115773
"WC1V7JY",51.518065,-0.114344
"WC1V7JZ",51.518065,-0.114344
"WC1V7LL",51.518061,-0.114128
"WC1V7LU",51.518113,-0.113981
"WC1V7PA",51.518008,-0.111939
"WC1V7PB",51.518116,-0.11254
"WC1V7PE",51.518092,-0.112166
"WC1V7PP",51.518008,-0.111939
"WC1V7PS",51.524565,-0.112042
"WC1V7PU",51.518127,-0.11264
"WC1V7PX",51.518011,-0.11155
"WC1V7PZ",51.517884,-0.111526
"WC1V7QB",51.518008,-0.111939
"WC1V7QD",51.518008,-0.111939
"WC1V7QH",51.517651,-0.110974
"WC1V7QR",51.517927,-0.114724
"WC1V7QT",51.517976,-0.112171
"WC1V7QU",51.517966,-0.111004
"WC1V7QX",51.516327,-0.123769
"WC1V7RL",51.516327,-0.123769
"WC1V7WE",51.524565,-0.112042
"WC1X0AA",51.523787,-0.111743
"WC1X0AE",51.523426,-0.112205
"WC1X0AG",51.522579,-0.112701
"WC1X0AH",51.523106,-0.112478
"WC1X0AL",51.522009,-0.113027
"WC1X0AN",51.522472,-0.113268
"WC1X0AP",51.524565,-0.112042
"WC1X0AR",51.524211,-0.111293
"WC1X0AS",51.523973,-0.111562
"WC1X0AU",51.522711,-0.113647
"WC1X0AY",51.523237,-0.112198
"WC1X0AZ",51.522737,-0.113531
"WC1X0BA",51.522796,-0.113283
"WC1X0BD",51.522848,-0.113195
"WC1X0BE",51.525948,-0.110789
"WC1X0BG",51.522702,-0.113056
"WC1X0BH",51.522467,-0.113542
"WC1X0BJ",51.523008,-0.11362
"WC1X0BL",51.522608,-0.113896
"WC1X0BP",51.524934,-0.115429
"WC1X0BQ",51.522799,-0.114076
"WC1X0BU",51.523206,-0.113108
"WC1X0BZ",51.524934,-0.115429
"WC1X0DA",51.52476,-0.114081
"WC1X0DE",51.525136,-0.115104
"WC1X0DF",51.52476,-0.114081
"WC1X0DG",51.524503,-0.112088
"WC1X0DL",51.524262,-0.113915
"WC1X0DS",51.526259,-0.111151
"WC1X0DT",51.526152,-0.111717
"WC1X0DW",51.525819,-0.111154
"WC1X0DX",51.526352,-0.111896
"WC1X0EB",51.526641,-0.111394
"WC1X0ED",51.526678,-0.111436
"WC1X0EG",51.527054,-0.110815
"WC1X0EH",51.527365,-0.110024
"WC1X0EJ",51.527365,-0.110024
"WC1X0ER",51.526909,-0.109624
"WC1X0ES",51.526377,-0.110079
"WC1X0ET",51.52631,-0.110947
"WC1X0EX",51.525978,-0.110441
"WC1X0GB",51.528043,-0.110817
"WC1X0GD",51.528037,-0.1104
"WC1X0HA",51.525038,-0.115757
"WC1X0HB",51.525423,-0.115092
"WC1X0HD",51.525827,-0.115551
"WC1X0HE",51.524933,-0.115919
"WC1X0HF",51.525933,-0.114927
"WC1X0HG",51.525914,-0.11425
"WC1X0HH",51.526035,-0.113985
"WC1X0HR",51.52674,-0.1125
"WC1X0HS",51.526932,-0.112175
"WC1X0HT",51.52729,-0.112031
"WC1X0HU",51.527289,-0.11144
"WC1X0HX",51.527473,-0.111129
"WC1X0HZ",51.527836,-0.111359
"WC1X0JG",51.527708,-0.110629
"WC1X0JH",51.527167,-0.111113
"WC1X0JJ",51.528016,-0.110199
"WC1X0JL",51.526444,-0.112556
"WC1X0JN",51.528016,-0.110199
"WC1X0JP",51.524729,-0.11551
"WC1X0JS",51.524431,-0.115464
"WC1X0JX",51.525202,-0.11477
"WC1X0JZ",51.525027,-0.114503
"WC1X0LA",51.525549,-0.11451
"WC1X0LB",51.526617,-0.115475
"WC1X0LG",51.526269,-0.114538
"WC1X0LJ",51.526596,-0.114741
"WC1X0LN",51.526617,-0.115475
"WC1X0LQ",51.526891,-0.114642
"WC1X0LR",51.527033,-0.115631
"WC1X0LS",51.527795,-0.116061
"WC1X0LT",51.527415,-0.117057
"WC1X0LX",51.527508,-0.117803
"WC1X0LZ",51.527824,-0.117299
"WC1X0NB",51.527745,-0.117995
"WC1X0ND",51.528157,-0.117329
"WC1X0NF",51.527961,-0.116861
"WC1X0NG",51.528225,-0.115928
"WC1X0PA",51.526875,-0.116445
"WC1X0PB",51.527114,-0.116781
"WC1X0PE",51.526905,-0.116054
"WC1X0PF",51.527286,-0.116298
"WC1X0PG",51.527744,-0.116813
"WC1X0PQ",51.527719,-0.1169
"WC1X8AA",51.520988,-0.112724
"WC1X8AD",51.52107,-0.112792
"WC1X8AJ",51.521197,-0.11283
"WC1X8AL",51.52127,-0.112899
"WC1X8AP",51.521888,-0.113912
"WC1X8AS",51.521716,-0.113241
"WC1X8AX",51.52198,-0.113461
"WC1X8AZ",51.521923,-0.113247
"WC1X8BA",51.522079,-0.113486
"WC1X8BB",51.530625,-0.12148
"WC1X8BD",51.529402,-0.120925
"WC1X8BE",51.530341,-0.120584
"WC1X8BG",51.529697,-0.119731
"WC1X8BH",51.530245,-0.120256
"WC1X8BP",51.529829,-0.120086
"WC1X8BT",51.520498,-0.11247
"WC1X8BU",51.528946,-0.119387
"WC1X8BX",51.529766,-0.120088
"WC1X8BZ",51.529063,-0.119425
"WC1X8DA",51.529203,-0.119189
"WC1X8DP",51.528579,-0.118984
"WC1X8DU",51.528168,-0.11854
"WC1X8DX",51.527934,-0.118549
"WC1X8EB",51.527517,-0.11835
"WC1X8ED",51.522206,-0.113553
"WC1X8EE",51.529264,-0.119619
"WC1X8EH",51.522389,-0.113718
"WC1X8EJ",51.522498,-0.113814
"WC1X8EL",51.522608,-0.113896
"WC1X8ER",51.522799,-0.114076
"WC1X8ES",51.5228,-0.11409
"WC1X8EW",51.522944,-0.114156
"WC1X8HB",51.524064,-0.115004
"WC1X8HF",51.523439,-0.114136
"WC1X8HG",51.518662,-0.111234
"WC1X8HN",51.518925,-0.111382
"WC1X8HR",51.519244,-0.111643
"WC1X8JP",51.519479,-0.111691
"WC1X8JR",51.524673,-0.115988
"WC1X8JT",51.52526,-0.116699
"WC1X8JX",51.525522,-0.116731
"WC1X8JY",51.525522,-0.116731
"WC1X8JZ",51.525522,-0.116731
"WC1X8LH",51.526836,-0.117946
"WC1X8LP",51.519671,-0.111885
"WC1X8LR",51.519579,-0.111773
"WC1X8LS",51.519879,-0.111977
"WC1X8LT",51.519961,-0.112074
"WC1X8LU",51.520151,-0.11211
"WC1X8LZ",51.520315,-0.111699
"WC1X8NH",51.520498,-0.11247
"WC1X8NL",51.520616,-0.118087
"WC1X8NW",51.521006,-0.116082
"WC1X8NX",51.521183,-0.115354
"WC1X8PA",51.52118,-0.115728
"WC1X8PF",51.521376,-0.114452
"WC1X8PG",51.521616,-0.11375
"WC1X8PH",51.518545,-0.111816
"WC1X8PN",51.521519,-0.113884
"WC1X8PP",51.522043,-0.11405
"WC1X8PQ",51.52168,-0.113791
"WC1X8PS",51.521834,-0.113885
"WC1X8PX",51.530348,-0.121593
"WC1X8QB",51.52922,-0.120269
"WC1X8QD",51.529529,-0.120473
"WC1X8QF",51.529485,-0.120475
"WC1X8QH",51.529612,-0.120556
"WC1X8QJ",51.529648,-0.120583
"WC1X8QL",51.529731,-0.120681
"WC1X8QP",51.529858,-0.120791
"WC1X8QR",51.529858,-0.120791
"WC1X8QS",51.529985,-0.120872
"WC1X8QT",51.528865,-0.119996
"WC1X8QY",51.528491,-0.119665
"WC1X8QZ",51.528547,-0.119764
"WC1X8RA",51.526904,-0.118794
"WC1X8RB",51.52818,-0.119332
"WC1X8RH",51.527663,-0.119036
"WC1X8RX",51.520026,-0.120043
"WC1X8SF",51.520793,-0.116826
"WC1X8SH",51.520716,-0.115921
"WC1X8SL",51.520359,-0.117218
"WC1X8SP",51.520052,-0.118269
"WC1X8TA",51.519658,-0.11951
"WC1X8TL",51.522452,-0.114278
"WC1X8TN",51.519664,-0.120447
"WC1X8TP",51.52268,-0.114485
"WC1X8TQ",51.523702,-0.115408
"WC1X8TR",51.522643,-0.114443
"WC1X8TS",51.522789,-0.114538
"WC1X8TT",51.522843,-0.114564
"WC1X8TU",51.524142,-0.115952
"WC1X8TX",51.52321,-0.114982
"WC1X8TY",51.523373,-0.11509
"WC1X8TZ",51.523528,-0.115228
"WC1X8UB",51.524701,-0.116607
"WC1X8UE",51.52505,-0.117039
"WC1X8UL",51.523439,-0.114136
"WC1X8UW",51.526645,-0.118372
"WC1X8WB",51.520374,-0.119279
"WC1X8XG",51.52526,-0.116699
"WC1X8XZ",51.523439,-0.114136
"WC1X9AA",51.526932,-0.113285
"WC1X9AB",51.527882,-0.112496
"WC1X9AD",51.528424,-0.112142
"WC1X9AE",51.527123,-0.113436
"WC1X9AF",51.529132,-0.112546
"WC1X9AG",51.528976,-0.112884
"WC1X9AH",51.529654,-0.118709
"WC1X9AJ",51.528907,-0.111949
"WC1X9AN",51.529307,-0.111673
"WC1X9AP",51.529319,-0.111269
"WC1X9AQ",51.529454,-0.118602
"WC1X9AR",51.528925,-0.110838
"WC1X9AT",51.529037,-0.110531
"WC1X9AW",51.529003,-0.110648
"WC1X9AX",51.530534,-0.114722
"WC1X9AY",51.529454,-0.118602
"WC1X9AZ",51.528706,-0.110631
"WC1X9BA",51.528409,-0.111206
"WC1X9BB",51.529454,-0.118602
"WC1X9BD",51.527935,-0.111874
"WC1X9BG",51.52752,-0.112367
"WC1X9BH",51.527031,-0.112719
"WC1X9BJ",51.529585,-0.116102
"WC1X9BN",51.529958,-0.116909
"WC1X9BP",51.530056,-0.117395
"WC1X9BS",51.529988,-0.117643
"WC1X9BZ",51.53045,-0.118445
"WC1X9DA",51.530545,-0.118759
"WC1X9DB",51.530648,-0.118985
"WC1X9DE",51.530834,-0.118819
"WC1X9DF",51.530659,-0.11799
"WC1X9DG",51.530331,-0.118854
"WC1X9DH",51.530608,-0.117632
"WC1X9DJ",51.530672,-0.11711
"WC1X9DN",51.53073,-0.119659
"WC1X9DS",51.530247,-0.116435
"WC1X9DT",51.52955,-0.11557
"WC1X9DU",51.530448,-0.117177
"WC1X9EA",51.530412,-0.11552
"WC1X9EB",51.530621,-0.11567
"WC1X9ED",51.530919,-0.115701
"WC1X9EE",51.529534,-0.114562
"WC1X9EF",51.531028,-0.115207
"WC1X9EG",51.53097,-0.114964
"WC1X9EH",51.531176,-0.113831
"WC1X9EN",51.530746,-0.114497
"WC1X9EP",51.529823,-0.115227
"WC1X9ES",51.528845,-0.114259
"WC1X9ET",51.529168,-0.11364
"WC1X9EU",51.530183,-0.114131
"WC1X9EW",51.529823,-0.115227
"WC1X9EX",51.529565,-0.114834
"WC1X9EZ",51.529746,-0.113789
"WC1X9HA",51.530391,-0.113113
"WC1X9HB",51.530391,-0.113113
"WC1X9HD",51.531064,-0.112408
"WC1X9HE",51.530391,-0.113113
"WC1X9HF",51.530604,-0.111793
"WC1X9HG",51.530181,-0.111796
"WC1X9HH",51.530649,-0.11962
"WC1X9HJ",51.530303,-0.118798
"WC1X9HL",51.530196,-0.119436
"WC1X9HR",51.529898,-0.119362
"WC1X9HS",51.530455,-0.118171
"WC1X9HT",51.530343,-0.118522
"WC1X9HW",51.530849,-0.111927
"WC1X9HX",51.526382,-0.113741
"WC1X9HY",51.53025,-0.118295
"WC1X9HZ",51.530361,-0.117916
"WC1X9JD",51.530102,-0.118027
"WC1X9JE",51.530272,-0.1174
"WC1X9JF",51.529898,-0.119362
"WC1X9JG",51.529778,-0.119151
"WC1X9JH",51.529813,-0.11964
"WC1X9JL",51.529834,-0.116481
"WC1X9JN",51.529454,-0.118602
"WC1X9JS",51.529848,-0.117908
"WC1X9JT",51.530079,-0.117163
"WC1X9JX",51.529587,-0.116751
"WC1X9JY",51.529813,-0.11964
"WC1X9LE",51.529747,-0.117191
"WC1X9LF",51.529708,-0.117006
"WC1X9LG",51.529766,-0.1167
"WC1X9LJ",51.529863,-0.11661
"WC1X9LN",51.527331,-0.115172
"WC1X9LP",51.528141,-0.115787
"WC1X9LQ",51.527627,-0.11565
"WC1X9LR",51.528621,-0.115955
"WC1X9LS",51.527809,-0.115786
"WC1X9LT",51.528686,-0.116082
"WC1X9LW",51.527369,-0.115314
"WC1X9LX",51.528518,-0.116867
"WC1X9LZ",51.528327,-0.117812
"WC1X9NA",51.528946,-0.116071
"WC1X9NB",51.52853,-0.118179
"WC1X9ND",51.528781,-0.117
"WC1X9NE",51.52873,-0.117176
"WC1X9NF",51.528715,-0.11732
"WC1X9NG",51.528961,-0.116445
"WC1X9NH",51.529116,-0.115992
"WC1X9NL",51.529115,-0.116525
"WC1X9NP",51.528932,-0.117441
"WC1X9NT",51.528816,-0.118037
"WC1X9NW",51.528957,-0.117325
"WC1X9NX",51.529396,-0.116644
"WC1X9PA",51.527924,-0.114556
"WC1X9PD",51.527321,-0.114004
"WC1X9PF",51.527963,-0.113084
"WC1X9PG",51.528195,-0.11355
"WC1X9PH",51.528166,-0.112845
"WC1X9PJ",51.528416,-0.112734
"WC1X9PN",51.528695,-0.112765
"WC1X9PP",51.528943,-0.113058
"WC1X9PR",51.528759,-0.113383
"WC1X9PT",51.528442,-0.113771
"WC1X9PX",51.528162,-0.114835
"WC1X9QA",51.526731,-0.113625
"WC1X9QE",51.527542,-0.114889
"WC1X9QG",51.528206,-0.115352
"WC1X9QP",51.529304,-0.113173
"WC1X9QQ",51.529197,-0.110971
"WC1X9QR",51.529506,-0.112271
"WC1X9QT",51.529591,-0.111431
"WC1X9QU",51.529774,-0.111063
"WC1X9QW",51.528903,-0.115035
"WC1X9QX",51.530034,-0.111038
"WC1X9QZ",51.529946,-0.111676
"WC1X9RA",51.529845,-0.112141
"WC1X9RD",51.529626,-0.11303
"WC2A1AA",51.517941,-0.11396
"WC2A1AE",51.51602,-0.112453
"WC2A1AF",51.517907,-0.113471
"WC2A1AH",51.517642,-0.112127
"WC2A1AL",51.517348,-0.111721
"WC2A1AN",51.517642,-0.112127
"WC2A1AP",51.51784,-0.112667
"WC2A1AX",51.524565,-0.112042
"WC2A1DD",51.515873,-0.112243
"WC2A1DL",51.515942,-0.112096
"WC2A1DT",51.515365,-0.111991
"WC2A1DU",51.515447,-0.112059
"WC2A1EG",51.515838,-0.112331
"WC2A1EN",51.516282,-0.111981
"WC2A1ET",51.515691,-0.11215
"WC2A1EU",51.515619,-0.112139
"WC2A1HL",51.517,-0.112442
"WC2A1HP",51.516757,-0.111904
"WC2A1HR",51.516926,-0.111767
"WC2A1JA",51.516501,-0.112203
"WC2A1JE",51.516711,-0.112353
"WC2A1JF",51.516881,-0.112331
"WC2A1LA",51.515483,-0.111481
"WC2A1LB",51.515701,-0.111616
"WC2A1LF",51.513964,-0.110968
"WC2A1LG",51.514394,-0.110921
"WC2A1LR",51.514992,-0.111199
"WC2A1LS",51.515483,-0.111481
"WC2A1PL",51.514949,-0.111864
"WC2A1PN",51.517642,-0.112127
"WC2A1PP",51.514469,-0.111638
"WC2A1PU",51.51424,-0.11136
"WC2A1QS",51.517484,-0.112941
"WC2A1QT",51.517484,-0.112941
"WC2A1QU",51.517484,-0.112941
"WC2A2AB",51.514337,-0.11627
"WC2A2AD",51.513601,-0.116964
"WC2A2AE",51.514114,-0.116971
"WC2A2AP",51.514637,-0.117598
"WC2A2AQ",51.513658,-0.115996
"WC2A2AT",51.51498,-0.114889
"WC2A2AZ",51.513755,-0.115343
"WC2A2ES",51.515001,-0.117324
"WC2A2HA",51.51472,-0.117191
"WC2A2HB",51.514495,-0.117157
"WC2A2HD",51.514835,-0.115918
"WC2A2HE",51.514619,-0.117066
"WC2A2HT",51.514625,-0.118017
"WC2A2JB",51.515093,-0.112996
"WC2A2JD",51.515226,-0.112847
"WC2A2JF",51.515161,-0.11272
"WC2A2JL",51.515678,-0.112439
"WC2A2JR",51.514454,-0.111798
"WC2A2LL",51.513645,-0.113546
"WC2A3AA",51.516826,-0.118416
"WC2A3AB",51.517613,-0.115876
"WC2A3BP",51.516954,-0.117978
"WC2A3ED",51.517246,-0.116583
"WC2A3EG",51.517378,-0.115842
"WC2A3HP",51.517048,-0.11881
"WC2A3JA",51.516772,-0.118952
"WC2A3JB",51.516663,-0.118898
"WC2A3JH",51.516818,-0.119007
"WC2A3JW",51.516112,-0.118734
"WC2A3JX",51.516247,-0.118757
"WC2A3LH",51.516294,-0.118856
"WC2A3LJ",51.515532,-0.118469
"WC2A3LN",51.515532,-0.118469
"WC2A3LY",51.515093,-0.116916
"WC2A3LZ",51.514946,-0.117845
"WC2A3NA",51.515061,-0.117696
"WC2A3NN",51.51734,-0.113465
"WC2A3PD",51.517597,-0.115444
"WC2A3PE",51.515284,-0.1159
"WC2A3PF",51.515038,-0.117394
"WC2A3PH",51.515601,-0.114921
"WC2A3PP",51.515284,-0.1159
"WC2A3PT",51.524565,-0.112042
"WC2A3PZ",51.5159,-0.114505
"WC2A3QA",51.515863,-0.114449
"WC2A3QB",51.515754,-0.114381
"WC2A3QG",51.51559,-0.114273
"WC2A3QH",51.51539,-0.114137
"WC2A3QN",51.51539,-0.114137
"WC2A3QP",51.5152,-0.11403
"WC2A3QQ",51.515994,-0.11306
"WC2A3QS",51.515049,-0.113575
"WC2A3RD",51.514946,-0.117845
"WC2A3RH",51.517732,-0.114343
"WC2A3RJ",51.515184,-0.113021
"WC2A3RS",51.515268,-0.112686
"WC2A3SA",51.51565,-0.112959
"WC2A3SB",51.515952,-0.11273
"WC2A3SH",51.515856,-0.112864
"WC2A3SP",51.516669,-0.113666
"WC2A3SR",51.516669,-0.113666
"WC2A3SU",51.516669,-0.113666
"WC2A3SW",51.516041,-0.113231
"WC2A3SZ",51.517014,-0.113897
"WC2A3TA",51.517203,-0.113341
"WC2A3TD",51.517522,-0.113573
"WC2A3TG",51.517722,-0.113724
"WC2A3TH",51.517732,-0.114343
"WC2A3TL",51.516762,-0.114441
"WC2A3TN",51.51643,-0.114483
"WC2A3TP",51.515909,-0.114505
"WC2A3TS",51.517012,-0.11322
"WC2A3TX",51.517012,-0.113205
"WC2A3UA",51.516854,-0.112866
"WC2A3UE",51.516863,-0.112851
"WC2A3UJ",51.515952,-0.11273
"WC2A3UP",51.516095,-0.112681
"WC2A3UT",51.51647,-0.112478
"WC2A3WG",51.524565,-0.112042
"WC2A3XB",51.517826,-0.114051
"WC2A3XL",51.517596,-0.114262
"WC2A3XT",51.517286,-0.114044
"WC2B4AA",51.514374,-0.119713
"WC2B4AB",51.514206,-0.119893
"WC2B4AE",51.513688,-0.117349
"WC2B4AF",51.514038,-0.120087
"WC2B4AG",51.513941,-0.120221
"WC2B4AH",51.514054,-0.12049
"WC2B4AN",51.513664,-0.119728
"WC2B4AQ",51.513239,-0.118492
"WC2B4AS",51.513579,-0.118377
"WC2B4AT",51.513523,-0.118797
"WC2B4AU",51.515852,-0.119941
"WC2B4AW",51.513923,-0.11966
"WC2B4AY",51.513659,-0.118892
"WC2B4AZ",51.513868,-0.118999
"WC2B4BA",51.514856,-0.120068
"WC2B4BB",51.51311,-0.118281
"WC2B4BD",51.514195,-0.120903
"WC2B4BG",51.512578,-0.117092
"WC2B4BJ",51.514429,-0.120936
"WC2B4BQ",51.514289,-0.121158
"WC2B4BS",51.514527,-0.120298
"WC2B4BW",51.514577,-0.120613
"WC2B4BX",51.514486,-0.119983
"WC2B4BZ",51.511923,-0.119411
"WC2B4DD",51.512642,-0.119381
"WC2B4DE",51.524565,-0.112042
"WC2B4DF",51.513075,-0.118888
"WC2B4DG",51.512499,-0.119459
"WC2B4DN",51.512907,-0.119082
"WC2B4DR",51.512642,-0.119381
"WC2B4DS",51.513601,-0.116964
"WC2B4EJ",51.524565,-0.112042
"WC2B4HN",51.513658,-0.115996
"WC2B4JF",51.513413,-0.115328
"WC2B4JN",51.513413,-0.115328
"WC2B4LA",51.512916,-0.115695
"WC2B4LD",51.512499,-0.119459
"WC2B4LG",51.512916,-0.115695
"WC2B4LL",51.512926,-0.116372
"WC2B4LU",51.512916,-0.115695
"WC2B4NA",51.512553,-0.118333
"WC2B4PJ",51.512283,-0.117767
"WC2B4RD",51.492691,-0.142185
"WC2B4RL",51.514707,-0.121444
"WC2B4RR",51.513549,-0.116533
"WC2B4TS",51.514365,-0.119137
"WC2B5AA",51.515182,-0.121856
"WC2B5AB",51.515431,-0.122812
"WC2B5AD",51.514926,-0.12217
"WC2B5AE",51.515375,-0.121603
"WC2B5AF",51.515431,-0.122812
"WC2B5AH",51.51594,-0.120917
"WC2B5AJ",51.51433,-0.122007
"WC2B5AN",51.51591,-0.121841
"WC2B5AP",51.515388,-0.122367
"WC2B5AY",51.516095,-0.11996
"WC2B5AZ",51.515161,-0.121137
"WC2B5BB",51.515552,-0.121409
"WC2B5BD",51.515782,-0.121154
"WC2B5BH",51.515674,-0.121144
"WC2B5BL",51.51566,-0.12139
"WC2B5BZ",51.515568,-0.120702
"WC2B5DA",51.515489,-0.120302
"WC2B5DG",51.515957,-0.120888
"WC2B5DH",51.516183,-0.120345
"WC2B5DJ",51.516341,-0.120151
"WC2B5EF",51.516425,-0.121431
"WC2B5EG",51.516754,-0.121763
"WC2B5EL",51.517154,-0.121501
"WC2B5EN",51.517058,-0.121116
"WC2B5EP",51.51674,-0.120899
"WC2B5ER",51.516917,-0.121295
"WC2B5ES",51.516537,-0.121123
"WC2B5EU",51.513802,-0.121596
"WC2B5EX",51.513696,-0.121182
"WC2B5EZ",51.513352,-0.121024
"WC2B5HA",51.513596,-0.120524
"WC2B5HF",51.512815,-0.121175
"WC2B5HH",51.513248,-0.12074
"WC2B5HP",51.512493,-0.121895
"WC2B5HZ",51.512255,-0.121631
"WC2B5JD",51.512639,-0.120866
"WC2B5JF",51.512874,-0.120366
"WC2B5JS",51.512471,-0.120469
"WC2B5JT",51.512646,-0.120764
"WC2B5JY",51.512553,-0.11999
"WC2B5JZ",51.512254,-0.119844
"WC2B5LA",51.512189,-0.11976
"WC2B5LB",51.516082,-0.123607
"WC2B5LE",51.516761,-0.122224
"WC2B5LF",51.516082,-0.123607
"WC2B5LL",51.51661,-0.122345
"WC2B5LQ",51.5159,-0.123456
"WC2B5LR",51.516434,-0.122583
"WC2B5LT",51.516625,-0.122691
"WC2B5LW",51.516346,-0.122702
"WC2B5LX",51.516486,-0.121918
"WC2B5NA",51.516189,-0.121858
"WC2B5NB",51.515953,-0.122271
"WC2B5ND",51.51543,-0.122797
"WC2B5NE",51.515858,-0.123097
"WC2B5NF",51.51575,-0.12251
"WC2B5NG",51.51603,-0.122585
"WC2B5NH",51.515918,-0.122936
"WC2B5NJ",51.516234,-0.122462
"WC2B5NN",51.516277,-0.122287
"WC2B5NR",51.516137,-0.122567
"WC2B5NT",51.515564,-0.122158
"WC2B5PD",51.51543,-0.122797
"WC2B5PF",51.51543,-0.122797
"WC2B5PG",51.51543,-0.122797
"WC2B5PH",51.515486,-0.121743
"WC2B5PN",51.515037,-0.122396
"WC2B5PP",51.5159,-0.123456
"WC2B5PQ",51.515812,-0.12134
"WC2B5PR",51.516082,-0.123607
"WC2B5PS",51.516546,-0.120575
"WC2B5PT",51.516679,-0.120454
"WC2B5PY",51.513854,-0.122617
"WC2B5PZ",51.516318,-0.120397
"WC2B5QA",51.51543,-0.122797
"WC2B5QD",51.516123,-0.123922
"WC2B5QF",51.515701,-0.123377
"WC2B5QG",51.514973,-0.122283
"WC2B5QH",51.513702,-0.122652
"WC2B5QN",51.514179,-0.122143
"WC2B5QR",51.515431,-0.122812
"WC2B5QW",51.524565,-0.112042
"WC2B5QZ",51.51397,-0.122036
"WC2B5RB",51.515645,-0.123812
"WC2B5RE",51.51566,-0.124244
"WC2B5RG",51.515647,-0.121174
"WC2B5RH",51.515096,-0.123244
"WC2B5RL",51.514912,-0.123006
"WC2B5RR",51.514615,-0.122399
"WC2B5RX",51.514153,-0.121654
"WC2B5RZ",51.513898,-0.120871
"WC2B5SD",51.514102,-0.121295
"WC2B5SF",51.513961,-0.121431
"WC2B5SG",51.513389,-0.118875
"WC2B5SN",51.513774,-0.120444
"WC2B5SP",51.513449,-0.119809
"WC2B5SQ",51.513898,-0.120871
"WC2B5SR",51.51365,-0.119412
"WC2B5SS",51.513412,-0.11971
"WC2B5ST",51.51365,-0.119412
"WC2B5SU",51.513664,-0.119757
"WC2B5SZ",51.51575,-0.12251
"WC2B5TA",51.514438,-0.121455
"WC2B5TB",51.514553,-0.121363
"WC2B5TD",51.51464,-0.121749
"WC2B5UN",51.524565,-0.112042
"WC2B6AA",51.517236,-0.119841
"WC2B6AE",51.517092,-0.119832
"WC2B6AF",51.517508,-0.120017
"WC2B6AG",51.517065,-0.119833
"WC2B6AH",51.517041,-0.119474
"WC2B6AN",51.513356,-0.117925
"WC2B6AQ",51.517137,-0.119859
"WC2B6AT",51.513373,-0.118414
"WC2B6DS",51.516672,-0.118898
"WC2B6DX",51.516417,-0.119254
"WC2B6EL",51.516109,-0.119123
"WC2B6EP",51.516333,-0.119099
"WC2B6EX",51.515815,-0.118746
"WC2B6EY",51.516035,-0.119025
"WC2B6JR",51.515541,-0.118469
"WC2B6LE",51.514625,-0.118017
"WC2B6LH",51.514044,-0.117666
"WC2B6NH",51.51696,-0.120587
"WC2B6PA",51.516857,-0.120361
"WC2B6PN",51.516703,-0.120252
"WC2B6PP",51.516775,-0.120277
"WC2B6QU",51.516386,-0.120121
"WC2B6QX",51.516411,-0.120019
"WC2B6QY",51.516386,-0.120121
"WC2B6SE",51.51696,-0.120587
"WC2B6SR",51.515822,-0.119711
"WC2B6ST",51.515694,-0.119601
"WC2B6TD",51.515604,-0.119619
"WC2B6TE",51.514967,-0.119098
"WC2B6TP",51.514342,-0.118864
"WC2B6UF",51.514088,-0.118731
"WC2B6UJ",51.513898,-0.118609
"WC2B6UN",51.513716,-0.118487
"WC2B6XF",51.51348,-0.118352
"WC2B6XG",51.51352,-0.118048
"WC2B6YF",51.513898,-0.118609
"WC2E7AA",51.513721,-0.122767
"WC2E7AB",51.513544,-0.122904
"WC2E7AE",51.510077,-0.118709
"WC2E7AH",51.513515,-0.122804
"WC2E7AT",51.513209,-0.121635
"WC2E7AU",51.513034,-0.121383
"WC2E7AW",51.513702,-0.122652
"WC2E7BB",51.512123,-0.121247
"WC2E7BD",51.51242,-0.120673
"WC2E7BN",51.512374,-0.121194
"WC2E7DA",51.511765,-0.120224
"WC2E7DD",51.512069,-0.120111
"WC2E7DN",51.511923,-0.119411
"WC2E7DS",51.511265,-0.121556
"WC2E7DT",51.511743,-0.120542
"WC2E7DU",51.511991,-0.119739
"WC2E7EA",51.51013,-0.118605
"WC2E7ED",51.51013,-0.118605
"WC2E7EE",51.510557,-0.118919
"WC2E7EN",51.510557,-0.118919
"WC2E7HA",51.510983,-0.121914
"WC2E7HE",51.510856,-0.122395
"WC2E7HG",51.51067,-0.122042
"WC2E7JA",51.511192,-0.122626
"WC2E7JS",51.510652,-0.123686
"WC2E7JT",51.510521,-0.12395
"WC2E7LB",51.510869,-0.123244
"WC2E7LH",51.510945,-0.122895
"WC2E7LJ",51.511042,-0.122819
"WC2E7LL",51.51104,-0.122646
"WC2E7LN",51.511073,-0.122472
"WC2E7NA",51.510676,-0.122964
"WC2E7NB",51.510831,-0.122511
"WC2E7ND",51.510771,-0.122701
"WC2E7NE",51.510588,-0.123054
"WC2E7NG",51.510589,-0.123169
"WC2E7NJ",51.510574,-0.1233
"WC2E7NL",51.510547,-0.123344
"WC2E7NN",51.510393,-0.123264
"WC2E7NP",51.51033,-0.123843
"WC2E7NR",51.510296,-0.123916
"WC2E7NT",51.513166,-0.119561
"WC2E7NU",51.512971,-0.119728
"WC2E7NW",51.510771,-0.122701
"WC2E7NX",51.512659,-0.119885
"WC2E7NY",51.511442,-0.121376
"WC2E7NZ",51.511494,-0.121259
"WC2E7PA",51.512351,-0.12033
"WC2E7PB",51.51215,-0.120108
"WC2E7PG",51.511348,-0.122259
"WC2E7PH",51.511407,-0.12145
"WC2E7PN",51.510557,-0.118919
"WC2E7PP",51.511198,-0.121833
"WC2E7PS",51.512344,-0.120402
"WC2E7PW",51.511386,-0.12122
"WC2E7PX",51.511177,-0.120537
"WC2E7PY",51.511713,-0.120889
"WC2E7PZ",51.511693,-0.120746
"WC2E7QG",51.511484,-0.122326
"WC2E7QH",51.511486,-0.122455
"WC2E7RQ",51.511422,-0.120138
"WC2E8AA",51.512194,-0.121705
"WC2E8AB",51.512123,-0.121247
"WC2E8BD",51.51163,-0.121916
"WC2E8BE",51.512061,-0.122965
"WC2E8BG",51.51254,-0.123089
"WC2E8BH",51.512632,-0.123244
"WC2E8BT",51.513017,-0.123732
"WC2E8BU",51.513109,-0.123858
"WC2E8HB",51.512191,-0.123766
"WC2E8HD",51.512061,-0.122965
"WC2E8HH",51.511735,-0.123944
"WC2E8HN",51.511527,-0.124428
"WC2E8HR",51.511422,-0.124634
"WC2E8JD",51.51158,-0.124959
"WC2E8JF",51.511335,-0.124782
"WC2E8JG",51.511864,-0.124731
"WC2E8JS",51.511966,-0.124323
"WC2E8JY",51.512006,-0.124019
"WC2E8LH",51.510839,-0.123591
"WC2E8NA",51.511246,-0.123762
"WC2E8ND",51.510994,-0.124306
"WC2E8NL",51.511351,-0.123542
"WC2E8NS",51.512853,-0.124128
"WC2E8NT",51.512778,-0.123944
"WC2E8PA",51.512469,-0.123712
"WC2E8PS",51.511073,-0.123063
"WC2E8PT",51.511073,-0.123063
"WC2E8PU",51.511073,-0.123063
"WC2E8PW",51.51104,-0.123252
"WC2E8PY",51.510864,-0.123475
"WC2E8QG",51.510871,-0.123936
"WC2E8QH",51.510733,-0.124273
"WC2E8RA",51.512169,-0.123004
"WC2E8RB",51.511966,-0.12268
"WC2E8RD",51.512061,-0.122965
"WC2E8RE",51.512061,-0.122965
"WC2E8RF",51.512061,-0.122965
"WC2E8SB",51.510942,-0.124423
"WC2E9AA",51.512363,-0.126108
"WC2E9AB",51.512724,-0.126195
"WC2E9AD",51.512137,-0.126622
"WC2E9AR",51.51138,-0.125961
"WC2E9AU",51.51141,-0.126133
"WC2E9AX",51.511553,-0.126632
"WC2E9AY",51.511304,-0.126267
"WC2E9BA",51.511711,-0.126366
"WC2E9BD",51.511822,-0.126577
"WC2E9BF",51.511277,-0.125677
"WC2E9BH",51.511575,-0.125737
"WC2E9BJ",51.511807,-0.126189
"WC2E9BL",51.511543,-0.126589
"WC2E9BN",51.511591,-0.12676
"WC2E9BP",51.511648,-0.126974
"WC2E9BT",51.511822,-0.126577
"WC2E9BZ",51.512274,-0.125017
"WC2E9DA",51.513207,-0.123191
"WC2E9DD",51.513046,-0.122679
"WC2E9DG",51.512667,-0.124309
"WC2E9DH",51.512423,-0.124261
"WC2E9DJ",51.512431,-0.124722
"WC2E9DP",51.512071,-0.125285
"WC2E9DS",51.511901,-0.125306
"WC2E9EA",51.511915,-0.126228
"WC2E9EB",51.511662,-0.125546
"WC2E9ED",51.511252,-0.12467
"WC2E9EN",51.510613,-0.124105
"WC2E9EQ",51.511018,-0.125213
"WC2E9ER",51.51045,-0.124011
"WC2E9ES",51.511018,-0.125213
"WC2E9ET",51.511748,-0.12586
"WC2E9EU",51.510568,-0.124064
"WC2E9EZ",51.511921,-0.126011
"WC2E9FB",51.511826,-0.125165
"WC2E9FE",51.514451,-0.122866
"WC2E9HA",51.510158,-0.123749
"WC2E9HE",51.510621,-0.124595
"WC2E9HG",51.509735,-0.123752
"WC2E9HH",51.509735,-0.123752
"WC2E9HJ",51.510054,-0.124013
"WC2E9HP",51.510764,-0.125108
"WC2E9HR",51.512161,-0.124748
"WC2E9HW",51.512598,-0.123951
"WC2E9HZ",51.510054,-0.124013
"WC2E9JD",51.513961,-0.122584
"WC2E9JL",51.513612,-0.123247
"WC2E9JN",51.513814,-0.12295
"WC2E9JP",51.513386,-0.123155
"WC2E9JR",51.51335,-0.123719
"WC2E9JS",51.514253,-0.122269
"WC2E9JT",51.51276,-0.124507
"WC2E9JY",51.512628,-0.124685
"WC2E9LA",51.512559,-0.124875
"WC2E9LB",51.514447,-0.122016
"WC2E9LD",51.512246,-0.125537
"WC2E9LG",51.512938,-0.124399
"WC2E9LH",51.511952,-0.126298
"WC2E9LN",51.513192,-0.123985
"WC2E9LP",51.512075,-0.126106
"WC2E9LQ",51.512979,-0.124166
"WC2E9LU",51.51028,-0.125171
"WC2E9LY",51.512352,-0.125403
"WC2E9LZ",51.512403,-0.125228
"WC2E9NA",51.514738,-0.122811
"WC2E9NG",51.514518,-0.122561
"WC2E9NH",51.514863,-0.122749
"WC2E9NR",51.513561,-0.123955
"WC2E9NT",51.513166,-0.124577
"WC2E9PA",51.512773,-0.125299
"WC2E9PB",51.512863,-0.125339
"WC2E9PE",51.512618,-0.125767
"WC2E9RA",51.514171,-0.12331
"WC2E9RZ",51.514171,-0.12331
"WC2E9SZ",51.51276,-0.124507
"WC2E9TB",51.51272,-0.124264
"WC2H0AA",51.513033,-0.129237
"WC2H0AN",51.511783,-0.128626
"WC2H0AP",51.511291,-0.128242
"WC2H0AR",51.511082,-0.128669
"WC2H0AT",51.510777,-0.128696
"WC2H0AW",51.511291,-0.128242
"WC2H0BA",51.512935,-0.128708
"WC2H0BB",51.512236,-0.12829
"WC2H0BD",51.512655,-0.128633
"WC2H0BF",51.5127,-0.12866
"WC2H0BJ",51.5123,-0.128388
"WC2H0BL",51.512487,-0.128236
"WC2H0BN",51.512645,-0.128561
"WC2H0BP",51.512631,-0.12823
"WC2H0BS",51.51174,-0.128209
"WC2H0BT",51.512236,-0.12829
"WC2H0BU",51.512137,-0.128308
"WC2H0DA",51.511057,-0.128237
"WC2H0DB",51.510868,-0.128202
"WC2H0DE",51.510903,-0.128172
"WC2H0DG",51.510832,-0.128218
"WC2H0DH",51.510832,-0.128218
"WC2H0DP",51.513614,-0.129574
"WC2H0DT",51.514195,-0.129881
"WC2H0EA",51.515146,-0.130895
"WC2H0EB",51.514668,-0.130251
"WC2H0EP",51.510021,-0.128683
"WC2H0ER",51.509406,-0.129573
"WC2H0ES",51.510329,-0.1288
"WC2H0ET",51.510329,-0.1288
"WC2H0EW",51.515109,-0.130276
"WC2H0HA",51.509762,-0.12878
"WC2H0HE",51.509397,-0.128478
"WC2H0HF",51.510273,-0.128125
"WC2H0HG",51.510354,-0.128151
"WC2H0HH",51.509944,-0.127807
"WC2H0HR",51.510526,-0.128187
"WC2H0HS",51.510607,-0.128227
"WC2H0HU",51.510571,-0.128228
"WC2H0HX",51.510778,-0.12822
"WC2H0HZ",51.510534,-0.12872
"WC2H0JA",51.513735,-0.129237
"WC2H0JB",51.513816,-0.129277
"WC2H0JE",51.513779,-0.129163
"WC2H0JG",51.51411,-0.129092
"WC2H0JH",51.514206,-0.129434
"WC2H0JN",51.514377,-0.129485
"WC2H0JP",51.514523,-0.12958
"WC2H0JR",51.514701,-0.129515
"WC2H0LA",51.515309,-0.12985
"WC2H0NE",51.5122,-0.128825
"WC2H0QA",51.512137,-0.128308
"WC2H0QE",51.510534,-0.12872
"WC2H0QL",51.510607,-0.128227
"WC2H0QP",51.510607,-0.128227
"WC2H7AA",51.511698,-0.127822
"WC2H7AB",51.511786,-0.127689
"WC2H7AD",51.511429,-0.127862
"WC2H7AE",51.50978,-0.129385
"WC2H7AF",51.509764,-0.128924
"WC2H7AG",51.511322,-0.129077
"WC2H7AH",51.510041,-0.128798
"WC2H7AJ",51.511196,-0.12963
"WC2H7AL",51.511519,-0.129559
"WC2H7AN",51.511078,-0.128971
"WC2H7AQ",51.510844,-0.128981
"WC2H7AR",51.511052,-0.129073
"WC2H7AS",51.510844,-0.128981
"WC2H7AT",51.510054,-0.129042
"WC2H7AU",51.509775,-0.129068
"WC2H7AW",51.511078,-0.128971
"WC2H7AX",51.510849,-0.12875
"WC2H7BA",51.511776,-0.12988
"WC2H7BD",51.511595,-0.129815
"WC2H7BE",51.511564,-0.130695
"WC2H7BF",51.511289,-0.131485
"WC2H7BG",51.51135,-0.131367
"WC2H7BL",51.511094,-0.131118
"WC2H7BP",51.510963,-0.130244
"WC2H7BX",51.511339,-0.130099
"WC2H7BY",51.511494,-0.130237
"WC2H7BZ",51.511345,-0.130474
"WC2H7DD",51.524565,-0.112042
"WC2H7DE",51.510104,-0.129948
"WC2H7DF",51.508924,-0.13151
"WC2H7DH",51.509947,-0.131367
"WC2H7DQ",51.50908,-0.131128
"WC2H7DT",51.509823,-0.131516
"WC2H7DW",51.511466,-0.129042
"WC2H7DX",51.524565,-0.112042
"WC2H7EA",51.509176,-0.131542
"WC2H7ED",51.509028,-0.131246
"WC2H7EF",51.509202,-0.130864
"WC2H7EL",51.509731,-0.129646
"WC2H7EP",51.509162,-0.13065
"WC2H7ER",51.509037,-0.130698
"WC2H7HA",51.508771,-0.130363
"WC2H7HF",51.50919,-0.130144
"WC2H7HG",51.50919,-0.130144
"WC2H7HH",51.50919,-0.130144
"WC2H7HL",51.509658,-0.130168
"WC2H7HN",51.509661,-0.129808
"WC2H7HP",51.509661,-0.129808
"WC2H7HQ",51.509342,-0.13008
"WC2H7HR",51.509731,-0.129646
"WC2H7HS",51.509647,-0.129448
"WC2H7JA",51.511985,-0.12781
"WC2H7JB",51.512133,-0.127473
"WC2H7JD",51.512044,-0.128096
"WC2H7JE",51.511782,-0.127991
"WC2H7JH",51.511466,-0.129042
"WC2H7JJ",51.511834,-0.128998
"WC2H7JN",51.511918,-0.129773
"WC2H7JP",51.511931,-0.129455
"WC2H7JR",51.511963,-0.129785
"WC2H7JS",51.51188,-0.129068
"WC2H7JX",51.510768,-0.129301
"WC2H7JY",51.510454,-0.129314
"WC2H7JZ",51.510135,-0.129082
"WC2H7LA",51.510135,-0.129082
"WC2H7LE",51.510687,-0.12929
"WC2H7LH",51.509975,-0.129723
"WC2H7LU",51.510208,-0.130823
"WC2H7NA",51.510836,-0.130696
"WC2H7NG",51.511127,-0.12982
"WC2H7NN",51.509202,-0.130864
"WC2H7PQ",51.511997,-0.129107
"WC2H7PR",51.512138,-0.129447
"WC2H7PS",51.512349,-0.129179
"WC2H7PU",51.512337,-0.129568
"WC2H7PX",51.5122,-0.128825
"WC2H7PY",51.5122,-0.128825
"WC2H7PZ",51.5122,-0.128825
"WC2H7QA",51.5122,-0.128825
"WC2H7QB",51.5122,-0.128825
"WC2H7RJ",51.511494,-0.130237
"WC2H7RN",51.510963,-0.130244
"WC2H7RQ",51.511629,-0.127998
"WC2H7RR",51.50978,-0.129385
"WC2H8AA",51.513589,-0.129114
"WC2H8AB",51.515777,-0.128188
"WC2H8AD",51.513944,-0.128825
"WC2H8AF",51.513668,-0.128981
"WC2H8AG",51.515804,-0.12761
"WC2H8AH",51.514322,-0.128262
"WC2H8AJ",51.515835,-0.128387
"WC2H8AL",51.514524,-0.127994
"WC2H8AN",51.514868,-0.127562
"WC2H8AP",51.516052,-0.129085
"WC2H8AR",51.516079,-0.127368
"WC2H8BS",51.514638,-0.128941
"WC2H8BU",51.514479,-0.129092
"WC2H8DA",51.515427,-0.12764
"WC2H8DE",51.514671,-0.128176
"WC2H8DF",51.514671,-0.128176
"WC2H8DG",51.514638,-0.128941
"WC2H8DH",51.515049,-0.128737
"WC2H8DJ",51.515088,-0.128922
"WC2H8DL",51.515088,-0.128922
"WC2H8DN",51.514877,-0.127547
"WC2H8DP",51.516275,-0.126121
"WC2H8DR",51.516274,-0.12553
"WC2H8DS",51.514524,-0.127994
"WC2H8DW",51.516585,-0.125806
"WC2H8DX",51.516658,-0.125918
"WC2H8DY",51.516389,-0.125914
"WC2H8EB",51.516462,-0.126027
"WC2H8EE",51.516249,-0.126756
"WC2H8EG",51.516774,-0.12587
"WC2H8EH",51.516888,-0.12624
"WC2H8EJ",51.516122,-0.126704
"WC2H8EL",51.516194,-0.126701
"WC2H8EP",51.516428,-0.12672
"WC2H8HD",51.513242,-0.128796
"WC2H8HJ",51.513394,-0.128718
"WC2H8HL",51.513808,-0.128211
"WC2H8HQ",51.516302,-0.126105
"WC2H8HR",51.513887,-0.128078
"WC2H8JA",51.513701,-0.128273
"WC2H8JB",51.51477,-0.127033
"WC2H8JF",51.515338,-0.126577
"WC2H8JL",51.515392,-0.126575
"WC2H8JP",51.515276,-0.126623
"WC2H8JR",51.515223,-0.127288
"WC2H8LA",51.515988,-0.127286
"WC2H8LE",51.515473,-0.12771
"WC2H8LG",51.515361,-0.128565
"WC2H8LH",51.515713,-0.129214
"WC2H8LP",51.515299,-0.129173
"WC2H8LQ",51.51596,-0.12893
"WC2H8LS",51.515063,-0.129601
"WC2H8LW",51.515833,-0.128877
"WC2H8LX",51.51523,-0.129363
"WC2H8LZ",51.515176,-0.129394
"WC2H8NE",51.515263,-0.12978
"WC2H8NH",51.515465,-0.129455
"WC2H8NJ",51.515576,-0.129119
"WC2H8NU",51.516079,-0.127368
"WC2H8PA",51.513154,-0.128886
"WC2H8PW",51.513868,-0.12916
"WC2H8TD",51.515062,-0.129586
"WC2H8WZ",51.524565,-0.112042
"WC2H8YT",51.524565,-0.112042
"WC2H9AA",51.514794,-0.125173
"WC2H9AB",51.514561,-0.125197
"WC2H9AG",51.51566,-0.125901
"WC2H9AH",51.51547,-0.123603
"WC2H9AJ",51.515046,-0.125753
"WC2H9AN",51.515031,-0.124269
"WC2H9AP",51.514744,-0.125434
"WC2H9AR",51.51465,-0.125755
"WC2H9AS",51.514368,-0.126113
"WC2H9AT",51.514133,-0.126569
"WC2H9AU",51.513958,-0.126346
"WC2H9AW",51.514317,-0.126273
"WC2H9AX",51.514413,-0.125549
"WC2H9AY",51.514342,-0.125004
"WC2H9AZ",51.514133,-0.126569
"WC2H9BA",51.514511,-0.124911
"WC2H9BB",51.514428,-0.124237
"WC2H9BD",51.514565,-0.124375
"WC2H9BE",51.513958,-0.126346
"WC2H9BF",51.514561,-0.125197
"WC2H9BH",51.515107,-0.123373
"WC2H9BJ",51.514282,-0.124675
"WC2H9BN",51.514515,-0.125732
"WC2H9BP",51.514923,-0.123654
"WC2H9BQ",51.5146,-0.124302
"WC2H9BT",51.514767,-0.124021
"WC2H9BU",51.515073,-0.124037
"WC2H9BX",51.51502,-0.124111
"WC2H9BY",51.524565,-0.112042
"WC2H9DA",51.514882,-0.126711
"WC2H9DD",51.514307,-0.126778
"WC2H9DG",51.513366,-0.12699
"WC2H9DL",51.512871,-0.127486
"WC2H9DN",51.515506,-0.126412
"WC2H9DP",51.514529,-0.126582
"WC2H9DX",51.515246,-0.126437
"WC2H9DY",51.515305,-0.126204
"WC2H9DZ",51.515214,-0.126107
"WC2H9EA",51.512403,-0.127476
"WC2H9EB",51.514474,-0.124854
"WC2H9EE",51.514566,-0.12498
"WC2H9EF",51.51225,-0.126906
"WC2H9EG",51.512789,-0.127431
"WC2H9EL",51.513902,-0.123912
"WC2H9EP",51.513299,-0.127295
"WC2H9ER",51.514515,-0.126308
"WC2H9EU",51.514361,-0.126776
"WC2H9EW",51.513985,-0.126878
"WC2H9EY",51.51341,-0.126945
"WC2H9FA",51.513002,-0.125549
"WC2H9FB",51.512538,-0.126923
"WC2H9FD",51.514895,-0.123641
"WC2H9HA",51.513613,-0.127253
"WC2H9HB",51.51443,-0.127162
"WC2H9HD",51.514223,-0.127156
"WC2H9HE",51.514622,-0.123984
"WC2H9HG",51.514213,-0.124851
"WC2H9HJ",51.514274,-0.12469
"WC2H9HN",51.51408,-0.124972
"WC2H9HP",51.51374,-0.125043
"WC2H9HQ",51.514741,-0.124656
"WC2H9HU",51.51351,-0.126407
"WC2H9HW",51.513552,-0.126204
"WC2H9HZ",51.51401,-0.124528
"WC2H9JA",51.513354,-0.125117
"WC2H9JE",51.513671,-0.125233
"WC2H9JG",51.51334,-0.12591
"WC2H9JJ",51.51334,-0.12591
"WC2H9JL",51.51334,-0.12591
"WC2H9JN",51.513148,-0.126826
"WC2H9JP",51.512982,-0.126588
"WC2H9JQ",51.514895,-0.123641
"WC2H9JR",51.513151,-0.126436
"WC2H9JS",51.512816,-0.126854
"WC2H9JU",51.514508,-0.124147
"WC2H9JZ",51.512115,-0.126883
"WC2H9LA",51.513742,-0.125749
"WC2H9LD",51.513958,-0.126346
"WC2H9LE",51.51321,-0.127313
"WC2H9LF",51.514546,-0.127085
"WC2H9LG",51.513556,-0.12763
"WC2H9LH",51.513714,-0.126212
"WC2H9LJ",51.513775,-0.125561
"WC2H9LL",51.513749,-0.127896
"WC2H9LN",51.51358,-0.127442
"WC2H9LS",51.513958,-0.126346
"WC2H9LT",51.513949,-0.126346
"WC2H9LX",51.514057,-0.125736
"WC2H9LY",51.513704,-0.124468
"WC2H9NA",51.513233,-0.128235
"WC2H9NB",51.513338,-0.128591
"WC2H9ND",51.512996,-0.128014
"WC2H9NE",51.513012,-0.128431
"WC2H9NG",51.512755,-0.127562
"WC2H9NJ",51.512904,-0.128435
"WC2H9NL",51.512864,-0.128178
"WC2H9NP",51.513285,-0.128103
"WC2H9NQ",51.512946,-0.128246
"WC2H9NS",51.513103,-0.127375
"WC2H9NU",51.513283,-0.127411
"WC2H9NY",51.512266,-0.127337
"WC2H9NZ",51.512837,-0.12766
"WC2H9PA",51.514753,-0.12601
"WC2H9PE",51.514818,-0.126123
"WC2H9PJ",51.514779,-0.126514
"WC2H9PP",51.514742,-0.126429
"WC2H9PQ",51.514605,-0.12629
"WC2H9PR",51.514182,-0.125702
"WC2H9PS",51.514301,-0.125265
"WC2H9PU",51.513666,-0.124916
"WC2H9PW",51.51374,-0.125043
"WC2H9PX",51.514475,-0.12546
"WC2H9PZ",51.514532,-0.126207
"WC2H9QA",51.51275,-0.125588
"WC2H9QB",51.512887,-0.125683
"WC2H9QG",51.514402,-0.125967
"WC2H9QJ",51.513004,-0.126298
"WC2H9QL",51.513335,-0.124498
"WC2H9QN",51.512763,-0.125847
"WC2H9QP",51.512763,-0.125847
"WC2H9QQ",51.514155,-0.125156
"WC2H9QR",51.513361,-0.126644
"WC2H9QS",51.51384,-0.127374
"WC2H9QW",51.514046,-0.125059
"WC2H9RA",51.515268,-0.1256
"WC2H9RB",51.515268,-0.1256
"WC2H9RD",51.515268,-0.1256
"WC2H9RE",51.514963,-0.125051
"WC2H9RF",51.515443,-0.124714
"WC2H9RG",51.515111,-0.124742
"WC2H9RH",51.515443,-0.124714
"WC2H9RJ",51.515443,-0.124714
"WC2H9RQ",51.515443,-0.124714
"WC2H9RY",51.513361,-0.12833
"WC2H9RZ",51.513361,-0.12833
"WC2H9SA",51.513893,-0.123927
"WC2H9SB",51.51401,-0.124528
"WC2H9SD",51.513704,-0.124468
"WC2H9SE",51.513561,-0.123955
"WC2H9TP",51.515046,-0.125753
"WC2H9TZ",51.512904,-0.128435
"WC2H9UA",51.515423,-0.126271
"WC2H9UB",51.513549,-0.125455
"WC2H9US",51.513958,-0.126346
"WC2H9WQ",51.524565,-0.112042
"WC2N4AA",51.511512,-0.127412
"WC2N4AG",51.511287,-0.127406
"WC2N4AJ",51.511285,-0.127868
"WC2N4AL",51.510894,-0.12761
"WC2N4AP",51.510798,-0.127239
"WC2N4AS",51.510618,-0.127232
"WC2N4AT",51.510655,-0.127245
"WC2N4AU",51.511108,-0.127486
"WC2N4AX",51.510521,-0.127308
"WC2N4AZ",51.510372,-0.127545
"WC2N4BA",51.509999,-0.127286
"WC2N4BD",51.509918,-0.127275
"WC2N4BE",51.509781,-0.127137
"WC2N4BF",51.509781,-0.127137
"WC2N4BG",51.510204,-0.127206
"WC2N4BJ",51.511,-0.125761
"WC2N4BN",51.51095,-0.126008
"WC2N4BP",51.509938,-0.125761
"WC2N4BW",51.510756,-0.125699
"WC2N4DD",51.5096,-0.126524
"WC2N4DH",51.509612,-0.125602
"WC2N4DN",51.50939,-0.125179
"WC2N4DQ",51.510292,-0.125401
"WC2N4DS",51.510891,-0.125722
"WC2N4DU",51.510566,-0.125649
"WC2N4DW",51.509388,-0.12564
"WC2N4EA",51.510828,-0.126834
"WC2N4EH",51.510771,-0.126664
"WC2N4EJ",51.510449,-0.126735
"WC2N4ER",51.510017,-0.126709
"WC2N4ES",51.509911,-0.126296
"WC2N4EZ",51.510625,-0.127635
"WC2N4HE",51.510788,-0.12773
"WC2N4HG",51.510179,-0.125074
"WC2N4HN",51.509907,-0.12435
"WC2N4HP",51.509733,-0.125871
"WC2N4HS",51.509699,-0.125958
"WC2N4HU",51.510054,-0.124575
"WC2N4HW",51.509234,-0.126136
"WC2N4HX",51.510449,-0.126735
"WC2N4HZ",51.508913,-0.125746
"WC2N4JF",51.508474,-0.126412
"WC2N4JH",51.509296,-0.126609
"WC2N4JL",51.509665,-0.127242
"WC2N4JP",51.509786,-0.124658
"WC2N4JS",51.511262,-0.126975
"WC2N4LA",51.511162,-0.126388
"WC2N4LD",51.511223,-0.125665
"WC2N4LE",51.511205,-0.126257
"WC2N4LF",51.511017,-0.125703
"WC2N4LH",51.511,-0.126366
"WC2N4LJ",51.511042,-0.126177
"WC2N4LL",51.510919,-0.126369
"WC2N5AE",51.506678,-0.124324
"WC2N5AF",51.524565,-0.112042
"WC2N5AP",51.50727,-0.12479
"WC2N5AQ",51.506817,-0.122863
"WC2N5BW",51.507189,-0.126998
"WC2N5BX",51.506775,-0.125315
"WC2N5BY",51.506948,-0.126028
"WC2N5DA",51.507433,-0.125389
"WC2N5DB",51.507367,-0.125204
"WC2N5DE",51.506965,-0.123707
"WC2N5DG",51.506765,-0.122995
"WC2N5DJ",51.50608,-0.122375
"WC2N5DN",51.509097,-0.127684
"WC2N5DP",51.508364,-0.126849
"WC2N5DS",51.507279,-0.128695
"WC2N5DU",51.507209,-0.128294
"WC2N5DW",51.507211,-0.128381
"WC2N5DX",51.507211,-0.128381
"WC2N5EA",51.50727,-0.12479
"WC2N5EH",51.507526,-0.126177
"WC2N5EJ",51.507563,-0.126781
"WC2N5HR",51.507526,-0.126177
"WC2N5HS",51.508358,-0.124803
"WC2N5HX",51.508226,-0.124967
"WC2N5HY",51.508776,-0.124454
"WC2N5JB",51.508923,-0.124102
"WC2N5JR",51.507563,-0.126781
"WC2N5LH",51.509231,-0.123672
"WC2N5LL",51.508923,-0.124102
"WC2N5LR",51.509486,-0.123344
"WC2N5LS",51.509231,-0.123672
"WC2N5NF",51.507669,-0.125004
"WC2N5NG",51.507808,-0.125243
"WC2N5NP",51.507512,-0.124708
"WC2N5NS",51.506965,-0.123707
"WC2N5NT",51.507279,-0.124242
"WC2N5PB",51.507483,-0.125199
"WC2N5PD",51.507557,-0.125311
"WC2N5PE",51.507631,-0.125395
"WC2N5PH",51.507574,-0.124648
"WC2N5RD",51.50758,-0.125642
"WC2N5RJ",51.508094,-0.125722
"WC2N5RN",51.507563,-0.126781
"WC2N5RW",51.508923,-0.124102
"WC2N5SA",51.507846,-0.125962
"WC2N6AA",51.509662,-0.121983
"WC2N6AB",51.509414,-0.121676
"WC2N6AD",51.509607,-0.121898
"WC2N6AH",51.50977,-0.122569
"WC2N6AR",51.50829,-0.123912
"WC2N6AS",51.508445,-0.12405
"WC2N6AT",51.508445,-0.12405
"WC2N6AU",51.50848,-0.123962
"WC2N6AY",51.508445,-0.12405
"WC2N6BH",51.508747,-0.122697
"WC2N6BJ",51.508673,-0.122556
"WC2N6BL",51.509091,-0.122237
"WC2N6BN",51.508995,-0.123004
"WC2N6BP",51.508655,-0.124229
"WC2N6BX",51.508505,-0.123875
"WC2N6DF",51.508229,-0.123454
"WC2N6DR",51.508441,-0.123214
"WC2N6DU",51.508338,-0.122988
"WC2N6DX",51.507988,-0.124688
"WC2N6EF",51.508608,-0.123539
"WC2N6EG",51.508552,-0.123383
"WC2N6ET",51.508674,-0.123709
"WC2N6EZ",51.509396,-0.122743
"WC2N6HA",51.50926,-0.123238
"WC2N6HE",51.509065,-0.123463
"WC2N6HG",51.509153,-0.1233
"WC2N6HH",51.509131,-0.123604
"WC2N6HL",51.50884,-0.123962
"WC2N6HT",51.509091,-0.122237
"WC2N6HU",51.50856,-0.123887
"WC2N6HW",51.508655,-0.124229
"WC2N6JG",51.508805,-0.123488
"WC2N6JN",51.508666,-0.12322
"WC2N6JU",51.508769,-0.122942
"WC2N6LE",51.509414,-0.121676
"WC2N6LS",51.508668,-0.122802
"WC2N6LU",51.508961,-0.123135
"WC2N6NA",51.508577,-0.124419
"WC2N6ND",51.508217,-0.123829
"WC2N6NE",51.507958,-0.123378
"WC2N6NG",51.508087,-0.124122
"WC2N6NJ",51.507474,-0.122937
"WC2N6NL",51.508087,-0.124122
"WC2N6NN",51.50759,-0.123451
"WC2N6NQ",51.508374,-0.124644
"WC2N6NS",51.507216,-0.122515
"WC2N6NU",51.507551,-0.12096
"WC2N6PA",51.507388,-0.122062
"WC2N6PB",51.508382,-0.121214
"WC2N6RH",51.507988,-0.124688
"WC2N6RJ",51.50977,-0.122569
"WC2R0AA",51.510588,-0.120258
"WC2R0AB",51.510588,-0.120258
"WC2R0AG",51.51087,-0.119944
"WC2R0AL",51.510224,-0.122838
"WC2R0AP",51.510986,-0.119305
"WC2R0BA",51.510907,-0.119438
"WC2R0BL",51.510033,-0.119301
"WC2R0BN",51.509597,-0.121265
"WC2R0BP",51.509944,-0.119925
"WC2R0BU",51.510288,-0.119507
"WC2R0DA",51.510498,-0.1197
"WC2R0DE",51.509961,-0.122114
"WC2R0DT",51.509865,-0.121744
"WC2R0DU",51.510126,-0.121733
"WC2R0DW",51.510274,-0.121424
"WC2R0ET",51.510166,-0.120895
"WC2R0EW",51.51055,-0.120721
"WC2R0EX",51.510526,-0.120895
"WC2R0EY",51.510185,-0.120405
"WC2R0EZ",51.510341,-0.121104
"WC2R0HS",51.511247,-0.119856
"WC2R0JE",51.510853,-0.121083
"WC2R0JF",51.510963,-0.120675
"WC2R0JJ",51.511092,-0.120886
"WC2R0JR",51.50976,-0.124169
"WC2R0JS",51.50976,-0.124169
"WC2R0JT",51.51013,-0.123131
"WC2R0JU",51.510262,-0.123514
"WC2R0LP",51.510521,-0.122264
"WC2R0LQ",51.510635,-0.12151
"WC2R0LR",51.510706,-0.121464
"WC2R0LS",51.510604,-0.121857
"WC2R0LT",51.51049,-0.121992
"WC2R0LX",51.510514,-0.122394
"WC2R0NB",51.510362,-0.122415
"WC2R0NE",51.510319,-0.12259
"WC2R0NH",51.510345,-0.122502
"WC2R0NN",51.51004,-0.121967
"WC2R0NP",51.510459,-0.122901
"WC2R0NR",51.510152,-0.122827
"WC2R0NS",51.510126,-0.122843
"WC2R0NT",51.51013,-0.123131
"WC2R0PD",51.509883,-0.123429
"WC2R0PP",51.51028,-0.123499
"WC2R0PS",51.509926,-0.123312
"WC2R0PT",51.509943,-0.123225
"WC2R0PZ",51.509939,-0.123542
"WC2R0QE",51.509674,-0.12387
"WC2R0QN",51.509272,-0.124592
"WC2R0QS",51.509099,-0.125017
"WC2R0QU",51.50888,-0.125358
"WC2R0RE",51.51004,-0.121967
"WC2R0RG",51.508276,-0.126391
"WC2R0RH",51.508276,-0.126391
"WC2R0RL",51.51004,-0.121967
"WC2R0RN",51.510732,-0.116938
"WC2R0WF",51.524565,-0.112042
"WC2R0WY",51.524565,-0.112042
"WC2R0ZA",51.509865,-0.121744
"WC2R1AB",51.512003,-0.114882
"WC2R1AE",51.51264,-0.116456
"WC2R1AP",51.513088,-0.112993
"WC2R1AT",51.513127,-0.112631
"WC2R1BA",51.513356,-0.112347
"WC2R1BE",51.513382,-0.112289
"WC2R1BF",51.513462,-0.112213
"WC2R1BH",51.513312,-0.114641
"WC2R1DA",51.513513,-0.112053
"WC2R1DH",51.513183,-0.113882
"WC2R1DJ",51.512906,-0.113432
"WC2R1DP",51.512906,-0.113432
"WC2R1EA",51.512421,-0.11511
"WC2R1EH",51.512317,-0.115374
"WC2R1EP",51.512225,-0.115781
"WC2R1ES",51.512188,-0.116863
"WC2R1HA",51.512084,-0.118208
"WC2R1HG",51.511168,-0.11888
"WC2R1HH",51.511324,-0.118513
"WC2R1HL",51.511567,-0.117927
"WC2R1HS",51.524565,-0.112042
"WC2R1JA",51.511473,-0.118233
"WC2R1JD",51.511465,-0.118305
"WC2R1LA",51.510925,-0.117708
"WC2R1LT",51.510925,-0.117708
"WC2R1WD",51.524565,-0.112042
"WC2R2AB",51.50998,-0.117099
"WC2R2LS",51.511612,-0.116253
"WC2R2NA",51.511793,-0.115784
"WC2R2ND",51.511892,-0.11578
"WC2R2NS",51.511183,-0.115334
"WC2R2PG",51.511649,-0.112994
"WC2R2PH",51.511031,-0.113712
"WC2R2PN",51.510814,-0.111919
"WC2R2PP",51.50998,-0.117099
"WC2R3AA",51.512185,-0.112771
"WC2R3AL",51.511956,-0.112521
"WC2R3AT",51.512158,-0.11221
"WC2R3BD",51.511601,-0.112247
"WC2R3DA",51.512086,-0.114432
"WC2R3DX",51.511505,-0.113562
"WC2R3HU",51.512778,-0.113308
"WC2R3HY",51.512778,-0.113308
"WC2R3JE",51.512752,-0.112776
"WC2R3JF",51.51287,-0.112886
"WC2R3JH",51.512907,-0.11238
"WC2R3JJ",51.51314,-0.112846
"WC2R3LA",51.511996,-0.113326
"WC2R3LD",51.512434,-0.113149
"WC2R3LL",51.512791,-0.113553
"WC2R3XP",51.524565,-0.112042
