Postcode,Post Town,Dependent Locality,Double Dependent Locality,Thoroughfare,Dependent Thoroughfare,Building Number,Building Name,Sub Building Name,PO Box,Department Name,Organisation Name,UDPRN,Postcode Type,SU Organisation Identifier,Delivery Point Suffix
BF1 0AB,BFPO,,,BFPO 16,,,,,,,,99000002,L,,1A
BF1 0AE,BFPO,,,BFPO 19,,,,,,,,99000004,L,,1A
BF1 0AR,BFPO,,,BFPO 44,,,,,,,,99000013,L,,1A
BF1 0AT,BFPO,,,BFPO 46,,,,,,,,99000685,L,,1A
BF1 0AX,BFPO,,,BFPO 105,,,,,,,,99000015,L,,1A
BF1 0DL,BFPO,,,BFPO 109,,,,,,,,99000016,L,,1A
BF1 1AA,BFPO,,,BFPO 801,,,,,,,,99000020,L,,1A
BF1 1AD,BFPO,,,BFPO 805,,,,,,,,99000022,L,,1A
BF1 1AE,BFPO,,,BFPO 806,,,,,,,,99000023,L,,1A
BF1 1AG,BFPO,,,BFPO 808,,,,,,,,99000024,L,,1A
BF1 1AH,BFPO,,,BFPO 825,,,,,,,,99000025,L,,1A
BF1 2AA,BFPO,,,BFPO 6,,,,,,,,99000026,L,,1A
BF1 2AB,BFPO,,,BFPO 8,,,,,,,,99000027,L,,1A
BF1 2AG,BFPO,,,BFPO 26,,,,,,,,99000029,L,,1A
BF1 2AH,BFPO,,,BFPO 28,,,,,,,,99000030,L,,1A
BF1 2AN,BFPO,,,BFPO 49,,,,,,,,99000031,L,,1A
BF1 2AQ,BFPO,,,BFPO 50,,,,,,,,99000032,L,,1A
BF1 2AR,BFPO,,,BFPO 52,,,,,,,,99000033,L,,1A
BF1 2AS,BFPO,,,BFPO 53,,,,,,,,99000034,L,,1A
BF1 2AT,BFPO,,,BFPO 57,,,,,,,,99000035,L,,1A
BF1 2AU,BFPO,,,BFPO 58,,,,,,,,99000036,L,,1A
BF1 2AW,BFPO,,,BFPO 59,,,,,,,,99000037,L,,1A
BF1 2AX,BFPO,,,BFPO 56,,,,,,,,99000678,L,,1A
BF1 2AY,BFPO,,,BFPO 61,,,,,,,,99000038,L,,1A
BF1 2BA,BFPO,,,BFPO 65,,,,,,,,99000039,L,,1A
BF1 2BE,BFPO,,,BFPO 68,,,,,,,,99000679,L,,1A
BF1 3AA,BFPO,,,BFPO 2,,,,,,,,99000041,L,,1A
BF1 3AD,BFPO,,,BFPO 4,,,,,,,,99000042,L,,1A
BF1 3AF,BFPO,,,BFPO 10,,,,,,,,99000043,L,,1A
BF1 3AG,BFPO,,,BFPO 11,,,,,,,,99000044,L,,1A
BF1 3AH,BFPO,,,BFPO 12,,,,,,,,99000045,L,,1A
BF1 3AJ,BFPO,,,BFPO 14,,,,,,,,99000046,L,,1A
BF1 3AQ,BFPO,,,BFPO 63,,,,,,,,99000047,L,,1A
BF1 3AS,BFPO,,,BFPO 64,,,,,,,,99000728,L,,1A
BF1 3AU,BFPO,,,BFPO 66,,,,,,,,99000729,L,,1A
BF1 3BD,BFPO,,,BFPO 73,,,,,,,,99000741,L,,1A
BF1 3BF,BFPO,,,BFPO 75,,,,,,,,99000736,L,,1A
BF1 3BN,BFPO,,,BFPO 80,,,,,,,,99000772,L,,1A
BF1 3BS,BFPO,,,BFPO 84,,,,,,,,99000788,L,,1A
BF1 4AF,BFPO,,,BFPO 204,,,,,,,,99000048,L,,1A
BF1 4AG,BFPO,,,BFPO 205,,,,,,,,99000049,L,,1A
BF1 4AL,BFPO,,,BFPO 208,,,,,,,,99000050,L,,1A
BF1 4AP,BFPO,,,BFPO 210,,,,,,,,99000051,L,,1A
BF1 4AS,BFPO,,,BFPO 213,,,,,,,,99000052,L,,1A
BF1 4AT,BFPO,,,BFPO 214,,,,,,,,99000053,L,,1A
BF1 4AW,BFPO,,,BFPO 216,,,,,,,,99000686,L,,1A
BF1 4BB,BFPO,,,BFPO 221,,,,,,,,99000055,L,,1A
BF1 4BD,BFPO,,,BFPO 222,,,,,,,,99000056,L,,1A
BF1 4BN,BFPO,,,BFPO 229,,,,,,,,99000057,L,,1A
BF1 4BQ,BFPO,,,BFPO 231,,,,,,,,99000058,L,,1A
