2020/04/20,08:21:48,I,01,YO13 9DY,SCARBOROUGH,Sawdon,,Main Street,, ,The Follans,,,,,56113412,S, ,2Z,40795321,0,1,19947
2020/04/20,08:44:41,I,01,YO14 0EQ,FILEY,Muston,,Scarborough Road,, ,Muston Cottage Farm,Barn Owl Cottage,,,,56113599,S, ,1S,40795507,0,1,19516
2020/04/20,10:42:55,I,01,PL32 9TT,CAMELFORD,Slaughter Bridge,,,, ,Skye,,,,,56088267,S, ,2Q,40766209,0,1,3895
2020/04/20,10:55:15,B,02,PL13 1JP,LOOE,,,Bay View Road,, ,Jalna,,,,,19044720,S, ,1T,22498233,0,1,4131
2020/04/20,10:55:15,C,02,PL13 1JP,LOOE,,,Bay View Road,, ,Pink Flamingos,,,,,19044720,S, ,1T,22498233,0,1,4131
2020/04/20,10:59:40,D,02,PL31 1LW,BODMIN,,,Barn Lane,, ,The Barn,,,,Bodmin Plumbing & Allied Services,19142299,S,Y,1Q,30676278,2328735,1,3650
2020/04/20,10:59:40,I,02,PL31 1LW,BODMIN,,,Barn Lane,, ,The Barn,,,,,19142299,S, ,1Q,40795875,0,1,3650
2020/04/20,10:59:58,I,01,YO25 8DH,DRIFFIELD,Atwick,,Church Lane,, ,Primrose Lodge,,,,,55738767,S, ,2G,40373490,0,1,19252
2020/04/20,11:39:17,I,01,YO8 9SS,SELBY,Brayton,,Hollytree Way,,25,,,,,,55348514,S, ,2N,39924004,0,1,19967
2020/04/20,12:22:11,I,01,YO12 4RF,SCARBOROUGH,Seamer,,Main Street,, ,72a,,,,,55708570,S, ,3G,40337801,0,1,19950
2020/04/20,12:23:05,I,01,YO17 7FN,MALTON,,,Wheatlands,,4,,,,,,53014070,S, ,1B,37125714,0,1,19652
2020/04/20,12:26:14,I,01,YO18 8EZ,PICKERING,,,Carr Field Close,,29,,,,,,55273403,S, ,1T,39843618,0,1,19775
2020/04/20,12:27:12,I,01,YO18 8EZ,PICKERING,,,Carr Field Close,,32,,,,,,55273424,S, ,2U,39843641,0,1,19775
2020/04/20,12:27:40,I,01,YO18 8EZ,PICKERING,,,Carr Field Close,,34,,,,,,55273425,S, ,2W,39843642,0,1,19775
2020/04/20,12:29:37,I,01,YO18 8EZ,PICKERING,,,Carr Field Close,,36,,,,,,55273426,S, ,2X,39843643,0,1,19775
2020/04/20,12:30:33,I,01,YO19 4AE,YORK,Fulford,,Bishopdale Way,,6,,,,,,55274560,S, ,3E,39844823,0,1,20305
2020/04/20,12:30:33,I,01,YO19 4AE,YORK,Fulford,,Bishopdale Way,,23,,,,,,55274527,S, ,1P,39844790,0,1,20305
2020/04/20,12:34:09,I,01,YO19 4AG,YORK,Fulford,,Porter Avenue,,9,,,,,,55274602,S, ,1F,39844868,0,1,20305
2020/04/20,12:34:55,I,01,YO19 5UD,YORK,Holtby,,Main Street,, ,3 Newsham House Barns,,,,,55795302,S, ,3E,40435689,0,1,20354
2020/04/20,12:36:34,I,01,YO19 6PX,YORK,Riccall,,Main Street,, ,1 Park View Mews,,,,,55815472,S, ,2A,40463890,0,1,20461
2020/04/20,12:37:41,I,01,YO21 1AQ,WHITBY,,,Endurance Way,,6,,,,,,55268896,S, ,1H,39838886,0,1,20166
2020/04/20,12:38:28,I,01,YO21 3TP,WHITBY,Dunsley,,Dunsley Lane,, ,Warnbeck Farm,The Granary,,,,54618439,S, ,1D,39070262,0,1,20176
2020/04/20,12:39:09,I,01,YO23 1AR,YORK,,,Lower Darnborough Street,, ,2 Clementhorpe Maltings,,,,,54241644,S, ,2N,38619591,0,1,20217
2020/04/20,12:40:06,I,01,YO24 1DJ,YORK,,,Mount Vale,,149,,,,,,55081489,S, ,1Y,39620624,0,1,20217
2020/04/20,12:40:55,I,01,YO24 1HX,YORK,,,Dante Way,,9,,,,,,55651542,S, ,1L,40268962,0,1,20217
2020/04/20,12:41:32,I,01,YO24 4EY,YORK,,,Acomb Road,,126,,Apartment 7,,,,55711902,S, ,2B,40341768,0,1,20217
2020/04/20,12:42:09,I,01,YO24 4FA,YORK,,,Cheltenham Court,,2,,,,,,55643480,S, ,1B,40259524,0,1,20217
2020/04/20,12:42:52,I,01,YO25 5AS,DRIFFIELD,,,Collinson Close,,5,,,,,,54864694,S, ,1F,39377034,0,1,19250
2020/04/20,12:43:33,I,01,YO25 5GE,DRIFFIELD,,,Nalton Drive,,5,,,,,,55630457,S, ,1D,40245842,0,1,19250
2020/04/20,12:43:57,I,01,YO25 5GE,DRIFFIELD,,,Nalton Drive,,12,,,,,,55630491,S, ,2W,40245876,0,1,19250
2020/04/20,12:45:11,I,01,YO25 8UN,DRIFFIELD,Brandesburton,,Burton Fields,,12,,,,,,55603439,S, ,1Q,40211058,0,1,19258
2020/04/20,12:45:56,I,01,YO25 9FG,DRIFFIELD,,,Hudson Close,,6,,,,,,55358189,S, ,1D,39935156,0,1,19250
2020/04/20,12:47:11,I,01,YO26 6LU,YORK,Nether Poppleton,,Sandyridge,, ,8a,,,,,55803066,S, ,1Q,40447945,0,1,20421
2020/04/20,12:48:11,I,01,YO26 6QN,YORK,Upper Poppleton,,Burlands Lane,, ,Huntsham Barns,The Granary,,,,55194426,S, ,1E,39748347,0,1,20531
2020/04/20,12:49:29,I,01,YO42 2DW,YORK,Pocklington,,Barmby Road,,75,,,,,,54625328,S, ,2Y,39079237,0,1,20451
2020/04/20,12:50:10,I,01,YO42 2HG,YORK,Pocklington,,The Mile,,52,,,,,,55132528,S, ,1X,39677017,0,1,20451
2020/04/20,12:51:13,I,01,YO42 2TS,YORK,Pocklington,,Robson Avenue,,20,,,,,,55499809,S, ,2Q,40088017,0,1,20451
2020/04/20,12:51:56,I,01,YO42 2TS,YORK,Pocklington,,Robson Avenue,,41,,,,,,55499798,S, ,2A,40088006,0,1,20451
2020/04/20,12:52:37,I,01,YO51 9FW,YORK,Boroughbridge,,Chestnut Drive,,11,,,,,,55180167,S, ,1G,39730729,0,1,20249
2020/04/20,12:53:14,I,01,YO51 9GG,YORK,Boroughbridge,Milby,Wren Drive,,94,,,,,,55463025,S, ,3H,40045987,0,1,20255
2020/04/20,12:54:02,I,01,YO7 3FG,THIRSK,Sowerby,,Primrose Drive,,38,,,,,,55181273,S, ,2Z,39732884,0,1,20158
2020/04/20,12:59:43,I,01,YO8 4JS,SELBY,,,Market Cross,,17,,Flat,,,,55958774,S, ,3Z,40614517,0,1,19962
2020/04/20,13:00:45,I,01,YO8 5NP,SELBY,Barlby,,Greenfield Drive,,6,,,,,,54106347,S, ,1Q,38458278,0,1,19964
2020/04/20,13:00:49,I,01,YO8 5NP,SELBY,Barlby,,Greenfield Drive,,16,,,,,,54799701,S, ,1W,39295270,0,1,19964
2020/04/20,13:02:01,I,01,YO8 9SS,SELBY,Brayton,,Hollytree Way,,27,,,,,,55348515,S, ,2P,39924005,0,1,19967
2020/04/20,13:02:01,I,01,YO8 9SS,SELBY,Brayton,,Hollytree Way,,30,,,,,,55348502,S, ,1X,39923992,0,1,19967
2020/04/20,13:02:01,I,01,YO8 9SS,SELBY,Brayton,,Hollytree Way,,32,,,,,,55348503,S, ,1Y,39923993,0,1,19967
2020/04/20,13:02:53,I,01,YO8 9TZ,SELBY,Thorpe Willoughby,,Farrier Close,,6,,,,,,54720229,S, ,1G,39192249,0,1,19998
2020/04/20,13:02:53,I,01,YO8 9TZ,SELBY,Thorpe Willoughby,,Farrier Close,,12,,,,,,54720235,S, ,1Q,39192255,0,1,19998
2020/04/20,13:50:38,I,02,YO26 0AS,YORK,,,,, ,,,487,,,28506523,L, ,1A,2491745,0,1,20217
2020/04/20,14:17:16,I,01,PL9 8FA,PLYMOUTH,Sherford,,Hercules Road,,61,,,,,,54560969,S, ,1R,38999838,0,1,91667
2020/04/20,14:24:43,B,02,PL4 9QB,PLYMOUTH,,,Grenville Road,,137,,,,,,18961647,S, ,1H,11831744,0,1,7775
2020/04/20,14:24:43,C,02,PL4 9QB,PLYMOUTH,,,Grenville Road,,137,,,,,,18961647,S, ,1H,11831744,0,2,7775
2020/04/20,14:50:30,I,01,YO1 0LW,YORK,,,,, ,,,780,,,56114495,L, ,1A,2770331,0,1,20217
2020/04/20,14:57:45,I,02,PL14 4RA,LISKEARD,Herodsfoot,,,, ,West Park Barn,,,,,56114510,S, ,1G,40796371,0,1,4098
2020/04/20,15:02:59,D,02,PL30 3NP,BODMIN,St. Tudy,,,, ,Penvose Manor Farm,,,,,19137361,S, ,1E,25831975,0,1,3706
2020/04/20,15:02:59,I,02,PL30 3NR,BODMIN,St. Tudy,,,, ,Penvose Manor Farm,,,,,19137361,S, ,1P,40796373,0,1,3706
2020/04/20,15:04:06,D,02,PL30 3NR,BODMIN,St. Tudy,,,, ,Penvose Manor Farm,,,,,19137361,S, ,1P,40796373,0,1,3706
2020/04/20,15:04:06,I,02,PL30 3NP,BODMIN,St. Tudy,,,, ,Penvose Manor Farm,,,,,19137361,S, ,1R,40796374,0,1,3706
2020/04/20,15:33:49,I,01,YO1 9RD,YORK,,,Clifford Street,, ,The Old Fire Station 18a,,,,,55920544,S, ,2Q,40573777,0,1,20217
2020/04/20,15:36:06,I,01,YO1 9SQ,YORK,,,Lower Friargate,, ,Greyfriars House,Apartment 5,,,,55987677,S, ,1F,40649642,0,1,20217
2020/04/20,15:36:58,I,01,YO10 3WH,YORK,,,Lawrence Street,, ,56 The Tannery,,,,,27970130,S, ,2E,36376244,0,1,20217
2020/04/20,15:37:48,I,01,YO12 4HF,SCARBOROUGH,,,Seamer Road,,178,Lidl UK GmbH,,,,,54424527,S, ,1Q,38841222,0,1,19922
2020/04/20,15:38:09,D,02,YO12 4HF,SCARBOROUGH,,,Seamer Road,,178,Lidl UK GmbH,,,,,54424527,S, ,1Q,38841222,0,1,19922
2020/04/20,16:50:46,I,01,YO25 6NU,DRIFFIELD,,,Beechwood Lane,, ,Field View Lodge,,,,,56094925,S, ,1N,40772912,0,1,19250
2020/04/21,10:12:10,D,02,YO8 9EE,SELBY,Brayton,,Chapel Lane,,3,,,,,,27242215,S, ,1L,22755408,0,1,19967
2020/04/21,10:14:47,I,02,YO8 9ED,SELBY,Brayton,,Lynton Close,, ,3 Brayton House,,,,,56114795,S, ,1T,40796566,0,1,19967
2020/04/21,10:44:31,I,01,PL26 7LE,ST. AUSTELL,St. Stephen,,,, ,Court Farm,The Old Forge,,,,55520362,S, ,2P,40111594,0,1,4591
2020/04/21,12:08:47,B,02,PL15 7NW,LAUNCESTON,Bathpool,,,, ,Tregraram,,,,,19061163,S, ,2S,26288145,0,1,4014
2020/04/21,12:08:47,C,02,PL15 7NW,LAUNCESTON,Bathpool,,,, ,Tregaram,,,,,19061163,S, ,2S,26288145,0,1,4014
2020/04/21,13:55:27,D,03,YO8 1DU,SELBY,,,,, ,,,245,,,55857220,L, ,1A,2760839,0,1,19962
2020/04/21,14:22:24,D,03,PL17 0AU,CALLINGTON,,,,, ,,,96,,,55875175,L, ,1A,2761602,0,1,3763
2020/04/22,08:28:12,B,02,YO12 5AF,SCARBOROUGH,,,Londesborough Road,,66,Unit 1 & 6,,,,Cleaning Etc,56100555,S,Y,3H,40779088,4104358,1,19922
2020/04/22,08:28:12,C,02,YO12 5AF,SCARBOROUGH,,,Londesborough Road,,66,,Unit 1 & 6,,,Cleaning Etc,56100555,S,Y,3H,40779088,4104358,1,19922
2020/04/22,08:50:46,I,01,YO32 9UP,YORK,Stockton On The Forest,,The Village,, ,,,,,Scout Association,56115885,S,Y,3P,27923984,4105892,1,20506
2020/04/22,08:56:52,I,01,YO24 1HX,YORK,,,Dante Way,,1,,,,,,55651534,S, ,1A,40268954,0,1,20217
2020/04/22,08:56:52,I,01,YO24 1HX,YORK,,,Dante Way,,2,,,,,,55651535,S, ,1B,40268955,0,1,20217
2020/04/22,08:56:52,I,01,YO24 1HX,YORK,,,Dante Way,,3,,,,,,55651536,S, ,1D,40268956,0,1,20217
2020/04/22,08:56:52,I,01,YO24 1HX,YORK,,,Dante Way,,4,,,,,,55651537,S, ,1E,40268957,0,1,20217
2020/04/22,08:56:52,I,01,YO24 1HX,YORK,,,Dante Way,,5,,,,,,55651538,S, ,1F,40268958,0,1,20217
2020/04/22,08:56:52,I,01,YO24 1HX,YORK,,,Dante Way,,8,,,,,,55651541,S, ,1J,40268961,0,1,20217
2020/04/22,09:01:04,B,02,PL23 1AH,FOWEY,,,Fore Street,,37,,,,,Fowey Fish,19097076,S,Y,1T,29381830,1895640,1,3927
2020/04/22,09:01:04,C,02,PL23 1AH,FOWEY,,,Fore Street,,37,,,,,Quay Bakery Ltd,19097076,S,Y,1T,29381830,1895640,1,3927
2020/04/22,10:15:31,D,02,PL27 6PQ,WADEBRIDGE,St. Minver,Pityme,,, ,Trezego,,,,,56106680,S, ,1R,40788281,0,1,4790
2020/04/22,10:28:26,B,02,PL27 6PQ,WADEBRIDGE,St. Minver,Pityme,,, ,Pitymenot,,,,,19127745,S, ,1D,20473604,0,1,4790
2020/04/22,10:28:26,C,02,PL27 6PQ,WADEBRIDGE,St. Minver,Pityme,,, ,Trezego,,,,,19127745,S, ,1D,20473604,0,1,4790
2020/04/22,11:21:50,I,01,PL25 4BP,ST. AUSTELL,,,Palace Road,, ,The Birches,,,,,55215976,S, ,1P,40451788,0,1,4511
2020/04/22,12:45:13,I,01,YO43 4EB,YORK,Holme-on-Spalding-Moor,,Cliffe Lane,, ,Woodlands Farm,Eastwood House,,,,54548844,S, ,1P,38986863,0,1,20352
2020/04/22,12:50:03,I,01,PL1 9GE,PLYMOUTH,,,,, ,,,218,,Theatre Royal Plymouth,56116503,L, ,1A,2770447,0,1,7775
2020/04/22,12:54:09,I,01,PL6 5WR,PLYMOUTH,Derriford,,William Prance Road,,10,C R G W Plymouth,,,,,55949757,S, ,3W,40605098,0,1,7793
2020/04/22,12:54:34,D,02,PL6 5WR,PLYMOUTH,Derriford,,William Prance Road,,10,C R G W Plymouth,,,,,55949757,S, ,3W,40605098,0,1,7793
2020/04/22,12:54:34,I,02,PL6 5WR,PLYMOUTH,Derriford,,William Prance Road,,10,,,,,C R G W Plymouth,55949757,S,Y,3W,40798317,4105973,1,7793
2020/04/22,15:22:35,I,01,PL32 9UD,CAMELFORD,,,Green Meadows,,20,,,,,,55835512,S, ,2W,40485317,0,1,3887
2020/04/22,15:22:35,I,01,PL32 9UD,CAMELFORD,,,Green Meadows,,21,,,,,,55835513,S, ,2X,40485318,0,1,3887
2020/04/22,15:22:35,I,01,PL32 9UD,CAMELFORD,,,Green Meadows,,22,,,,,,55835514,S, ,2Y,40485319,0,1,3887
2020/04/22,16:08:20,I,02,PL25 5BU,ST. AUSTELL,,,Pentewan Road,, ,,,,,Niles Bakery,56117047,S,Y,3D,20471736,4106007,1,4511
2020/04/22,17:43:03,I,02,PL26 7LE,ST. AUSTELL,St. Stephen,,,, ,,,,,Court Farm Campsite,56117071,S,Y,2Q,40798882,4106013,1,4591
2020/04/23,08:33:16,D,02,PL31 2DB,BODMIN,,,Mount Folly,, ,,,,,Stable Art,50296690,S,Y,1U,36135208,3351716,1,3650
2020/04/23,08:33:16,I,02,PL31 2DB,BODMIN,,,Mount Folly,, ,Gormenghast,,,,,50296690,S, ,1U,40798889,0,1,3650
2020/04/23,14:11:57,I,01,YO11 3JZ,SCARBOROUGH,Eastfield,,Pheasant Way,,19,,,,,,55687931,S, ,1L,40312429,0,1,19931
2020/04/23,14:58:32,D,07,PL30 5YN,BODMIN,,,,, ,,,13,,Clarke Engineering Co Ltd,19140472,L, ,1A,2267707,0,1,3650
2020/04/23,15:31:26,D,02,YO22 4LX,WHITBY,,,Larpool Lane Industrial Estate,, ,Unit 3e,,,,,27346612,S, ,1W,33659490,0,1,20166
2020/04/23,15:31:26,I,02,YO22 4LX,WHITBY,,,Larpool Lane Industrial Estate,, ,Unit 3e,,,,Cardmore Ltd,27346612,S,Y,1W,40799537,4106131,1,20166
2020/04/23,19:14:16,D,02,YO19 4AW,YORK,Fulford,,Harden Way,,11,,,,,,55275177,S, ,1G,39845490,0,1,20305
2020/04/24,08:50:15,B,02,YO10 5NF,YORK,Heslington,,Garrowby Way,, ,Hickleton Court,Flat 1 Block C,,,,27256124,S, ,1D,31095413,0,3,20346
2020/04/24,08:50:15,C,02,YO10 5NF,YORK,Heslington,,Garrowby Way,, ,Hickleton Court,Flat 1 Block C,,,,27256124,S, ,1D,31095413,0,4,20346
2020/04/24,08:52:03,I,01,YO25 4JW,DRIFFIELD,Nafferton,,North Street,, ,9a,,,,,55826390,S, ,3Q,40476127,0,1,19297
2020/04/24,08:57:05,I,01,YO7 3SU,THIRSK,Sowerby,,Cherryoak Street,,39,,,,,,55051510,S, ,1Z,39586448,0,1,20158
2020/04/24,09:00:25,I,01,PL5 3FN,PLYMOUTH,,,Gleaner Close,,22,,,,,,55078976,S, ,1A,40664425,0,1,7775
2020/04/24,09:01:20,I,01,PL5 3FP,PLYMOUTH,,,Montrose Way,,27,,,,,,55079068,S, ,2S,40799770,0,1,7775
2020/04/24,09:01:20,I,01,PL5 3FP,PLYMOUTH,,,Montrose Way,,29,,,,,,55079069,S, ,2T,40799771,0,1,7775
2020/04/24,09:01:20,I,01,PL5 3FP,PLYMOUTH,,,Montrose Way,,31,,,,,,55079070,S, ,2U,40799772,0,1,7775
2020/04/24,11:41:34,D,02,PL26 7JF,ST. AUSTELL,Hewas Water,,,, ,The Anchorage,,,,,55842355,S, ,3H,40492412,0,1,4546
2020/04/24,11:48:26,D,02,PL26 8RT,ST. AUSTELL,Bugle,,,, ,Conce,Higher Field,,,,56007425,S, ,3Y,40672949,0,1,4513
2020/04/24,12:47:03,I,01,YO25 5LJ,DRIFFIELD,,,New Walk,,103,,,,,,55767094,S, ,1B,40407327,0,1,19250
2020/04/24,12:59:38,I,01,YO18 7PJ,PICKERING,Allerston,,,, ,The Hideout,,,,,56118410,S, ,1L,40800320,0,1,19777
2020/04/24,13:10:20,I,02,YO23 1NA,YORK,,,Bishopthorpe Road,,23,,Flat,,,,56118481,S, ,3H,40800399,0,1,20217
2020/04/24,13:41:33,I,01,YO12 6AD,SCARBOROUGH,,,Ryndleside,,20,,Flat 3,,,,55842341,S, ,2D,40647892,0,1,19922
2020/04/24,14:02:53,D,02,PL20 7PE,YELVERTON,Crapstone,,Yelverton Business Park,, ,Unit 4,,,,Barton Garages Ltd,19086279,S,Y,1J,30980616,2399583,1,8110
2020/04/24,14:02:53,I,02,PL20 7PE,YELVERTON,Crapstone,,Yelverton Business Park,, ,Unit 4,,,,,19086279,S, ,1J,40800435,0,1,8110
2020/04/24,14:03:21,I,02,PL20 7PE,YELVERTON,Crapstone,,Yelverton Business Park,, ,Unit E,,,,Barton Garages Ltd,56118505,S,Y,2J,40800436,4106238,1,8110
2020/04/25,09:01:36,I,01,PL19 8FR,TAVISTOCK,,,Cowslip Avenue,,6,,,,,,55641269,S, ,1D,40257307,0,1,7931
2020/04/27,09:12:58,I,01,PL31 2TZ,BODMIN,,,Holmes Way,,9,,,,,,55185154,S, ,1L,39737228,0,1,3650
2020/04/27,09:22:44,I,02,PL25 4FD,ST. AUSTELL,Carclaze,,,, ,St. Austell Business Park,Unit 18,,,Ladies Online Golf,56119074,S,Y,1R,40801049,4106263,1,4527
2020/04/27,09:53:24,I,01,YO61 3GU,YORK,Easingwold,,Lavender Way,,49,,,,,,55158972,S, ,4F,39706832,0,1,20287
2020/04/27,11:29:05,I,01,YO21 3UF,WHITBY,,,Convent Way,,1,,,,,,54905531,S, ,4N,40380421,0,1,20166
2020/04/27,12:55:17,I,01,YO11 9GR,SCARBOROUGH,,,,, ,,,518,,,56119866,L, ,1A,2770582,0,1,19922
2020/04/27,13:52:10,I,01,YO51 9FQ,YORK,Boroughbridge,Langthorpe,Swale Close,,1,,,,,,55305750,S, ,1B,39877246,0,1,20253
2020/04/27,14:43:07,I,05,PL25 9GP,ST. AUSTELL,,,,, ,,,320,,Eureka Prize,56120211,L, ,1A,2770599,0,1,4511
2020/04/28,10:11:14,I,01,PL12 9BA,SALTASH,,,,, ,,,366,,The Salespeople's Charity,56120426,L, ,1A,2770642,0,1,4439
2020/04/28,10:51:53,I,01,YO42 2SN,YORK,Pocklington,,Crisp Grove,,3,,,,,,55132584,S, ,1D,39677076,0,1,20451
2020/04/28,11:12:23,I,01,PL18 9FW,GUNNISLAKE,St. Anns Chapel,,Oll An Gwella,,16,,,,,,56025849,S, ,2D,40695879,0,1,3950
2020/04/28,11:24:02,D,07,PL1 9FH,PLYMOUTH,,,,, ,,,177,,,54713075,L, ,1A,2737165,0,1,7775
2020/04/28,11:25:27,I,01,PL5 4EG,PLYMOUTH,Tamerton Foliot,,Harvest Close,,3,,,,,,55242471,S, ,1H,40734941,0,1,7850
2020/04/28,14:33:30,I,01,PL14 3GU,LISKEARD,,,Gemini Drive,,12,,,,,,55276489,S, ,1Q,39847134,0,1,4083
2020/04/28,14:33:30,I,01,PL14 3GU,LISKEARD,,,Gemini Drive,,15,,,,,,55276492,S, ,1T,39847137,0,1,4083
2020/04/28,14:34:00,I,01,PL19 0FJ,TAVISTOCK,,,Gawton Way,,5,,,,,,55415300,S, ,1J,39995632,0,1,7931
2020/04/28,14:34:19,I,01,PL21 0GH,IVYBRIDGE,,,Turnpike Crescent,,19,,,,,,54517829,S, ,1Z,38953423,0,1,7529
2020/04/28,14:34:19,I,01,PL21 0GH,IVYBRIDGE,,,Turnpike Crescent,,23,,,,,,54517831,S, ,2B,38953425,0,1,7529
2020/04/28,14:34:51,I,01,PL21 0GQ,IVYBRIDGE,,,Leypark Avenue,,3,,,,,,54517957,S, ,1D,38953548,0,1,7529
2020/04/28,14:35:07,I,01,PL21 9HR,IVYBRIDGE,,,,, ,Moor Farm,South Town,,,,55807574,S, ,1J,40455460,0,1,7529
2020/04/28,14:35:27,I,01,PL25 3SG,ST. AUSTELL,Carlyon Bay,,Sea Road,,54,Cliff House,Flat 6,,,,54870435,S, ,3G,39383492,0,1,4530
2020/04/28,14:35:48,I,01,PL25 4GA,ST. AUSTELL,,,Aglets Way,,40,,,,,,54861831,S, ,2Z,39372910,0,1,4511
2020/04/28,14:36:04,I,01,PL27 7UL,WADEBRIDGE,St. Eval,Engollan,,, ,Quail Farm,,,,,54905702,S, ,2G,39423388,0,1,39223
2020/04/28,14:36:24,I,01,PL31 2QT,BODMIN,,,Boundary Road,, ,Bodmin Hospital,Sowenna,,,,55713208,S, ,1F,40343269,0,1,3650
2020/04/28,14:36:56,I,01,PL9 7GH,PLYMOUTH,,,Afflington Road,,20,,,,,,55348626,S, ,2N,39924153,0,1,7775
2020/04/28,14:36:56,I,01,PL9 7GH,PLYMOUTH,,,Afflington Road,,38,,,,,,55348635,S, ,2Y,39924162,0,1,7775
2020/04/28,14:37:35,I,01,PL9 8GH,PLYMOUTH,Sherford,,Capricorn Way,,46,,Flat 10,,,,54730882,S, ,1N,39205555,0,1,91667
2020/04/28,14:37:35,I,01,PL9 8GH,PLYMOUTH,Sherford,,Capricorn Way,,46,,Flat 11,,,,54730883,S, ,1P,39205556,0,1,91667
2020/04/28,14:38:06,I,01,PL9 8GJ,PLYMOUTH,Sherford,,Leo Avenue,,1,,,,,,54730885,S, ,1A,39205559,0,1,91667
2020/04/28,14:38:06,I,01,PL9 8GJ,PLYMOUTH,Sherford,,Leo Avenue,,8,,,,,,54903655,S, ,1Q,39421410,0,1,91667
2020/04/28,14:38:31,I,01,PL9 8GQ,PLYMOUTH,,,Henry Avent Gardens,,7,,,,,,55769320,S, ,3P,40409792,0,1,7775
2020/04/28,14:38:49,I,01,PL9 8GR,PLYMOUTH,,,Whimbrel Way,,8,,,,,,55049466,S, ,1N,39583987,0,1,7775
2020/04/28,15:39:33,I,01,PL4 8LS,PLYMOUTH,,,Armada Street,,1,,Flat 1,,,,55577469,S, ,2D,40451742,0,1,7775
2020/04/28,15:39:33,I,01,PL4 8LS,PLYMOUTH,,,Armada Street,,1,,Flat 5,,,,55577473,S, ,2G,40451745,0,1,7775
2020/04/28,15:40:17,I,01,PL2 2LG,PLYMOUTH,,,Cookworthy Road,,42,,,,,,18929114,S, ,2Z,40525185,0,1,7775
2020/04/28,15:40:17,I,01,PL2 2LG,PLYMOUTH,,,Cookworthy Road,,44,,,,,,18929115,S, ,3A,40525187,0,1,7775
2020/04/28,15:41:56,I,02,PL5 3FD,PLYMOUTH,,,St. Peters Road,, ,129b,,,,,56121627,S, ,1D,40803662,0,1,7775
2020/04/29,09:47:08,I,01,PL21 0GH,IVYBRIDGE,,,Turnpike Crescent,,17,,,,,,54517828,S, ,1Y,38953422,0,1,7529
2020/04/29,10:14:44,B,02,PL14 5AX,LISKEARD,Upton Cross,,,, ,Klondyke,,,,,19055284,S, ,1S,22498726,0,1,4130
2020/04/29,10:14:44,C,02,PL14 5AX,LISKEARD,Upton Cross,,,, ,Rose Tor House,,,,,19055284,S, ,1S,22498726,0,1,4130
2020/04/29,10:24:06,B,02,PL15 7TP,LAUNCESTON,Bolventor,,,, ,Higher St. Lukes,,,,,19062305,S, ,1G,20467133,0,1,4015
2020/04/29,10:24:06,C,02,PL15 7TP,LAUNCESTON,Bolventor,,,, ,Manor Farm Stables,,,,,19062305,S, ,1G,20467133,0,1,4015
2020/04/29,12:09:31,B,02,YO7 3EY,THIRSK,,,Alanbrooke Barracks,, ,,,,,R A O W O,27224684,S,Y,1A,39334190,3923934,3,20112
2020/04/29,12:09:31,C,02,YO7 3EY,THIRSK,,,Alanbrooke Barracks,, ,,,,,R A O W O,27224684,S,Y,1A,39334190,3923934,4,20112
2020/04/29,12:47:44,D,02,PL19 0SB,TAVISTOCK,,,Stannary Bridge Road,,4,,,,,,56091744,S, ,1F,40773888,0,1,7931
2020/04/29,13:08:13,B,02,YO21 2EY,WHITBY,Castleton,,The Howe,, ,The Howe,,,,,27340852,S, ,1J,36362182,0,1,20172
2020/04/29,13:08:13,C,02,YO21 2EY,WHITBY,Castleton,,The Howe,, ,Howe Beck,,,,,27340852,S, ,1J,36362182,0,1,20172
2020/04/29,14:05:49,D,02,PL3 4HF,PLYMOUTH,,,Alma Road,,99,,,,,,18936586,S, ,1G,29989760,0,1,7775
2020/04/29,14:05:49,D,02,PL3 4HF,PLYMOUTH,,,Alma Road,,101,,,,,,18936579,S, ,1L,37709534,0,1,7775
2020/04/29,14:36:53,B,02,PL15 7PT,LAUNCESTON,Polyphant,,,, ,Hicks Mill Cottage,,,,,19061446,S, ,1Z,27152526,0,1,4053
2020/04/29,14:36:53,C,02,PL15 7PT,LAUNCESTON,Polyphant,,,, ,Ivy House,,,,,19061446,S, ,1Z,27152526,0,1,4053
2020/04/29,15:13:14,I,02,PL20 6BX,YELVERTON,,,Yeoland Lane,, ,17 Yeoland Farm Caravan Park,,,,,56123267,S, ,2N,40805284,0,1,8100
2020/04/30,08:45:25,D,03,YO26 8WW,YORK,Nun Monkton,,,, ,,,53,,Harpin Ltd,27398296,L, ,1A,2381724,0,1,20430
2020/04/30,09:01:53,D,03,YO43 4YX,YORK,,,,, ,,,96,,,55654093,L, ,1A,2752639,0,1,20217
2020/04/30,09:02:24,D,03,PL7 9BH,PLYMOUTH,,,,, ,,,164,,,55653299,L, ,1A,2752593,0,1,7775
2020/04/30,11:21:58,B,02,PL1 2RH,PLYMOUTH,,,Athenaeum Street,, ,,,,,The Walrus,18913307,S,Y,2L,39264297,3911093,1,7775
2020/04/30,11:21:58,C,02,PL1 2BU,PLYMOUTH,,,Notte Street,, ,,,,,The Walrus,18913307,S,Y,2L,39264297,3911093,1,7775
2020/04/30,11:24:48,D,02,PL28 8RW,PADSTOW,,,Trecerus Industrial Estate,, ,Unit 1c,,,,Padstow Cheese Co Ltd,19134868,S,Y,1S,40437863,4071502,1,4220
2020/04/30,11:24:48,I,02,PL28 8RW,PADSTOW,,,Trecerus Industrial Estate,, ,,,,,Padstow Cheese Co Ltd,19134868,S,Y,1S,23686155,4071502,1,4220
2020/04/30,11:26:56,I,01,YO42 4SE,YORK,Melbourne,Thornton,Main Street,, ,,,,,Abacus Fireplaces Architectural Antiques,56123565,S,Y,1A,40805686,4106694,1,20408
2020/04/30,11:35:54,I,01,YO11 3YJ,SCARBOROUGH,Eastfield,,Hopper Hill Road,Cayley Court, ,Unit 37,,,,Vision Technicians Window Cleaning,56123570,S,Y,4N,40805691,4106698,1,19931
2020/04/30,11:53:03,I,01,PL26 8WN,ST. AUSTELL,,,Higher Bugle,, ,12 Caudledown Mill Court,,,,,55677144,S, ,1Q,40300414,0,1,4511
2020/04/30,12:27:11,B,02,PL11 2JS,TORPOINT,,,Antony Road,,15,,,,,,19030847,S, ,1A,11760093,0,1,4656
2020/04/30,12:27:11,C,02,PL11 2JS,TORPOINT,,,Antony Road,,15,,,,,,19030847,S, ,1A,11760093,0,2,4656
2020/04/30,14:35:32,I,01,PL8 2AL,PLYMOUTH,Brixton,,,, ,The Walled Garden,,,,,56123717,S, ,2E,40805843,0,1,7782
2020/05/01,08:47:08,I,02,YO41 4AR,YORK,Elvington,,York Road,Elvington Industrial Estate, ,Unit Y1,,,,The Stable Company (York) Ltd,56124212,S,Y,6U,26793460,4106752,1,20291
2020/05/01,09:51:59,B,02,PL1 4SN,PLYMOUTH,Devonport,,New Passage Hill,Riverside Business Park, ,Unit 1d-1e,,,,J C Ryder Ltd,55516299,S,Y,1R,40105706,4028941,1,7794
2020/05/01,09:51:59,C,02,PL1 4SN,PLYMOUTH,Devonport,,New Passage Hill,Riverside Business Park, ,Unit 1d,,,,J C Ryder Ltd,55516299,S,Y,1R,40105706,4028941,1,7794
2020/05/01,09:54:56,I,02,PL1 4SN,PLYMOUTH,Devonport,,New Passage Hill,Riverside Business Park, ,Unit 1e,,,,Devon Wick Candle Co Ltd,52401653,S,Y,1S,40806450,4106776,1,7794
2020/05/01,09:59:17,I,01,PL21 0GH,IVYBRIDGE,,,Turnpike Crescent,,18,,,,,,54517824,S, ,1T,38953418,0,1,7529
2020/05/01,10:20:22,I,01,PL5 4EH,PLYMOUTH,Tamerton Foliot,,Saddlers Way,,16,,,,,,55242483,S, ,1J,39809126,0,1,7850
2020/05/01,10:21:01,I,01,PL5 4EH,PLYMOUTH,Tamerton Foliot,,Saddlers Way,,18,,,,,,55242484,S, ,1L,39809127,0,1,7850
2020/05/01,10:21:28,I,01,PL5 4EH,PLYMOUTH,Tamerton Foliot,,Saddlers Way,,20,,,,,,55242485,S, ,1N,39809128,0,1,7850
2020/05/01,10:21:54,I,01,PL5 4EH,PLYMOUTH,Tamerton Foliot,,Saddlers Way,,22,,,,,,55242486,S, ,1P,39809129,0,1,7850
2020/05/01,10:22:19,I,01,PL5 4EH,PLYMOUTH,Tamerton Foliot,,Saddlers Way,,24,,,,,,55242487,S, ,1Q,39809130,0,1,7850
2020/05/01,10:22:45,I,01,PL5 4EH,PLYMOUTH,Tamerton Foliot,,Saddlers Way,,30,,,,,,55242490,S, ,1T,39809133,0,1,7850
2020/05/01,10:30:25,I,01,PL26 7NG,ST. AUSTELL,St. Stephen,,Gwindra Road,, ,1a,,,,,56123383,S, ,2G,40805414,0,1,4591
2020/05/01,10:54:18,I,01,PL5 4EG,PLYMOUTH,Tamerton Foliot,,Harvest Close,,4,,,,,,55242472,S, ,1G,40734940,0,1,7850
2020/05/01,10:59:19,B,02,YO10 4FA,YORK,,,St. Oswalds Road,Connaught Court, ,,,,,Connaught Court Masonic Lodge,27251787,S,Y,1A,39490220,3945742,5,20217
2020/05/01,10:59:19,C,02,YO10 4FA,YORK,,,St. Oswalds Road,Connaught Court, ,,,,,Connaught Court Masonic Lodge,27251787,S,Y,1A,39490220,3945742,94,20217
2020/05/01,10:59:32,D,02,PL17 8AD,CALLINGTON,Dupath,,,, ,Parkwood Faculty,,,,Seafix Ltd,19071042,S,Y,1G,31177020,2448552,1,3774
2020/05/01,10:59:32,I,02,PL17 8AD,CALLINGTON,Dupath,,,, ,Parkwood Faculty,,,,,19071042,S, ,1G,40806483,0,1,3774
2020/05/01,13:34:54,B,02,YO15 2SH,BRIDLINGTON,,,Queen Street,,23,,,,,Harbour Lights,27301592,S,Y,1L,28483433,1469368,1,19214
2020/05/01,13:34:54,C,02,YO15 2SH,BRIDLINGTON,,,Queen Street,,23,,,,,Harbour Tavern,27301592,S,Y,1L,28483433,1469368,1,19214
2020/05/01,13:45:40,I,01,PL14 3GU,LISKEARD,,,Gemini Drive,,11,,,,,,55276488,S, ,1P,39847133,0,1,4083
2020/05/01,13:45:40,I,01,PL14 3GU,LISKEARD,,,Gemini Drive,,13,,,,,,55276490,S, ,1R,39847135,0,1,4083
2020/05/01,13:46:13,I,01,PL14 3GW,LISKEARD,,,Musca Close,,1,,,,,,56112084,S, ,2E,40794010,0,1,4083
2020/05/01,13:46:16,I,01,PL14 3GW,LISKEARD,,,Musca Close,,12,,,,,,56112083,S, ,2D,40794009,0,1,4083
2020/05/01,14:50:06,B,02,PL25 5ER,ST. AUSTELL,,,Fore Street,,38,,,,,Tui,19113064,S,Y,1F,31420217,2498400,1,4511
2020/05/01,14:50:06,C,02,PL25 5ER,ST. AUSTELL,,,Fore Street,,38,,,,,T U I,19113064,S,Y,1F,31420217,2498400,1,4511
2020/05/01,16:51:22,I,01,YO15 1NA,BRIDLINGTON,Flamborough,,Post Office Street,,6,,,,,,55863409,S, ,1T,40514077,0,1,19221
2020/05/01,16:53:45,I,01,YO15 1QA,BRIDLINGTON,Flamborough,,Dog & Duck Square,, ,Railway House,Apartment 1,,,,55881615,S, ,1A,40534173,0,1,19221
2020/05/01,16:53:45,I,01,YO15 1QA,BRIDLINGTON,Flamborough,,Dog & Duck Square,, ,Railway House,Apartment 2,,,,55881616,S, ,1B,40534174,0,1,19221
2020/05/01,16:53:45,I,01,YO15 1QA,BRIDLINGTON,Flamborough,,Dog & Duck Square,, ,Railway House,Apartment 3,,,,55881617,S, ,1D,40534175,0,1,19221
2020/05/01,16:53:45,I,01,YO15 1QA,BRIDLINGTON,Flamborough,,Dog & Duck Square,, ,Railway House,Apartment 4,,,,55881618,S, ,1E,40534176,0,1,19221
2020/05/01,16:53:45,I,01,YO15 1QA,BRIDLINGTON,Flamborough,,Dog & Duck Square,, ,Railway House,Apartment 5,,,,55881619,S, ,1F,40534177,0,1,19221
2020/05/01,16:53:45,I,01,YO15 1QA,BRIDLINGTON,Flamborough,,Dog & Duck Square,, ,Railway House,Apartment 6,,,,55881620,S, ,1G,40534178,0,1,19221
2020/05/01,16:55:16,D,02,PL24 2LJ,PAR,St. Blazey,,Polgrean Place,,40,,,,,,19101815,S, ,2P,11795804,0,1,4247
2020/05/01,16:55:48,D,02,PL24 2LJ,PAR,St. Blazey,,Polgrean Place,,58,,,,,,19101824,S, ,2Z,11795813,0,1,4247
2020/05/01,16:55:48,D,02,PL24 2LJ,PAR,St. Blazey,,Polgrean Place,,60,,,,,,19101826,S, ,3B,11795815,0,1,4247
2020/05/01,16:56:05,D,02,PL24 2LJ,PAR,St. Blazey,,Polgrean Place,,62,,,,,,19101827,S, ,3D,11795816,0,1,4247
2020/05/01,16:56:05,D,02,PL24 2LJ,PAR,St. Blazey,,Polgrean Place,,64,,,,,,19101828,S, ,3E,11795817,0,1,4247
2020/05/01,16:56:05,D,02,PL24 2LJ,PAR,St. Blazey,,Polgrean Place,,66,,,,,,19101829,S, ,3F,11795818,0,1,4247
2020/05/01,16:56:05,D,02,PL24 2LJ,PAR,St. Blazey,,Polgrean Place,,68,,,,,,19101830,S, ,3G,11795819,0,1,4247
2020/05/01,16:56:05,D,02,PL24 2LJ,PAR,St. Blazey,,Polgrean Place,,70,,,,,,19101831,S, ,3H,11795820,0,1,4247
2020/05/01,16:56:05,D,02,PL24 2LJ,PAR,St. Blazey,,Polgrean Place,,72,,,,,,19101832,S, ,3J,11795821,0,1,4247
2020/05/04,08:10:58,I,01,PL9 7GH,PLYMOUTH,,,Afflington Road,,10,,,,,,55348621,S, ,3P,40372408,0,1,7775
2020/05/04,08:31:08,I,01,YO31 6FT,YORK,,,,, ,,,859,,Schefflera,56124739,L, ,1A,2770864,0,1,20217
2020/05/04,09:48:45,B,02,YO25 6TJ,DRIFFIELD,,,Westgate,, ,Spencer Centre,,,,Lidl UK GmbH,27379332,S,Y,1N,31800405,2593526,1,19250
2020/05/04,09:48:45,C,02,YO25 6TJ,DRIFFIELD,,,Westgate,, ,Spencer Centre,,,,Lidl Great Britain Ltd,27379332,S,Y,1N,31800405,2593526,1,19250
2020/05/04,09:51:50,B,02,YO24 2PE,YORK,,,Thanet Road,, ,,,,,Lidl UK GmbH,52309956,S,Y,1W,36262596,3375250,1,20217
2020/05/04,09:51:50,C,02,YO24 2PE,YORK,,,Thanet Road,, ,,,,,Lidl Great Britain Ltd,52309956,S,Y,1W,36262596,3375250,1,20217
2020/05/04,10:22:19,I,02,YO43 4EB,YORK,Holme-on-Spalding-Moor,,Cliffe Lane,, ,Woodlands Farm,,,,,56125083,S, ,1Q,40807385,0,1,20352
2020/05/04,10:26:13,B,02,PL19 1EH,TAVISTOCK,,,,, ,,,226,,Orchard Learning Studios,54229963,L, ,1A,2697601,0,1,7931
2020/05/04,10:26:13,C,02,PL19 1EH,TAVISTOCK,,,,, ,,,226,,Dizzy & Creative (With Strand & Deliver),54229963,L, ,1A,2697601,0,1,7931
2020/05/04,11:20:01,I,02,YO62 7XU,YORK,Nawton,,Highfield Lane,, ,Gardeners Cottage,,,,,27467194,S, ,1H,40807432,0,1,20419
2020/05/04,11:39:00,D,02,YO42 4NZ,YORK,Ellerton,,Main Street,, ,Pond House,,,,,27444931,S, ,1B,19686960,0,1,20290
2020/05/04,12:49:39,I,01,YO25 9UX,DRIFFIELD,North Dalton,,,, ,Wheldon House,,,,,56114725,S, ,2D,40796493,0,1,19299
2020/05/04,13:20:02,I,02,YO1 9RP,YORK,,,Castlegate,,14,,,,,,56125258,S, ,2D,40807575,0,1,20217
2020/05/04,13:34:18,I,02,PL28 8PR,PADSTOW,St. Merryn,,,, ,Trefloss Stables,,,,,56125267,S, ,1P,40807588,0,1,4227
2020/05/04,13:34:38,D,02,PL28 8PR,PADSTOW,St. Merryn,,,, ,Trefloss Farm,,,,,19134466,S, ,1G,27191617,0,1,4227
2020/05/04,13:39:54,B,02,YO10 3WH,YORK,,,Lawrence Street,, ,51 The Tannery,,,,Ap16 Limited,27970134,S,Y,1J,38764448,3830098,1,20217
2020/05/04,13:39:54,C,02,YO10 3WH,YORK,,,Lawrence Street,, ,51 The Tannery,,,,Ap16 Ltd,27970134,S,Y,1J,38764448,3830098,1,20217
2020/05/04,13:40:49,B,02,YO11 3BT,SCARBOROUGH,Eastfield,,Cayton Low Road,Olympian Trading Estate, ,Unit 14,,,,Green Gator Limited,54283352,S,Y,1W,38667641,3814315,1,19931
2020/05/04,13:40:49,C,02,YO11 3BT,SCARBOROUGH,Eastfield,,Cayton Low Road,Olympian Trading Estate, ,Unit 14,,,,Green Gator Ltd,54283352,S,Y,1W,38667641,3814315,1,19931
2020/05/04,14:12:45,B,02,PL2 1JP,PLYMOUTH,,,St. Levan Road,, ,308,,,,Fursdon Knapper Solicitors,18924085,S,Y,4J,36853857,2311793,1,7775
2020/05/04,14:12:45,C,02,PL2 1JP,PLYMOUTH,,,St. Levan Road,,308,,,,,Fursdon Knapper Solicitors,18924085,S,Y,4J,36853857,2311793,1,7775
2020/05/04,14:23:17,I,01,PL26 8RN,ST. AUSTELL,Bugle,Bowling Green,,, ,Medacote Lodge,Flat A,,,,56125544,S, ,4J,40807883,0,1,4516
2020/05/04,14:23:29,I,01,PL26 8RN,ST. AUSTELL,Bugle,Bowling Green,,, ,Medacote Lodge,Flat B,,,,56125545,S, ,4L,40807884,0,1,4516
2020/05/04,14:34:58,I,02,PL1 1LB,PLYMOUTH,,,Armada Way,,170,,Flat 3,,,,56125574,S, ,3L,40807915,0,1,7775
2020/05/04,15:07:51,D,02,YO11 3UD,SCARBOROUGH,Flixton,,Main Street,, ,Southfield Farm,Unit 16,,,Northwold Agronomy,52414652,S,Y,2U,36396978,3402788,1,19933
2020/05/04,15:07:51,I,02,YO11 3UD,SCARBOROUGH,Flixton,,Main Street,, ,Southfield Farm,Unit 16,,,,52414652,S, ,2U,40808025,0,1,19933
2020/05/05,09:06:37,B,02,PL5 3TW,PLYMOUTH,,,Transit Way,, ,,,,,Lidl UK GmbH,18976391,S,Y,2N,23530282,2666548,1,7775
2020/05/05,09:06:37,C,02,PL5 3TW,PLYMOUTH,,,Transit Way,, ,,,,,Lidl Great Britain Ltd,18976391,S,Y,2N,23530282,2666548,1,7775
2020/05/05,09:07:21,B,02,PL5 1UD,PLYMOUTH,,,Wolseley Road,,581,,,,,Lidl UK GmbH,51016326,S,Y,1H,35274286,3173786,1,7775
2020/05/05,09:07:21,C,02,PL5 1UD,PLYMOUTH,,,Wolseley Road,,581,,,,,Lidl Great Britain Ltd,51016326,S,Y,1H,35274286,3173786,1,7775
2020/05/05,09:08:06,B,02,PL2 2AB,PLYMOUTH,,,Henderson Place,,1,,,,,Lidl UK GmbH,50594439,S,Y,2T,37270695,3579149,1,7775
2020/05/05,09:08:06,C,02,PL2 2AB,PLYMOUTH,,,Henderson Place,,1,,,,,Lidl Great Britain Ltd,50594439,S,Y,2T,37270695,3579149,1,7775
2020/05/05,09:09:01,B,02,PL1 3HB,PLYMOUTH,,,Union Street,, ,,,,,Lidl UK GmbH,53105054,S,Y,1B,31952734,3568345,1,7775
2020/05/05,09:09:01,C,02,PL1 3HB,PLYMOUTH,,,Union Street,, ,,,,,Lidl Great Britain Ltd,53105054,S,Y,1B,31952734,3568345,1,7775
2020/05/05,10:46:49,B,02,PL6 7FG,PLYMOUTH,,,Towerfield Drive,,11,,,,,Lidl UK GmbH,52242095,S,Y,1A,36231125,3370401,1,7775
2020/05/05,10:46:49,C,02,PL6 7FG,PLYMOUTH,,,Towerfield Drive,,11,,,,,Lidl Great Britain Ltd,52242095,S,Y,1A,36231125,3370401,1,7775
2020/05/05,10:47:28,B,02,PL7 4NF,PLYMOUTH,Plympton,,Plymouth Road,,149,,,,,Lidl UK GmbH,54239342,S,Y,1E,38988451,3869421,1,7834
2020/05/05,10:47:28,C,02,PL7 4NF,PLYMOUTH,Plympton,,Plymouth Road,,149,,,,,Lidl Great Britain Ltd,54239342,S,Y,1E,38988451,3869421,1,7834
2020/05/05,10:48:22,B,02,PL9 9BU,PLYMOUTH,,,Horn Cross Road,,11,,,,,Lidl UK GmbH,19022365,S,Y,1H,30520449,2280372,1,7775
2020/05/05,10:48:22,C,02,PL9 9BU,PLYMOUTH,,,Horn Cross Road,,11,,,,,Lidl Great Britain Ltd,19022365,S,Y,1H,30520449,2280372,1,7775
2020/05/05,11:00:13,I,01,PL30 3JE,BODMIN,St. Teath,Knights Mill,,, ,Oak Barn,,,,,54500538,S, ,2B,38932852,0,1,3704
2020/05/05,11:06:26,B,02,PL12 6TW,SALTASH,,,Gilston Road,, ,,,,,Lidl UK GmbH,51282381,S,Y,3Y,26938493,3127904,1,4439
2020/05/05,11:06:26,C,02,PL12 6TW,SALTASH,,,Gilston Road,, ,,,,,Lidl Great Britain Ltd,51282381,S,Y,3Y,26938493,3127904,1,4439
2020/05/05,11:07:12,B,02,PL15 9DJ,LAUNCESTON,,,Hurdon Road,Launceston Retail Park, ,,,,,Lidl UK GmbH,28191294,S,Y,1G,33145363,2835246,1,4011
2020/05/05,11:07:12,C,02,PL15 9DJ,LAUNCESTON,,,Hurdon Road,Launceston Retail Park, ,,,,,Lidl Great Britain Ltd,28191294,S,Y,1G,33145363,2835246,1,4011
2020/05/05,11:07:50,B,02,PL19 9DS,TAVISTOCK,,,Plymouth Road,, ,142-152,,,,Lidl UK GmbH,19080430,S,Y,1X,37142735,3553711,1,7931
2020/05/05,11:07:50,C,02,PL19 9DS,TAVISTOCK,,,Plymouth Road,, ,142-152,,,,Lidl Great Britain Ltd,19080430,S,Y,1X,37142735,3553711,1,7931
2020/05/05,11:08:34,B,02,PL27 7AL,WADEBRIDGE,,,Eddystone Road,, ,,,,,Lidl UK GmbH,19128973,S,Y,1L,26949179,1137933,1,4761
2020/05/05,11:08:34,C,02,PL27 7AL,WADEBRIDGE,,,Eddystone Road,, ,,,,,Lidl Grea Britain Ltd,19128973,S,Y,1L,26949179,1137933,1,4761
2020/05/05,11:09:07,B,02,PL31 2AA,BODMIN,,,Priory Road,, ,,,,,Lidl UK GmbH,53282365,S,Y,1A,37431845,3606447,1,3650
2020/05/05,11:09:07,C,02,PL31 2AA,BODMIN,,,Priory Road,, ,,,,,Lidl Great Britain Ltd,53282365,S,Y,1A,37431845,3606447,1,3650
2020/05/05,11:24:24,B,02,YO14 9JR,FILEY,,,The Crescent,, ,23-26,,,,Hylands Residential Home,27295286,L, ,1A,1655341,0,1,19512
2020/05/05,11:24:24,C,02,YO14 9JR,FILEY,,,The Crescent,, ,23-26,,,,Hylands Residential Home,27295286,L, ,1A,1655341,0,43,19512
2020/05/05,11:31:58,I,01,PL6 7FT,PLYMOUTH,,,Plymbridge Road,,215,,,,,,56125064,S, ,1A,40807365,0,1,7775
2020/05/05,12:46:53,B,02,PL26 8DX,ST. AUSTELL,St. Dennis,Hendra Downs,,, ,Hendra Cottage,,,,,19122003,S, ,1B,20472829,0,1,4585
2020/05/05,12:46:53,C,02,PL26 8DX,ST. AUSTELL,St. Dennis,Hendra Downs,,, ,Hendra Cote,,,,,19122003,S, ,1B,20472829,0,1,4585
2020/05/05,12:53:12,I,02,PL21 0LA,IVYBRIDGE,Ugborough,,,, ,Upper Lordswood Stables,,,,,56126688,S, ,2D,40809065,0,1,7554
2020/05/05,14:43:35,B,02,YO21 1HS,WHITBY,,,Stakesby Road,, ,,,,,Lidl UK GmbH,27337589,S,Y,2H,34540381,3048592,1,20166
2020/05/05,14:43:35,C,02,YO21 1HS,WHITBY,,,Stakesby Road,, ,,,,,Lidl Great Britain Ltd,27337589,S,Y,2H,34540381,3048592,1,20166
2020/05/05,14:44:06,B,02,YO18 8TB,PICKERING,,,Vivis Lane,, ,,,,,Lidl UK GmbH,53249021,S,Y,1Y,31905035,3627750,1,19775
2020/05/05,14:44:06,C,02,YO18 8TB,PICKERING,,,Vivis Lane,, ,,,,,Lidl Great Britain Ltd,53249021,S,Y,1Y,31905035,3627750,1,19775
2020/05/05,14:44:37,B,02,YO17 9DP,MALTON,Norton,,Welham Road,, ,4a,,,,Lidl UK GmbH,27324152,S,Y,3X,36252226,3373438,1,19691
2020/05/05,14:44:37,C,02,YO17 9DP,MALTON,Norton,,Welham Road,, ,4a,,,,Lidl Great Britain Ltd,27324152,S,Y,3X,36252226,3373438,1,19691
2020/05/05,14:45:04,B,02,YO12 4HF,SCARBOROUGH,,,Seamer Road,,178,,,,,Lidl UK GmbH,27269486,S,Y,1R,39123905,3889371,1,19922
2020/05/05,14:45:04,C,02,YO12 4HF,SCARBOROUGH,,,Seamer Road,,178,,,,,Lidl Great Britain Ltd,27269486,S,Y,1R,39123905,3889371,1,19922
2020/05/05,14:45:32,B,02,YO7 1TQ,THIRSK,,,Station Road,, ,Station Road Store,,,,Lidl UK GmbH,51709184,S,Y,1A,35562524,3225219,1,20112
2020/05/05,14:45:32,C,02,YO7 1TQ,THIRSK,,,Station Road,, ,Station Road Store,,,,Lidl Great Britain Ltd,51709184,S,Y,1A,35562524,3225219,1,20112
2020/05/05,14:55:53,B,08,PL8 1NE,PLYMOUTH,Holbeton,,Fore Street,, ,Highfield,,,,,19013202,S, ,1J,18540187,0,1,7807
2020/05/05,14:55:53,C,08,PL8 1NE,PLYMOUTH,Holbeton,,Fore Street,, ,Highfield Cottage,,,,,19013202,S, ,1J,18540187,0,1,7807
2020/05/05,14:56:51,D,02,YO42 4NZ,YORK,Ellerton,,Main Street,, ,Ponds Cottage,,,,,27444930,S, ,1P,30500200,0,1,20290
2020/05/05,14:57:26,I,02,YO42 4NZ,YORK,Ellerton,,Main Street,, ,Pond House,,,,,27444931,S, ,1T,40809725,0,1,20290
2020/05/05,15:03:28,I,01,YO10 3EB,YORK,,,Lawrence Street,, ,St. Josephs Convent,The Lodge,,,,55418670,S, ,2U,39999487,0,5,20217
2020/05/05,15:22:13,I,02,PL21 9GU,IVYBRIDGE,Westlake,,,, ,West Hill Top Farm,,,,,56127387,S, ,1A,40809737,0,1,7555
2020/05/05,15:23:17,D,02,PL21 9GU,IVYBRIDGE,Westlake,,,, ,West Hill Top Farm,,,,,56127387,S, ,1A,40809737,0,1,7555
2020/05/05,15:23:17,I,02,PL21 9GU,IVYBRIDGE,Westlake,,,, ,,,,,West Hill Top Farm,56127387,S,Y,1A,40809738,4107040,1,7555
2020/05/05,16:29:46,B,02,PL15 7PS,LAUNCESTON,Polyphant,,,, ,Steers Farm,,,,,19061416,S, ,1F,34438342,0,1,4053
2020/05/05,16:29:46,C,02,PL15 7PS,LAUNCESTON,Polyphant,,,, ,Penny Bun Cottage,,,,,19061416,S, ,1F,34438342,0,1,4053
2020/05/05,16:59:34,B,02,YO11 2QG,SCARBOROUGH,,,Ramshill Road,,64,,1 Ramshill Apartments,,,,28514234,S, ,2J,33534871,0,1,19922
2020/05/05,16:59:34,C,02,YO11 2QG,SCARBOROUGH,,,Ramshill Road,,64,Ramshill Apartments,1,,,,28514234,S, ,2J,33534871,0,1,19922
2020/05/05,16:59:51,B,02,YO11 2QG,SCARBOROUGH,,,Ramshill Road,,64,,10 Ramshill Apartments,,,,50621610,S, ,2X,34284561,0,1,19922
2020/05/05,16:59:51,C,02,YO11 2QG,SCARBOROUGH,,,Ramshill Road,,64,Ramshill Apartments,10,,,,50621610,S, ,2X,34284561,0,1,19922
2020/05/05,17:00:05,B,02,YO11 2QG,SCARBOROUGH,,,Ramshill Road,,64,,11 Ramshill Apartments,,,,50621584,S, ,2W,34284516,0,1,19922
2020/05/05,17:00:05,C,02,YO11 2QG,SCARBOROUGH,,,Ramshill Road,,64,Ramshill Apartments,11,,,,50621584,S, ,2W,34284516,0,1,19922
2020/05/05,17:00:18,B,02,YO11 2QG,SCARBOROUGH,,,Ramshill Road,,64,,12 Ramshill Apartments,,,,50621611,S, ,2Y,34284562,0,1,19922
2020/05/05,17:00:18,C,02,YO11 2QG,SCARBOROUGH,,,Ramshill Road,,64,Ramshill Apartments,12,,,,50621611,S, ,2Y,34284562,0,1,19922
2020/05/05,17:00:37,B,02,YO11 2QG,SCARBOROUGH,,,Ramshill Road,,64,,2 Ramshill Apartments,,,,28514235,S, ,2L,33534872,0,1,19922
2020/05/05,17:00:37,C,02,YO11 2QG,SCARBOROUGH,,,Ramshill Road,,64,Ramshill Apartments,2,,,,28514235,S, ,2L,33534872,0,1,19922
2020/05/05,17:00:49,B,02,YO11 2QG,SCARBOROUGH,,,Ramshill Road,,64,,3 Ramshill Apartments,,,,28514236,S, ,2N,33534873,0,1,19922
2020/05/05,17:00:49,C,02,YO11 2QG,SCARBOROUGH,,,Ramshill Road,,64,Ramshill Apartments,3,,,,28514236,S, ,2N,33534873,0,1,19922
2020/05/05,17:01:04,B,02,YO11 2QG,SCARBOROUGH,,,Ramshill Road,,64,,4 Ramshill Apartments,,,,28514237,S, ,2P,33534874,0,1,19922
2020/05/05,17:01:04,C,02,YO11 2QG,SCARBOROUGH,,,Ramshill Road,,64,Ramshill Apartments,4,,,,28514237,S, ,2P,33534874,0,1,19922
2020/05/05,17:01:19,B,02,YO11 2QG,SCARBOROUGH,,,Ramshill Road,,64,,5 Ramshill Apartments,,,,28514238,S, ,2Q,33534875,0,1,19922
2020/05/05,17:01:19,C,02,YO11 2QG,SCARBOROUGH,,,Ramshill Road,,64,Ramshill Apartments,5,,,,28514238,S, ,2Q,33534875,0,1,19922
2020/05/05,17:01:33,B,02,YO11 2QG,SCARBOROUGH,,,Ramshill Road,,64,,6 Ramshill Apartments,,,,28514239,S, ,2R,33534876,0,1,19922
2020/05/05,17:01:33,C,02,YO11 2QG,SCARBOROUGH,,,Ramshill Road,,64,Ramshill Apartments,6,,,,28514239,S, ,2R,33534876,0,1,19922
2020/05/05,17:01:48,B,02,YO11 2QG,SCARBOROUGH,,,Ramshill Road,,64,,7 Ramshill Apartments,,,,28514240,S, ,2S,33534877,0,1,19922
2020/05/05,17:01:48,C,02,YO11 2QG,SCARBOROUGH,,,Ramshill Road,,64,Ramshill Apartments,7,,,,28514240,S, ,2S,33534877,0,1,19922
2020/05/05,17:02:01,B,02,YO11 2QG,SCARBOROUGH,,,Ramshill Road,,64,,8 Ramshill Apartments,,,,28514241,S, ,2T,33534878,0,1,19922
2020/05/05,17:02:01,C,02,YO11 2QG,SCARBOROUGH,,,Ramshill Road,,64,Ramshill Apartments,8,,,,28514241,S, ,2T,33534878,0,1,19922
2020/05/05,17:02:15,B,02,YO11 2QG,SCARBOROUGH,,,Ramshill Road,,64,,9 Ramshill Apartments,,,,28514242,S, ,2U,33534879,0,1,19922
2020/05/05,17:02:15,C,02,YO11 2QG,SCARBOROUGH,,,Ramshill Road,,64,Ramshill Apartments,9,,,,28514242,S, ,2U,33534879,0,1,19922
2020/05/06,11:39:24,D,02,YO42 4PB,YORK,Ellerton,,Main Street,, ,Barn Cottage,,,,,27444957,S, ,1A,19686966,0,1,20290
2020/05/06,11:39:24,I,02,YO42 4PE,YORK,Ellerton,,Back Lane,, ,Barn Cottage,,,,,27444957,S, ,1T,40810364,0,1,20290
2020/05/06,11:47:35,D,02,YO62 6AZ,YORK,Kirkbymoorside,,Church Street,,6,,,,,Moorside Fisheries,27464402,S,Y,1F,29299824,1874724,1,20381
2020/05/06,11:47:35,I,02,YO62 6AZ,YORK,Kirkbymoorside,,Church Street,,6,,,,,,27464402,S, ,1F,40810371,0,1,20381
2020/05/06,12:03:33,I,01,PL12 4FB,SALTASH,St. Stephens,,Churchtown Drive,,3,,,,,,56128010,S, ,1G,40810374,0,1,4475
2020/05/06,13:09:10,I,01,YO19 4AE,YORK,Fulford,,Bishopdale Way,,27,,,,,,55274529,S, ,1R,39844792,0,1,20305
2020/05/06,13:50:14,I,02,YO26 9RE,YORK,Great Ouseburn,,Main Street,, ,The Cottage,,,,,27398327,S, ,2D,40810439,0,1,20321
2020/05/06,14:48:04,B,02,PL13 1DZ,LOOE,,,Barbican Hill,, ,Pentargon,,,,,19044193,S, ,1E,18513829,0,1,4131
2020/05/06,14:48:04,C,02,PL13 1DZ,LOOE,,,Barbican Hill,, ,Pentargan,,,,,19044193,S, ,1E,18513829,0,1,4131
2020/05/07,08:17:03,I,01,PL7 5HN,PLYMOUTH,Wotter,,,, ,The Pulpit,,,,,55385942,S, ,2H,39963639,0,1,7856
2020/05/07,08:43:39,I,01,YO24 3AW,YORK,,,Danesfort Avenue,, ,36a,,,,,56127951,S, ,2H,40810297,0,1,20217
2020/05/07,09:28:28,I,01,YO26 7SB,YORK,Tockwith,,Bunting Drive,,30,,,,,,54870036,S, ,2W,39382990,0,1,20524
2020/05/07,09:35:11,D,03,YO31 6FN,YORK,,,,, ,,,854,,Jewel T,55871871,L, ,1A,2761488,0,1,20217
2020/05/07,09:37:53,D,03,YO1 0LL,YORK,,,,, ,,,772,,,55873198,L, ,1A,2761544,0,1,20217
2020/05/07,10:32:05,I,01,YO8 9TN,SELBY,Thorpe Willoughby,,Sherwood Drive,,50,,,,,,54719912,S, ,5D,40440244,0,1,19998
2020/05/07,10:37:13,I,01,YO1 9SF,YORK,,,Peckitt Street,, ,Esplanade Mews,Far Reach,,,,54877275,S, ,1Z,39391948,0,1,20217
2020/05/07,16:01:29,I,01,YO30 2AS,YORK,Linton On Ouse,,Main Street,, ,Elm Tree House,,,,,55925913,S, ,2L,40578828,0,1,20390
2020/05/09,07:59:36,I,01,YO7 4JL,THIRSK,Pickhill,,The Green,,12,,,,,,55461354,S, ,1W,40043965,0,1,20149
2020/05/11,08:09:22,I,01,YO19 4AW,YORK,Fulford,,Harden Way,,11,,,,,,55275177,S, ,1A,40800198,0,1,20305
2020/05/11,09:15:31,I,02,YO25 8PG,DRIFFIELD,Barmston,,Sands Lane,, ,18a,,,,,56128436,S, ,3T,40810764,0,1,19254
2020/05/11,09:54:35,B,02,YO61 1HP,YORK,Huby,,Tally Hill,, ,Dairylea,,,,,27455891,S, ,1G,28528897,0,1,20365
2020/05/11,09:54:35,C,02,YO61 1HP,YORK,Huby,,Tally Hill,, ,Buckthorn Cottage,,,,,27455891,S, ,1G,28528897,0,1,20365
2020/05/11,10:01:29,D,03,YO31 6DZ,YORK,,,,, ,,,823,,Bugweed's Ltd,54283132,L, ,1A,2699927,0,1,20217
2020/05/11,10:12:54,I,02,PL15 7PU,LAUNCESTON,Polyphant,,,, ,,,,,Trecoombe Stables,56128467,S,Y,1J,28617814,4107169,1,4053
2020/05/11,12:15:42,D,03,YO31 6EX,YORK,,,,, ,,,841,,Bugweed's Fabrics & Crafts Ltd,55169541,L, ,1A,2734015,0,1,20217
2020/05/11,12:27:35,I,02,PL26 7JD,ST. AUSTELL,Sticker,,Glenleigh Park,,59,,,,,,56128595,S, ,4W,40810918,0,1,4601
2020/05/11,13:50:18,I,01,PL14 5FN,LISKEARD,Higher Tremar,,Ash Park Close,,2,,,,,,55577149,S, ,1B,40177394,0,1,4099
2020/05/11,14:01:28,I,02,PL3 4BB,PLYMOUTH,,,Somerset Place,, ,City Business Park,Unit 139,,,4 Me & U Ltd,56128937,S,Y,1B,40811250,4107224,1,7775
2020/05/11,14:58:15,I,01,PL21 0LE,IVYBRIDGE,,,Godwell Lane,, ,Venford House,,,,,55614107,S, ,1X,40223960,0,1,7529
2020/05/11,16:15:39,B,02,YO11 2AW,SCARBOROUGH,,,Esplanade Gardens,,1,1 Miramar Apartments,,,,,27259278,S, ,3P,33515374,0,1,19922
2020/05/11,16:15:39,C,02,YO11 2AW,SCARBOROUGH,,,Esplanade Gardens,,1,Miramar Apartments,1,,,,27259278,S, ,3P,33515374,0,1,19922
2020/05/11,16:15:47,B,02,YO11 2AW,SCARBOROUGH,,,Esplanade Gardens,,1,11 Miramar Apartments,,,,,28499326,S, ,4A,33515592,0,1,19922
2020/05/11,16:15:47,C,02,YO11 2AW,SCARBOROUGH,,,Esplanade Gardens,,1,Miramar Apartments,11,,,,28499326,S, ,4A,33515592,0,1,19922
2020/05/11,16:15:54,B,02,YO11 2AW,SCARBOROUGH,,,Esplanade Gardens,,1,12 Miramar Apartments,,,,,28499327,S, ,4B,33515593,0,1,19922
2020/05/11,16:15:54,C,02,YO11 2AW,SCARBOROUGH,,,Esplanade Gardens,,1,Miramar Apartments,12,,,,28499327,S, ,4B,33515593,0,1,19922
2020/05/11,16:16:00,B,02,YO11 2AW,SCARBOROUGH,,,Esplanade Gardens,,1,13 Miramar Apartments,,,,,28499328,S, ,4D,33515594,0,1,19922
2020/05/11,16:16:00,C,02,YO11 2AW,SCARBOROUGH,,,Esplanade Gardens,,1,Miramar Apartments,13,,,,28499328,S, ,4D,33515594,0,1,19922
2020/05/11,16:16:06,B,02,YO11 2AW,SCARBOROUGH,,,Esplanade Gardens,,1,14 Miramar Apartments,,,,,28499329,S, ,4E,33515595,0,1,19922
2020/05/11,16:16:06,C,02,YO11 2AW,SCARBOROUGH,,,Esplanade Gardens,,1,Miramar Apartments,14,,,,28499329,S, ,4E,33515595,0,1,19922
2020/05/11,16:16:12,B,02,YO11 2AW,SCARBOROUGH,,,Esplanade Gardens,,1,15 Miramar Apartments,,,,,28499330,S, ,4F,33515596,0,1,19922
2020/05/11,16:16:12,C,02,YO11 2AW,SCARBOROUGH,,,Esplanade Gardens,,1,Miramar Apartments,15,,,,28499330,S, ,4F,33515596,0,1,19922
2020/05/11,16:16:17,B,02,YO11 2AW,SCARBOROUGH,,,Esplanade Gardens,,1,16 Miramar Apartments,,,,,28499331,S, ,4G,33515597,0,1,19922
2020/05/11,16:16:17,C,02,YO11 2AW,SCARBOROUGH,,,Esplanade Gardens,,1,Miramar Apartments,16,,,,28499331,S, ,4G,33515597,0,1,19922
2020/05/11,16:16:22,B,02,YO11 2AW,SCARBOROUGH,,,Esplanade Gardens,,1,17 Miramar Apartments,,,,,28499332,S, ,4H,33515598,0,1,19922
2020/05/11,16:16:22,C,02,YO11 2AW,SCARBOROUGH,,,Esplanade Gardens,,1,Miramar Apartments,17,,,,28499332,S, ,4H,33515598,0,1,19922
2020/05/11,16:16:28,B,02,YO11 2AW,SCARBOROUGH,,,Esplanade Gardens,,1,18 Miramar Apartments,,,,,28499333,S, ,4J,33515599,0,1,19922
2020/05/11,16:16:28,C,02,YO11 2AW,SCARBOROUGH,,,Esplanade Gardens,,1,Miramar Apartments,18,,,,28499333,S, ,4J,33515599,0,1,19922
2020/05/11,16:16:33,B,02,YO11 2AW,SCARBOROUGH,,,Esplanade Gardens,,1,19 Miramar Apartments,,,,,28499334,S, ,4L,33515600,0,1,19922
2020/05/11,16:16:33,C,02,YO11 2AW,SCARBOROUGH,,,Esplanade Gardens,,1,Miramar Apartments,19,,,,28499334,S, ,4L,33515600,0,1,19922
2020/05/11,16:16:38,B,02,YO11 2AW,SCARBOROUGH,,,Esplanade Gardens,,1,2 Miramar Apartments,,,,,28499317,S, ,3Q,33515583,0,1,19922
2020/05/11,16:16:38,C,02,YO11 2AW,SCARBOROUGH,,,Esplanade Gardens,,1,Miramar Apartments,2,,,,28499317,S, ,3Q,33515583,0,1,19922
2020/05/11,16:16:44,B,02,YO11 2AW,SCARBOROUGH,,,Esplanade Gardens,,1,20 Miramar Apartments,,,,,28499335,S, ,4N,33515601,0,1,19922
2020/05/11,16:16:44,C,02,YO11 2AW,SCARBOROUGH,,,Esplanade Gardens,,1,Miramar Apartments,20,,,,28499335,S, ,4N,33515601,0,1,19922
2020/05/11,16:16:51,B,02,YO11 2AW,SCARBOROUGH,,,Esplanade Gardens,,1,3 Miramar Apartments,,,,,28499318,S, ,3R,33515584,0,1,19922
2020/05/11,16:16:51,C,02,YO11 2AW,SCARBOROUGH,,,Esplanade Gardens,,1,Miramar Apartments,3,,,,28499318,S, ,3R,33515584,0,1,19922
2020/05/11,16:16:56,B,02,YO11 2AW,SCARBOROUGH,,,Esplanade Gardens,,1,4 Miramar Apartments,,,,,28499319,S, ,3S,33515585,0,1,19922
2020/05/11,16:16:56,C,02,YO11 2AW,SCARBOROUGH,,,Esplanade Gardens,,1,Miramar Apartments,4,,,,28499319,S, ,3S,33515585,0,1,19922
2020/05/11,16:17:02,B,02,YO11 2AW,SCARBOROUGH,,,Esplanade Gardens,,1,5 Miramar Apartments,,,,,28499320,S, ,3T,33515586,0,1,19922
2020/05/11,16:17:02,C,02,YO11 2AW,SCARBOROUGH,,,Esplanade Gardens,,1,Miramar Apartments,5,,,,28499320,S, ,3T,33515586,0,1,19922
2020/05/11,16:17:07,B,02,YO11 2AW,SCARBOROUGH,,,Esplanade Gardens,,1,6 Miramar Apartments,,,,,28499321,S, ,3U,33515587,0,1,19922
2020/05/11,16:17:07,C,02,YO11 2AW,SCARBOROUGH,,,Esplanade Gardens,,1,Miramar Apartments,6,,,,28499321,S, ,3U,33515587,0,1,19922
2020/05/11,16:17:12,B,02,YO11 2AW,SCARBOROUGH,,,Esplanade Gardens,,1,7 Miramar Apartments,,,,,28499322,S, ,3W,33515588,0,1,19922
2020/05/11,16:17:12,C,02,YO11 2AW,SCARBOROUGH,,,Esplanade Gardens,,1,Miramar Apartments,7,,,,28499322,S, ,3W,33515588,0,1,19922
2020/05/11,16:17:18,B,02,YO11 2AW,SCARBOROUGH,,,Esplanade Gardens,,1,8 Miramar Apartments,,,,,28499323,S, ,3X,33515589,0,1,19922
2020/05/11,16:17:18,C,02,YO11 2AW,SCARBOROUGH,,,Esplanade Gardens,,1,Miramar Apartments,8,,,,28499323,S, ,3X,33515589,0,1,19922
2020/05/11,16:17:23,B,02,YO11 2AW,SCARBOROUGH,,,Esplanade Gardens,,1,9 Miramar Apartments,,,,,28499324,S, ,3Y,33515590,0,1,19922
2020/05/11,16:17:23,C,02,YO11 2AW,SCARBOROUGH,,,Esplanade Gardens,,1,Miramar Apartments,9,,,,28499324,S, ,3Y,33515590,0,1,19922
2020/05/11,16:20:36,I,02,PL14 5NF,LISKEARD,Pensilva,,Princess Road,, ,,,,,St. Johns Church,56129127,S,Y,2U,40811432,4107239,1,4110
2020/05/11,16:34:19,B,02,PL1 3PE,PLYMOUTH,,,Stonehouse Street,,32,,,,,R B Windows,51797829,S,Y,2E,35669893,3247939,1,7775
2020/05/11,16:34:19,C,02,PL1 3PE,PLYMOUTH,,,Stonehouse Street,,32,,,,,One Point Hire & Sales Ltd,51797829,S,Y,2E,35669893,3247939,1,7775
2020/05/11,16:57:16,I,02,PL22 0QB,LOSTWITHIEL,Lerryn,,,, ,,,,,Lerryn Memorial Hall,56129247,S,Y,2Q,40811552,4107244,1,4163
2020/05/12,08:26:20,I,01,YO51 9FX,YORK,Boroughbridge,,Willow Grove,,5,,,,,,55180222,S, ,1D,39730785,0,1,20249
2020/05/12,09:04:22,B,02,YO21 1QB,WHITBY,,,Airy Hill,, ,Airy Hill Manor,,,,,27339186,S, ,1A,20838631,0,1,20166
2020/05/12,09:04:22,C,02,YO21 1QB,WHITBY,,,Waterstead Lane,, ,Airy Hill Manor,,,,,27339186,S, ,1A,20838631,0,1,20166
2020/05/12,09:04:22,B,02,YO21 1QB,WHITBY,,,Airy Hill,, ,Airy Hill Manor,The Lodge,,,,27339188,S, ,1B,25859427,0,1,20166
2020/05/12,09:04:22,C,02,YO21 1QB,WHITBY,,,Waterstead Lane,, ,Airy Hill Manor,The Lodge,,,,27339188,S, ,1B,25859427,0,1,20166
2020/05/12,09:04:22,B,02,YO21 1QB,WHITBY,,,Airy Hill,, ,Airy Hill Manor,The Coach House,,,,27339187,S, ,1D,30341410,0,1,20166
2020/05/12,09:04:22,C,02,YO21 1QB,WHITBY,,,Waterstead Lane,, ,Airy Hill Manor,The Coach House,,,,27339187,S, ,1D,30341410,0,1,20166
2020/05/12,09:04:22,B,02,YO21 1QB,WHITBY,,,Airy Hill,, ,Airy Hill Manor,The Walled Garden House,,,,27339189,S, ,1E,30981820,0,1,20166
2020/05/12,09:04:22,C,02,YO21 1QB,WHITBY,,,Waterstead Lane,, ,Airy Hill Manor,The Walled Garden House,,,,27339189,S, ,1E,30981820,0,1,20166
2020/05/12,09:04:22,B,02,YO21 1QB,WHITBY,,,Airy Hill,, ,Airy Hill Manor,Flat 6,,,,56104368,S, ,1H,40785702,0,1,20166
2020/05/12,09:04:22,C,02,YO21 1QB,WHITBY,,,Waterstead Lane,, ,Airy Hill Manor,Flat 6,,,,56104368,S, ,1H,40785702,0,1,20166
2020/05/12,09:08:05,B,02,YO21 1QB,WHITBY,,,Waterstead Lane,, ,Airy Hill Manor,,,,,27339186,S, ,1A,20838631,0,1,20166
2020/05/12,09:08:05,C,02,YO21 1QB,WHITBY,,,Waterstead Lane,, ,Airy Hill Manor,,,,,27339186,S, ,1A,20838631,0,4,20166
2020/05/12,10:24:05,B,02,YO17 9HX,MALTON,Norton,,Commercial Street,,3,,,,,The Mayne Bookmaker,27324842,S,Y,1H,25877153,560855,1,19691
2020/05/12,10:24:05,C,02,YO17 9HX,MALTON,Norton,,Commercial Street,,3,,,,,The Malton & Norton Heritage Centre,27324842,S,Y,1H,25877153,560855,1,19691
2020/05/12,14:06:42,I,02,PL29 3SB,PORT ISAAC,,,New Road,, ,The Old Coastguard Lookout,,,,,56129690,S, ,2L,40812007,0,1,4328
2020/05/12,14:16:18,B,02,PL4 8SQ,PLYMOUTH,,,Lipson Avenue,,9,,,,,,18958454,S, ,2J,11829478,0,1,7775
2020/05/12,14:16:18,C,02,PL4 8SQ,PLYMOUTH,,,Lipson Avenue,,9,,,,,,18958454,S, ,2J,11829478,0,2,7775
2020/05/12,14:19:27,I,02,PL17 7DF,CALLINGTON,,,Zaggy Lane,, ,The Poundyard,,,,,56129709,S, ,1Y,40812023,0,1,3763
2020/05/12,16:11:33,I,02,YO12 5AW,SCARBOROUGH,,,Falsgrave Road,, ,Glayton Court,Unit 4,,,Nexus,56129870,S,Y,1U,40812165,4107316,1,19922
2020/05/12,17:02:52,I,02,YO26 6LB,YORK,Nether Poppleton,,Church Lane,,38,,,,,,56129894,S, ,2J,40812187,0,1,20421
2020/05/13,08:54:30,D,03,YO31 6DH,YORK,,,,, ,,,810,,Rebecca Newman Fanclub & Merchandise,53095471,L, ,1A,2657672,0,1,20217
2020/05/13,09:03:55,I,01,YO25 8SR,DRIFFIELD,Skipsea,,Cleeton Lane,, ,Lake Cottage,,,,,55646615,S, ,2A,40263077,0,1,19307
2020/05/13,09:09:23,I,01,PL9 7GH,PLYMOUTH,,,Afflington Road,,18,,,,,,55348625,S, ,2L,39924152,0,1,7775
2020/05/13,09:23:17,I,01,YO19 4AE,YORK,Fulford,,Bishopdale Way,,25,,,,,,55274528,S, ,1Q,39844791,0,1,20305
2020/05/13,10:18:18,I,01,PL16 0DG,LIFTON,,,,, ,Threshings,,,,,55178458,S, ,1J,40210044,0,1,7622
2020/05/13,12:37:50,I,02,YO8 4DS,SELBY,,,Finkle Street,,16,,,,,S S8,56130629,S,Y,1Y,39190338,4107376,1,19962
2020/05/13,12:38:19,B,02,YO8 4DS,SELBY,,,Finkle Street,,16,,,,,S S8,56130629,S,Y,1Y,39190338,4107376,1,19962
2020/05/13,12:38:19,C,02,YO8 4DS,SELBY,,,Finkle Street,,16,,,,,S S8 Ltd,56130629,S,Y,1Y,39190338,4107376,1,19962
2020/05/13,13:43:34,I,01,PL31 2TD,BODMIN,,,Fairing Close,,4,,,,,,54923513,S, ,1E,39442539,0,1,3650
2020/05/13,14:25:30,I,02,YO24 1AB,YORK,,,Station Road,York Railway Station, ,,,,,York Tap,56130774,S,Y,1B,35412324,4107381,1,20217
2020/05/13,16:41:41,I,02,YO19 4TA,YORK,Fulford,,St. Nicholas Avenue,McArthur Glen Designer Outlet Village, ,Designer Outlet,,,,Superdry,56131048,S,Y,2S,40813346,4107403,1,20305
2020/05/13,16:46:00,B,02,PL14 3PF,LISKEARD,Trethawle,,,, ,Old Farmhouse,,,,,52047115,S, ,1J,35972709,0,1,4126
2020/05/13,16:46:00,C,02,PL14 3PF,LISKEARD,Trethawle,,,, ,Great Trethawle,,,,,52047115,S, ,1J,35972709,0,1,4126
2020/05/14,08:06:10,D,02,PL8 1DZ,PLYMOUTH,Noss Mayo,,Stoke Road,, ,Tanglewood,,,,,19012648,S, ,1R,26291382,0,1,7829
2020/05/14,08:06:10,I,02,PL8 1EA,PLYMOUTH,Noss Mayo,,Revelstoke Road,, ,Tanglewood,,,,,19012648,S, ,2D,40813388,0,1,7829
2020/05/14,09:59:01,B,02,PL27 6SX,WADEBRIDGE,Polzeath,,,, ,1 The Martins,,,,,19128464,S, ,2F,26267713,0,1,4773
2020/05/14,09:59:01,C,02,PL27 6SX,WADEBRIDGE,Polzeath,,,, ,Lalapanzi,,,,,19128464,S, ,2F,26267713,0,1,4773
2020/05/14,11:14:27,B,02,YO62 6AY,YORK,Kirkbymoorside,,Crown Square,,12,,,,,Busy Lizzie Florists,27464387,S,Y,1E,36186746,3362674,1,20381
2020/05/14,11:14:27,C,02,YO62 6AY,YORK,Kirkbymoorside,,Crown Square,,12,,,,,Butter Cross Coffee Shop,27464387,S,Y,1E,36186746,3362674,1,20381
2020/05/14,11:15:16,D,02,YO62 6AY,YORK,Kirkbymoorside,,Crown Square,, ,The Shambles,,,,,27464383,S, ,2B,39264056,0,1,20381
2020/05/14,11:15:16,I,02,YO62 6AY,YORK,Kirkbymoorside,,Crown Square,, ,The Shambles,,,,Charlotte Elizabeth Make Up & Nails,27464383,S,Y,2B,40813734,4107432,1,20381
2020/05/14,11:15:34,D,02,YO62 6DA,YORK,Kirkbymoorside,,Market Place,,12,,,,,,27464650,S, ,1A,38040129,0,1,20381
2020/05/14,11:15:34,I,02,YO62 6DA,YORK,Kirkbymoorside,,Market Place,,12,,,,,Corner Cafe,27464650,S,Y,1A,40813735,4107433,1,20381
2020/05/14,11:17:52,D,02,YO62 6DB,YORK,Kirkbymoorside,,Market Place,,6,,,,,Body Basics,27464656,S,Y,1D,29036106,1795868,1,20381
2020/05/14,11:17:52,I,02,YO62 6DB,YORK,Kirkbymoorside,,Market Place,,6,,,,,,27464656,S, ,1D,40813737,0,2,20381
2020/05/14,11:18:21,B,02,YO62 6DB,YORK,Kirkbymoorside,,Market Place,,2,,,,,Rowan Solutions Ltd,52247452,S,Y,1N,39424555,3936216,1,20381
2020/05/14,11:18:21,C,02,YO62 6DB,YORK,Kirkbymoorside,,Market Place,,2,,,,,Clocks N Moor,52247452,S,Y,1N,39424555,3936216,1,20381
2020/05/14,11:19:17,B,02,YO62 6AF,YORK,Kirkbymoorside,,West End,,4,,,,,Beccis Blooms,27464233,S,Y,1U,36186841,3362696,1,20381
2020/05/14,11:19:17,C,02,YO62 6AF,YORK,Kirkbymoorside,,West End,,4,,,,,Bella Bambino,27464233,S,Y,1U,36186841,3362696,1,20381
2020/05/14,12:55:53,I,02,PL7 5ET,PLYMOUTH,Plympton,Langage Business Park,Eastern Wood Road,, ,,,,,Langage Power Generation Plant,56131877,S,Y,2N,25150580,4107468,1,39369
2020/05/14,13:02:31,I,02,PL14 3PF,LISKEARD,Trethawle,,,, ,Trethawle Farm,Unit 1,,,,56131885,S, ,1R,40814060,0,1,4126
2020/05/14,13:02:41,I,02,PL14 3PF,LISKEARD,Trethawle,,,, ,Trethawle Farm,Unit 2,,,,56131886,S, ,1S,40814061,0,1,4126
2020/05/14,13:02:52,I,02,PL14 3PF,LISKEARD,Trethawle,,,, ,Trethawle Farm,Unit 3,,,,56131887,S, ,1T,40814062,0,1,4126
2020/05/14,13:24:35,B,02,YO21 1QB,WHITBY,,,Waterstead Lane,, ,Airy Hill Manor,,,,,27339186,S, ,1A,20838631,0,4,20166
2020/05/14,13:24:35,C,02,YO21 1QB,WHITBY,,,Waterstead Lane,, ,Airy Hill Manor,,,,,27339186,S, ,1A,20838631,0,5,20166
2020/05/14,13:32:00,B,02,PL30 5DR,BODMIN,Luxulyan,,,, ,Bodiggo Farm House Annex,,,,,54914933,S, ,2Q,39433302,0,1,3675
2020/05/14,13:32:00,C,02,PL30 5DR,BODMIN,Luxulyan,,,, ,Bodiggo Farm House,Annexe,,,,54914933,S, ,2Q,39433302,0,1,3675
2020/05/14,13:45:48,B,02,YO23 7DA,YORK,Appleton Roebuck,,Main Street,, ,Appledale House,Annex,,,,52845420,S, ,1S,36942806,0,1,20229
2020/05/14,13:45:48,C,02,YO23 7DA,YORK,Appleton Roebuck,,Main Street,, ,Appledale House,Annexe,,,,52845420,S, ,1S,36942806,0,1,20229
2020/05/14,13:46:41,B,02,YO62 5EF,YORK,Sproxton,,,, ,Courtyard Middle Farm,The Annex,,,,54213996,S, ,3F,38587308,0,1,20495
2020/05/14,13:46:41,C,02,YO62 5EF,YORK,Sproxton,,,, ,Courtyard Middle Farm,Annexe,,,,54213996,S, ,3F,38587308,0,1,20495
2020/05/14,13:47:09,B,02,YO62 6TJ,YORK,Lastingham,,Low Street,, ,Lastingham Lodge,Annex,,,,50912045,S, ,2H,34632448,0,1,20387
2020/05/14,13:47:09,C,02,YO62 6TJ,YORK,Lastingham,,Low Street,, ,Lastingham Lodge,Annexe,,,,50912045,S, ,2H,34632448,0,1,20387
2020/05/14,14:08:56,I,01,YO11 1AL,SCARBOROUGH,,,Longwestgate,, ,Auborough House,Flat 2,,,,55816391,S, ,1E,40649800,0,1,19922
2020/05/14,14:11:00,I,01,YO13 9GY,SCARBOROUGH,West Ayton,,Fenton Drive,,42,,,,,,54969499,S, ,4F,40380425,0,1,19959
2020/05/14,15:25:43,I,01,PL7 1RF,PLYMOUTH,,,Valley Road,,51,Plymouth Power Generation Plant,,,,,55788169,S, ,7Y,40428796,0,1,7775
2020/05/14,15:26:11,D,02,PL7 1RF,PLYMOUTH,,,Valley Road,,51,Plymouth Power Generation Plant,,,,,55788169,S, ,7Y,40428796,0,1,7775
2020/05/14,15:26:11,I,02,PL7 1RF,PLYMOUTH,,,Valley Road,,51,,,,,Plymouth Power Generation Plant,55788169,S,Y,7Y,40814225,4107515,1,7775
2020/05/14,15:51:52,I,01,PL29 3RL,PORT ISAAC,,,Rose Hill,, ,8a,,,,,55967492,S, ,1Y,40622702,0,1,4328
2020/05/14,16:41:40,I,02,PL6 5DH,PLYMOUTH,,,Tailyour Road,, ,Site Office,,,,Midas,56132053,S,Y,1H,40814301,4107521,1,7775
2020/05/15,08:19:07,I,01,PL25 5BZ,ST. AUSTELL,,,Trewhiddle Road,,8,,,,,,55733509,S, ,1T,40367192,0,1,4511
2020/05/15,08:19:54,D,03,PL33 9ZX,DELABOLE,,,,, ,,,3,,S & D Roberts,28085721,L, ,1A,2461208,0,1,3904
2020/05/15,10:01:19,I,01,YO1 0LX,YORK,,,,, ,,,781,,Festival Of Quilts Ltd,56132312,L, ,1A,2771250,0,1,20217
2020/05/15,10:31:04,D,03,YO1 0JE,YORK,,,,, ,,,744,,Sadlers,55171300,L, ,1A,2734064,0,1,20217
2020/05/15,10:36:30,I,01,YO25 6TS,DRIFFIELD,,,Mill Street,, ,10a,,,,,27672210,S, ,1S,32550768,0,1,19250
2020/05/15,10:36:30,I,01,YO25 6TS,DRIFFIELD,,,Mill Street,, ,11a,,,,,27672211,S, ,1T,32550769,0,1,19250
2020/05/15,10:36:30,I,01,YO25 6TS,DRIFFIELD,,,Mill Street,, ,12a,,,,,27672212,S, ,1U,32550770,0,1,19250
2020/05/15,10:36:30,I,01,YO25 6TS,DRIFFIELD,,,Mill Street,, ,7a,,,,,27672203,S, ,1P,32550761,0,1,19250
2020/05/15,10:36:30,I,01,YO25 6TS,DRIFFIELD,,,Mill Street,, ,8a,,,,,27672207,S, ,1Q,32550765,0,1,19250
2020/05/15,10:36:30,I,01,YO25 6TS,DRIFFIELD,,,Mill Street,, ,9a,,,,,27672209,S, ,1R,32550767,0,1,19250
2020/05/15,10:36:30,I,01,YO25 6TS,DRIFFIELD,,,Mill Street,,8,,,,,,27672213,S, ,1W,32550773,0,1,19250
2020/05/15,10:36:30,I,01,YO25 6TS,DRIFFIELD,,,Mill Street,,9,,,,,,27672214,S, ,1X,32550774,0,1,19250
2020/05/15,10:36:30,I,01,YO25 6TS,DRIFFIELD,,,Mill Street,,10,,,,,,27672215,S, ,1Y,32550775,0,1,19250
2020/05/15,10:36:30,I,01,YO25 6TS,DRIFFIELD,,,Mill Street,,11,,,,,,27672216,S, ,1Z,32550776,0,1,19250
2020/05/15,10:36:30,I,01,YO25 6TS,DRIFFIELD,,,Mill Street,,12,,,,,,27672217,S, ,2A,32550777,0,1,19250
2020/05/15,12:33:40,I,01,PL2 2JJ,PLYMOUTH,,,Wordsworth Crescent,,3,,,,,,54602665,S, ,5L,40083813,0,1,7775
2020/05/15,12:36:30,I,01,YO17 6AH,MALTON,,,Cherry Farm Close,,9,Malton Enterprise Park,Unit 1,,,,56132676,S, ,1A,40814967,0,1,19652
2020/05/15,12:36:30,I,01,YO17 6AH,MALTON,,,Cherry Farm Close,,9,Malton Enterprise Park,Unit 10,,,,56132685,S, ,1N,40814976,0,1,19652
2020/05/15,12:36:30,I,01,YO17 6AH,MALTON,,,Cherry Farm Close,,9,Malton Enterprise Park,Unit 2,,,,56132677,S, ,1B,40814968,0,1,19652
2020/05/15,12:36:30,I,01,YO17 6AH,MALTON,,,Cherry Farm Close,,9,Malton Enterprise Park,Unit 3,,,,56132678,S, ,1D,40814969,0,1,19652
2020/05/15,12:36:30,I,01,YO17 6AH,MALTON,,,Cherry Farm Close,,9,Malton Enterprise Park,Unit 4,,,,56132679,S, ,1E,40814970,0,1,19652
2020/05/15,12:36:30,I,01,YO17 6AH,MALTON,,,Cherry Farm Close,,9,Malton Enterprise Park,Unit 5,,,,56132680,S, ,1F,40814971,0,1,19652
2020/05/15,12:36:30,I,01,YO17 6AH,MALTON,,,Cherry Farm Close,,9,Malton Enterprise Park,Unit 6,,,,56132681,S, ,1G,40814972,0,1,19652
2020/05/15,12:36:30,I,01,YO17 6AH,MALTON,,,Cherry Farm Close,,9,Malton Enterprise Park,Unit 7,,,,56132682,S, ,1H,40814973,0,1,19652
2020/05/15,12:36:30,I,01,YO17 6AH,MALTON,,,Cherry Farm Close,,9,Malton Enterprise Park,Unit 8,,,,56132683,S, ,1J,40814974,0,1,19652
2020/05/15,12:36:30,I,01,YO17 6AH,MALTON,,,Cherry Farm Close,,9,Malton Enterprise Park,Unit 9,,,,56132684,S, ,1L,40814975,0,1,19652
2020/05/15,12:37:24,B,02,YO17 6AH,MALTON,,,Cherry Farm Close,,9,Malton Enterprise Park,Unit 2,,,,56132677,S, ,1B,40814968,0,1,19652
2020/05/15,12:37:24,C,02,YO17 6AH,MALTON,,,Cherry Farm Close,, ,Malton Enterprise Park,Unit 2,,,,56132677,S, ,1B,40814968,0,1,19652
2020/05/15,13:25:40,I,01,PL27 6PX,WADEBRIDGE,St. Minver,,,, ,Higher Trewiston,,,,,56133157,S, ,1E,40815446,0,1,4788
2020/05/15,15:16:21,D,03,PL27 9DF,WADEBRIDGE,,,,, ,,,74,,Caroline Walker Ltd,55668393,L, ,1A,2753164,0,1,4761
2020/05/15,16:03:45,B,02,YO21 2DR,WHITBY,Castleton,,,, ,Dibble Bridge Bungalow,,,,,27340682,S, ,1A,20838807,0,1,20172
2020/05/15,16:03:45,C,02,YO21 2DR,WHITBY,Castleton,,,, ,Farm Cottage,,,,,27340682,S, ,1A,20838807,0,1,20172
2020/05/15,16:10:13,B,02,YO21 2DR,WHITBY,Castleton,,,, ,Farm Cottage,,,,,27340682,S, ,1A,20838807,0,1,20172
2020/05/15,16:10:13,C,02,YO21 2DR,WHITBY,Castleton,,,, ,Dibble Bridge Bungalow,,,,,27340682,S, ,1A,20838807,0,1,20172
2020/05/15,19:19:30,D,02,YO42 2ZL,YORK,Pocklington,,Barrett Close,,1,,,,,,55919217,S, ,1A,40572386,0,1,20451
